# File exported by Unity3D version 5.6.7f1
v 0.23837340 4.43275000 -2.78565300
v 1.16513400 4.38542800 -4.65066400
v 1.66384100 4.11669500 -7.47979200
v 1.67605200 3.78314600 -7.47979200
v 0.23837340 4.43275000 -7.47979400
v 1.70847500 1.87411000 -7.47979400
v 0.52536500 4.42040300 -7.47979400
v 0.80777610 4.40487600 -12.58505000
v 1.30323600 4.37242900 -12.58512000
v 1.45840600 4.32219300 -12.58619000
v 1.52565900 4.28775000 -12.58643000
v 1.52565900 4.28775000 -2.78702800
v 1.70847500 1.87411000 -2.78565300
v 0.23837340 4.43275000 -4.65066500
v 1.16513400 4.38542800 -7.47979200
v 1.45840600 4.32219300 -7.48092900
v 1.52565900 4.28775000 -7.48116900
v 1.62735600 4.19245400 -12.58511000
v 1.66384100 4.11669500 -12.58505000
v 1.40142800 0.18218440 -12.58505000
v 1.70847500 1.87411000 -12.58505000
v 1.67605200 3.78314600 -12.58505000
v 0.23837340 4.43275000 -12.58505000
v 0.23837340 4.43275000 -0.91273880
v 1.70847500 1.87411000 -0.91273880
v 1.52565900 4.28775000 -0.91411400
v 0.80777610 4.40487600 -0.91273880
v 1.45840600 4.32219300 -0.91387410
v 1.67605200 3.78314600 -0.91273810
v 1.66384100 4.11669500 -0.91273780
v 1.62735600 4.19245400 -0.91279030
v 1.30323600 4.37242900 -0.91280410
v 1.70730000 2.29058800 -0.91273880
v 1.70007800 2.99344400 -0.91273880
v 1.68216500 3.64570100 -0.91273830
v 1.58418200 4.24153000 -0.91297240
v 1.38112300 4.35178400 -0.91315650
v 1.16513400 4.38542800 -0.91273780
v 0.52536500 4.42040300 -0.91273880
v 1.70847500 0.74455070 -0.91273880
v 1.70705400 0.65851620 -0.91273880
v 1.66936000 0.57558990 -0.91273880
v 1.40142800 0.18218440 -0.91273880
v 1.45840600 4.32219300 -2.78678800
v 1.67605200 3.78314600 -2.78565200
v 1.66384100 4.11669500 -2.78565200
v 1.62735600 4.19245400 -2.78570500
v 1.30323600 4.37242900 -2.78571800
v 0.80777610 4.40487600 -2.78565300
v 1.70730000 2.29058800 -2.78565300
v 1.70007800 2.99344400 -2.78565300
v 1.68216500 3.64570100 -2.78565300
v 1.58418200 4.24153000 -2.78588700
v 1.38112300 4.35178400 -2.78607100
v 1.16513400 4.38542800 -2.78565200
v 0.52536500 4.42040300 -2.78565300
v 1.70847500 0.74455070 -2.78565300
v 1.70705400 0.65851620 -2.78565300
v 1.66936000 0.57558990 -2.78565300
v 1.40142800 0.18218440 -2.78565300
v 1.52565900 4.28775000 -4.65204000
v 1.70847500 1.87411000 -4.65066500
v 1.45840600 4.32219300 -4.65180000
v 1.67605200 3.78314600 -4.65066400
v 1.66384100 4.11669500 -4.65066400
v 1.62735600 4.19245400 -4.65071600
v 1.30323600 4.37242900 -4.65073000
v 0.80777610 4.40487600 -4.65066500
v 1.70730000 2.29058800 -4.65066500
v 1.70007800 2.99344400 -4.65066400
v 1.68216500 3.64570100 -4.65066400
v 1.58418200 4.24153000 -4.65089800
v 1.38112300 4.35178400 -4.65108300
v 0.52536500 4.42040300 -4.65066500
v 1.70847500 0.74455070 -4.65066500
v 1.70705400 0.65851620 -4.65066500
v 1.66936000 0.57558990 -4.65066500
v 1.40142800 0.18218440 -4.65066500
v 1.16513400 4.38542800 -5.57526600
v 0.23837340 4.43275000 -5.57526800
v 0.80777610 4.40487600 -5.57526800
v 1.52565900 4.28775000 -5.57664300
v 1.70847500 1.87411000 -5.57526800
v 1.45840600 4.32219300 -5.57640400
v 1.67605200 3.78314600 -5.57526600
v 1.66384100 4.11669500 -5.57526600
v 1.62735600 4.19245400 -5.57531900
v 1.30323600 4.37242900 -5.57533400
v 1.70730000 2.29058800 -5.57526800
v 1.70007800 2.99344400 -5.57526800
v 1.68216500 3.64570100 -5.57526800
v 1.58418200 4.24153000 -5.57550100
v 1.38112300 4.35178400 -5.57568600
v 0.52536500 4.42040300 -5.57526800
v 1.70847500 0.74455070 -5.57526800
v 1.70705400 0.65851620 -5.57526800
v 1.66936000 0.57558990 -5.57526800
v 1.40142800 0.18218440 -5.57526800
v 0.52536500 4.42040300 -6.95822200
v 0.80777610 4.40487600 -6.95822200
v 1.52565900 4.28775000 -6.95959700
v 1.70847500 1.87411000 -6.95822200
v 0.23837340 4.43275000 -6.95822200
v 1.45840600 4.32219300 -6.95935800
v 1.16513400 4.38542800 -6.95822000
v 1.67605200 3.78314600 -6.95822000
v 1.66384100 4.11669500 -6.95822000
v 1.62735600 4.19245400 -6.95827300
v 1.30323600 4.37242900 -6.95828800
v 1.70730000 2.29058800 -6.95822200
v 1.70007800 2.99344400 -6.95822200
v 1.68216500 3.64570100 -6.95822200
v 1.58418200 4.24153000 -6.95845600
v 1.38112300 4.35178400 -6.95863900
v 1.70847500 0.74455070 -6.95822200
v 1.70705400 0.65851620 -6.95822200
v 1.66936000 0.57558990 -6.95822200
v 1.40142800 0.18218440 -6.95822200
v 1.62735600 4.19245400 -7.47984500
v 1.30323600 4.37242900 -7.47985900
v 1.70730000 2.29058800 -7.47979400
v 1.70007800 2.99344400 -7.47979400
v 1.68216500 3.64570100 -7.47979400
v 1.58418200 4.24153000 -7.48002700
v 1.38112300 4.35178400 -7.48021100
v 0.80777610 4.40487600 -7.47979400
v 1.70847500 0.74455070 -7.47979400
v 1.40142800 0.18218440 -11.15121000
v 1.70705400 0.65851620 -7.27835000
v 1.66936000 0.57558990 -7.17217000
v 1.70705400 0.65851620 -10.83108000
v 1.66936000 0.57558990 -10.93726000
v 1.66384100 4.11669500 -10.62963000
v 1.67605200 3.78314600 -10.62963000
v 1.70847500 1.87411000 -10.62964000
v 0.23837340 4.43275000 -10.62964000
v 1.45840600 4.32219300 -10.63077000
v 1.52565900 4.28775000 -10.63101000
v 0.80777610 4.40487600 -10.62964000
v 1.62735600 4.19245400 -10.62969000
v 1.30323600 4.37242900 -10.62970000
v 1.70730000 2.29058800 -10.62964000
v 1.70007800 2.99344400 -10.62964000
v 1.68216500 3.64570100 -10.62964000
v 1.58418200 4.24153000 -10.62987000
v 1.38112300 4.35178400 -10.63005000
v 1.16513400 4.38542800 -10.62963000
v 0.52536500 4.42040300 -10.62964000
v 1.66384100 4.11669500 -11.15121000
v 1.67605200 3.78314600 -11.15121000
v 1.70847500 1.87411000 -11.15121000
v 0.23837340 4.43275000 -11.15121000
v 0.52536500 4.42040300 -11.15121000
v 1.16513400 4.38542800 -11.15121000
v 1.45840600 4.32219300 -11.15234000
v 1.52565900 4.28775000 -11.15258000
v 1.62735600 4.19245400 -11.15126000
v 1.30323600 4.37242900 -11.15127000
v 0.80777610 4.40487600 -11.15121000
v 1.70730000 2.29058800 -11.15121000
v 1.70007800 2.99344400 -11.15121000
v 1.68216500 3.64570100 -11.15121000
v 1.58418200 4.24153000 -11.15144000
v 1.38112300 4.35178400 -11.15163000
v 1.70847500 0.74455070 -11.15121000
v 1.70705400 0.65851620 -11.15121000
v 1.66936000 0.57558990 -11.15121000
v 1.70730000 2.29058800 -12.58505000
v 1.70007800 2.99344400 -12.58505000
v 1.68216500 3.64570100 -12.58505000
v 1.58418200 4.24153000 -12.58529000
v 1.38112300 4.35178400 -12.58547000
v 1.16513400 4.38542800 -12.58505000
v 0.52536500 4.42040300 -12.58505000
v 1.70847500 0.74455070 -12.58505000
v 1.70705400 0.65851620 -12.58505000
v 1.66936000 0.57558990 -12.58505000
v 1.70730000 2.29058800 -8.64263900
v 1.70007800 2.99344400 -8.64263900
v 1.30323600 4.37242900 -8.64270400
v 1.58418200 4.24153000 -8.64287200
v 1.52565900 4.28775000 -8.64401400
v 1.70847500 1.87411000 -8.64263900
v 1.66384100 4.11669500 -8.64263700
v 1.62735600 4.19245400 -8.64269100
v 1.67605200 3.78314600 -8.64263700
v 1.38112300 4.35178400 -8.64305700
v 1.45840600 4.32219300 -8.64377400
v 1.68216500 3.64570100 -8.64263900
v 1.70847500 0.74455070 -8.64263900
v 0.52536500 4.42040300 -8.64263900
v 0.80777610 4.40487600 -8.64263900
v 0.23837340 4.43275000 -8.64263900
v 1.16513400 4.38542800 -8.64263700
v 1.70847500 0.74455070 -12.24973000
v 1.70705400 0.65851620 -12.24973000
v 1.66936000 0.57558990 -12.24973000
v 1.40142800 0.18218440 -12.24973000
v 1.13768400 1.88245200 9.69215700
v 1.21583200 1.87285800 9.66172100
v 0.85529890 0.65851620 -7.27835000
v 0.71390780 0.92457940 -11.03855000
v 0.71390750 0.92457940 -6.99628000
v 1.70847500 0.74455070 -10.62964000
v 0.85529940 0.74455070 -10.62964000
v 0.85529890 0.74455070 -7.47979400
v 0.71390750 0.20362970 -6.99628000
v 0.71390780 0.20362970 -11.03855000
v 0.85387890 0.65851620 -10.83108000
v 1.70847500 1.87411000 -12.78576000
v 1.70730000 2.29058800 -12.78576000
v 1.70007800 2.99344400 -12.78576000
v 1.68216500 3.64570100 -12.78576000
v 1.70847500 0.74455070 -12.78576000
v 1.68305600 1.87411000 -12.78576000
v 1.68188200 2.29058800 -12.78576000
v 1.67466000 2.99344400 -12.78576000
v 1.65674600 3.64570100 -12.78576000
v 1.68305600 0.74455070 -12.78576000
v 1.68305600 1.87411000 -12.58505000
v 1.68188200 2.29058800 -12.58505000
v 1.67466000 2.99344400 -12.58505000
v 1.65674600 3.64570100 -12.58505000
v 1.68305600 0.74455070 -12.58505000
v 0.23837340 4.43275000 2.83308900
v 1.16513400 4.38542800 4.69810000
v 1.66384100 4.11669500 7.52722800
v 1.67605200 3.78314600 7.52722800
v 0.23837340 4.43275000 7.52722900
v 1.70847500 1.87411000 7.52722900
v 0.52536500 4.42040300 7.52722900
v 0.80777610 4.40487600 12.63249000
v 1.30323600 4.37242900 12.63256000
v 1.45840600 4.32219300 12.63363000
v 1.52565900 4.28775000 12.63387000
v 1.52565900 4.28775000 2.83446400
v 1.70847500 1.87411000 2.83308900
v 0.23837340 4.43275000 4.69810100
v 1.16513400 4.38542800 7.52722800
v 1.45840600 4.32219300 7.52836500
v 1.52565900 4.28775000 7.52860500
v 1.62735600 4.19245400 12.63254000
v 1.66384100 4.11669500 12.63249000
v 1.40142800 0.18218440 12.63249000
v 1.70847500 1.87411000 12.63249000
v 1.67605200 3.78314600 12.63249000
v 0.23837340 4.43275000 12.63249000
v 1.70847500 0.74455070 0.96017460
v 1.45840600 4.32219300 2.83422400
v 1.67605200 3.78314600 2.83308800
v 1.66384100 4.11669500 2.83308800
v 1.62735600 4.19245400 2.83314000
v 1.30323600 4.37242900 2.83315400
v 0.80777610 4.40487600 2.83308900
v 1.70730000 2.29058800 2.83308900
v 1.70007800 2.99344400 2.83308900
v 1.68216500 3.64570100 2.83308800
v 1.58418200 4.24153000 2.83332200
v 1.38112300 4.35178400 2.83350600
v 1.16513400 4.38542800 2.83308800
v 0.52536500 4.42040300 2.83308900
v 1.70847500 0.74455070 2.83308900
v 1.70705400 0.65851620 2.83308900
v 1.66936000 0.57558990 2.83308900
v 1.40142800 0.18218440 2.83308900
v 1.52565900 4.28775000 4.69947600
v 1.70847500 1.87411000 4.69810100
v 1.45840600 4.32219300 4.69923600
v 1.67605200 3.78314600 4.69810000
v 1.66384100 4.11669500 4.69810000
v 1.62735600 4.19245400 4.69815200
v 1.30323600 4.37242900 4.69816600
v 0.80777610 4.40487600 4.69810100
v 1.70730000 2.29058800 4.69810100
v 1.70007800 2.99344400 4.69810000
v 1.68216500 3.64570100 4.69810000
v 1.58418200 4.24153000 4.69833400
v 1.38112300 4.35178400 4.69851800
v 0.52536500 4.42040300 4.69810100
v 1.70847500 0.74455070 4.69810100
v 1.70705400 0.65851620 4.69810100
v 1.66936000 0.57558990 4.69810100
v 1.40142800 0.18218440 4.69810100
v 1.16513400 4.38542800 5.62270300
v 0.23837340 4.43275000 5.62270400
v 0.80777610 4.40487600 5.62270400
v 1.52565900 4.28775000 5.62407900
v 1.70847500 1.87411000 5.62270400
v 1.45840600 4.32219300 5.62383900
v 1.67605200 3.78314600 5.62270300
v 1.66384100 4.11669500 5.62270300
v 1.62735600 4.19245400 5.62275500
v 1.30323600 4.37242900 5.62276900
v 1.70730000 2.29058800 5.62270400
v 1.70007800 2.99344400 5.62270400
v 1.68216500 3.64570100 5.62270400
v 1.58418200 4.24153000 5.62293700
v 1.38112300 4.35178400 5.62312100
v 0.52536500 4.42040300 5.62270400
v 1.70847500 0.74455070 5.62270400
v 1.70705400 0.65851620 5.62270400
v 1.66936000 0.57558990 5.62270400
v 1.40142800 0.18218440 5.62270400
v 0.52536500 4.42040300 7.00565800
v 0.80777610 4.40487600 7.00565800
v 1.52565900 4.28775000 7.00703300
v 1.70847500 1.87411000 7.00565800
v 0.23837340 4.43275000 7.00565800
v 1.45840600 4.32219300 7.00679300
v 1.16513400 4.38542800 7.00565700
v 1.67605200 3.78314600 7.00565700
v 1.66384100 4.11669500 7.00565700
v 1.62735600 4.19245400 7.00570900
v 1.30323600 4.37242900 7.00572300
v 1.70730000 2.29058800 7.00565800
v 1.70007800 2.99344400 7.00565800
v 1.68216500 3.64570100 7.00565800
v 1.58418200 4.24153000 7.00589100
v 1.38112300 4.35178400 7.00607500
v 1.70847500 0.74455070 7.00565800
v 1.70705400 0.65851620 7.00565800
v 1.66936000 0.57558990 7.00565800
v 1.62735600 4.19245400 7.52728100
v 1.30323600 4.37242900 7.52729500
v 1.70730000 2.29058800 7.52722900
v 1.70007800 2.99344400 7.52722900
v 1.68216500 3.64570100 7.52722900
v 1.58418200 4.24153000 7.52746200
v 1.38112300 4.35178400 7.52764700
v 0.80777610 4.40487600 7.52722900
v 1.70847500 0.74455070 7.52722900
v 1.40142800 0.18218440 11.19864000
v 1.70705400 0.65851620 7.32578600
v 1.70847500 0.74455070 10.67707000
v 1.66936000 0.57558990 10.98469000
v 1.66384100 4.11669500 10.67707000
v 1.67605200 3.78314600 10.67707000
v 1.70847500 1.87411000 10.67707000
v 0.23837340 4.43275000 10.67707000
v 1.45840600 4.32219300 10.67821000
v 1.52565900 4.28775000 10.67845000
v 0.80777610 4.40487600 10.67707000
v 1.62735600 4.19245400 10.67712000
v 1.30323600 4.37242900 10.67714000
v 1.70730000 2.29058800 10.67707000
v 1.70007800 2.99344400 10.67707000
v 1.68216500 3.64570100 10.67707000
v 1.58418200 4.24153000 10.67730000
v 1.38112300 4.35178400 10.67749000
v 1.16513400 4.38542800 10.67707000
v 0.52536500 4.42040300 10.67707000
v 1.66384100 4.11669500 11.19864000
v 1.67605200 3.78314600 11.19864000
v 1.70847500 1.87411000 11.19864000
v 0.23837340 4.43275000 11.19864000
v 0.52536500 4.42040300 11.19864000
v 1.16513400 4.38542800 11.19864000
v 1.45840600 4.32219300 11.19978000
v 1.52565900 4.28775000 11.20002000
v 1.62735600 4.19245400 11.19870000
v 1.30323600 4.37242900 11.19871000
v 0.80777610 4.40487600 11.19864000
v 1.70730000 2.29058800 11.19864000
v 1.70007800 2.99344400 11.19864000
v 1.68216500 3.64570100 11.19864000
v 1.58418200 4.24153000 11.19888000
v 1.38112300 4.35178400 11.19906000
v 1.70847500 0.74455070 11.19864000
v 1.70705400 0.65851620 11.19864000
v 1.66936000 0.57558990 11.19864000
v 1.70730000 2.29058800 12.63249000
v 1.70007800 2.99344400 12.63249000
v 1.68216500 3.64570100 12.63249000
v 1.58418200 4.24153000 12.63272000
v 1.38112300 4.35178400 12.63291000
v 1.16513400 4.38542800 12.63249000
v 0.52536500 4.42040300 12.63249000
v 1.70847500 0.74455070 12.63249000
v 1.70705400 0.65851620 12.63249000
v 1.66936000 0.57558990 12.63249000
v 1.70730000 2.29058800 8.69007500
v 1.70007800 2.99344400 8.69007500
v 1.30323600 4.37242900 8.69014000
v 1.58418200 4.24153000 8.69030800
v 1.52565900 4.28775000 8.69145000
v 1.70847500 1.87411000 8.69007500
v 1.66384100 4.11669500 8.69007300
v 1.62735600 4.19245400 8.69012600
v 1.67605200 3.78314600 8.69007300
v 1.38112300 4.35178400 8.69049300
v 1.45840600 4.32219300 8.69121000
v 1.68216500 3.64570100 8.69007500
v 1.70847500 0.74455070 8.69007500
v 0.52536500 4.42040300 8.69007500
v 0.80777610 4.40487600 8.69007500
v 0.23837340 4.43275000 8.69007500
v 1.16513400 4.38542800 8.69007300
v 1.70847500 0.74455070 12.29716000
v 1.70705400 0.65851620 12.29716000
v 1.66936000 0.57558990 12.29716000
v 1.40142800 0.18218440 12.29716000
v 1.13768400 1.88245200 -9.64472100
v 1.21583200 1.87285800 -9.61428500
v 1.66936000 0.57558990 7.21960500
v 0.85529890 0.65851620 7.32578600
v 0.71390780 0.92457940 11.08599000
v 0.71390750 0.92457940 7.04371500
v 0.85529940 0.74455070 10.67707000
v 0.85529890 0.74455070 7.52722900
v 0.71390750 0.20362970 7.04371500
v 0.71390780 0.20362970 11.08599000
v 1.40142800 0.18218440 7.00565800
v 1.70705400 0.65851620 10.87851000
v 0.85387890 0.65851620 10.87851000
v 1.70847500 1.87411000 12.83320000
v 1.70730000 2.29058800 12.83320000
v 1.70007800 2.99344400 12.83320000
v 1.68216500 3.64570100 12.83320000
v 1.70847500 0.74455070 12.83320000
v 1.68305600 1.87411000 12.83320000
v 1.68188200 2.29058800 12.83320000
v 1.67466000 2.99344400 12.83320000
v 1.65674600 3.64570100 12.83320000
v 1.68305600 0.74455070 12.83320000
v 1.68305600 1.87411000 12.63249000
v 1.68188200 2.29058800 12.63249000
v 1.67466000 2.99344400 12.63249000
v 1.65674600 3.64570100 12.63249000
v 1.68305600 0.74455070 12.63249000
v 0.23837340 4.43275000 0.96017520
v 1.52565900 4.28775000 0.96155040
v 1.70847500 1.87411000 0.96017520
v 1.52565900 4.28775000 -0.91136400
v 1.45840600 4.32219300 -0.91160370
v 1.62735600 4.19245400 -0.91268770
v 1.30323600 4.37242900 -0.91267380
v 1.58418200 4.24153000 -0.91250540
v 1.38112300 4.35178400 -0.91232140
v 1.45840600 4.32219300 0.96131050
v 1.67605200 3.78314600 0.96017410
v 1.66384100 4.11669500 0.96017410
v 1.62735600 4.19245400 0.96022670
v 1.30323600 4.37242900 0.96024050
v 0.80777610 4.40487600 0.96017520
v 1.70730000 2.29058800 0.96017520
v 1.70007800 2.99344400 0.96017490
v 1.68216500 3.64570100 0.96017470
v 1.58418200 4.24153000 0.96040870
v 1.38112300 4.35178400 0.96059290
v 1.16513400 4.38542800 0.96017410
v 0.52536500 4.42040300 0.96017520
v 1.70705400 0.65851620 0.96017520
v 1.66936000 0.57558990 0.96017520
v 1.40142800 0.18218440 0.96017520
v -0.23837340 4.43275000 -2.78565300
v -1.16513400 4.38542800 -4.65066400
v -1.66384100 4.11669500 -7.47979200
v -1.67605200 3.78314600 -7.47979200
v -0.23837340 4.43275000 -7.47979400
v -1.70847500 1.87411000 -7.47979400
v -0.52536500 4.42040300 -7.47979400
v -0.80777610 4.40487600 -12.58505000
v -1.30323600 4.37242900 -12.58512000
v -1.45840600 4.32219300 -12.58619000
v -1.52565900 4.28775000 -12.58643000
v -1.52565900 4.28775000 -2.78702800
v -1.70847500 1.87411000 -2.78565300
v -0.23837340 4.43275000 -4.65066500
v -1.16513400 4.38542800 -7.47979200
v -1.45840600 4.32219300 -7.48092900
v -1.52565900 4.28775000 -7.48116900
v -1.62735600 4.19245400 -12.58511000
v -1.66384100 4.11669500 -12.58505000
v -1.40142800 0.18218440 -12.58505000
v -1.70847500 1.87411000 -12.58505000
v -1.67605200 3.78314600 -12.58505000
v -0.23837340 4.43275000 -12.58505000
v 0.00000000 0.97159910 12.03864000
v -0.23837340 4.43275000 -0.91273880
v -1.70847500 1.87411000 -0.91273880
v -1.52565900 4.28775000 -0.91411400
v -0.80777610 4.40487600 -0.91273880
v -1.45840600 4.32219300 -0.91387410
v -1.67605200 3.78314600 -0.91273810
v -1.66384100 4.11669500 -0.91273780
v -1.62735600 4.19245400 -0.91279030
v -1.30323600 4.37242900 -0.91280410
v -1.70730000 2.29058800 -0.91273880
v 0.00000000 4.44032100 -0.91273880
v -1.70007800 2.99344400 -0.91273880
v -1.68216500 3.64570100 -0.91273830
v -1.58418200 4.24153000 -0.91297240
v -1.38112300 4.35178400 -0.91315650
v -1.16513400 4.38542800 -0.91273780
v -0.52536500 4.42040300 -0.91273880
v -1.70847500 0.74455070 -0.91273880
v -1.70705400 0.65851620 -0.91273880
v -1.66936000 0.57558990 -0.91273880
v -1.40142800 0.18218440 -0.91273880
v -1.45840600 4.32219300 -2.78678800
v -1.67605200 3.78314600 -2.78565200
v -1.66384100 4.11669500 -2.78565200
v -1.62735600 4.19245400 -2.78570500
v -1.30323600 4.37242900 -2.78571800
v -0.80777610 4.40487600 -2.78565300
v -1.70730000 2.29058800 -2.78565300
v 0.00000000 4.44032100 -2.78565300
v -1.70007800 2.99344400 -2.78565300
v -1.68216500 3.64570100 -2.78565300
v -1.58418200 4.24153000 -2.78588700
v -1.38112300 4.35178400 -2.78607100
v -1.16513400 4.38542800 -2.78565200
v -0.52536500 4.42040300 -2.78565300
v -1.70847500 0.74455070 -2.78565300
v -1.70705400 0.65851620 -2.78565300
v -1.66936000 0.57558990 -2.78565300
v -1.40142800 0.18218440 -2.78565300
v -1.52565900 4.28775000 -4.65204000
v -1.70847500 1.87411000 -4.65066500
v -1.45840600 4.32219300 -4.65180000
v -1.67605200 3.78314600 -4.65066400
v -1.66384100 4.11669500 -4.65066400
v -1.62735600 4.19245400 -4.65071600
v -1.30323600 4.37242900 -4.65073000
v -0.80777610 4.40487600 -4.65066500
v -1.70730000 2.29058800 -4.65066500
v 0.00000000 4.44032100 -4.65066500
v -1.70007800 2.99344400 -4.65066400
v -1.68216500 3.64570100 -4.65066400
v -1.58418200 4.24153000 -4.65089800
v -1.38112300 4.35178400 -4.65108300
v -0.52536500 4.42040300 -4.65066500
v -1.70847500 0.74455070 -4.65066500
v -1.70705400 0.65851620 -4.65066500
v -1.66936000 0.57558990 -4.65066500
v -1.40142800 0.18218440 -4.65066500
v -1.16513400 4.38542800 -5.57526600
v -0.23837340 4.43275000 -5.57526800
v -0.80777610 4.40487600 -5.57526800
v -1.52565900 4.28775000 -5.57664300
v -1.70847500 1.87411000 -5.57526800
v -1.45840600 4.32219300 -5.57640400
v -1.67605200 3.78314600 -5.57526600
v -1.66384100 4.11669500 -5.57526600
v -1.62735600 4.19245400 -5.57531900
v -1.30323600 4.37242900 -5.57533400
v -1.70730000 2.29058800 -5.57526800
v 0.00000000 4.44032100 -5.57526800
v -1.70007800 2.99344400 -5.57526800
v -1.68216500 3.64570100 -5.57526800
v -1.58418200 4.24153000 -5.57550100
v -1.38112300 4.35178400 -5.57568600
v -0.52536500 4.42040300 -5.57526800
v -1.70847500 0.74455070 -5.57526800
v -1.70705400 0.65851620 -5.57526800
v -1.66936000 0.57558990 -5.57526800
v -1.40142800 0.18218440 -5.57526800
v -0.52536500 4.42040300 -6.95822200
v -0.80777610 4.40487600 -6.95822200
v -1.52565900 4.28775000 -6.95959700
v -1.70847500 1.87411000 -6.95822200
v -0.23837340 4.43275000 -6.95822200
v -1.45840600 4.32219300 -6.95935800
v -1.16513400 4.38542800 -6.95822000
v -1.67605200 3.78314600 -6.95822000
v -1.66384100 4.11669500 -6.95822000
v -1.62735600 4.19245400 -6.95827300
v -1.30323600 4.37242900 -6.95828800
v -1.70730000 2.29058800 -6.95822200
v 0.00000000 4.44032100 -6.95822200
v -1.70007800 2.99344400 -6.95822200
v -1.68216500 3.64570100 -6.95822200
v -1.58418200 4.24153000 -6.95845600
v -1.38112300 4.35178400 -6.95863900
v -1.70847500 0.74455070 -6.95822200
v -1.70705400 0.65851620 -6.95822200
v -1.66936000 0.57558990 -6.95822200
v -1.40142800 0.18218440 -6.95822200
v -1.62735600 4.19245400 -7.47984500
v -1.30323600 4.37242900 -7.47985900
v -1.70730000 2.29058800 -7.47979400
v 0.00000000 4.44032100 -7.47979400
v -1.70007800 2.99344400 -7.47979400
v -1.68216500 3.64570100 -7.47979400
v -1.58418200 4.24153000 -7.48002700
v -1.38112300 4.35178400 -7.48021100
v -0.80777610 4.40487600 -7.47979400
v -1.70847500 0.74455070 -7.47979400
v -1.40142800 0.18218440 -11.15121000
v -1.70705400 0.65851620 -7.27835000
v -1.66936000 0.57558990 -7.17217000
v -1.70705400 0.65851620 -10.83108000
v -1.66936000 0.57558990 -10.93726000
v -1.66384100 4.11669500 -10.62963000
v -1.67605200 3.78314600 -10.62963000
v -1.70847500 1.87411000 -10.62964000
v -0.23837340 4.43275000 -10.62964000
v -1.45840600 4.32219300 -10.63077000
v -1.52565900 4.28775000 -10.63101000
v -0.80777610 4.40487600 -10.62964000
v -1.62735600 4.19245400 -10.62969000
v -1.30323600 4.37242900 -10.62970000
v -1.70730000 2.29058800 -10.62964000
v 0.00000000 4.44032100 -10.62964000
v -1.70007800 2.99344400 -10.62964000
v -1.68216500 3.64570100 -10.62964000
v -1.58418200 4.24153000 -10.62987000
v -1.38112300 4.35178400 -10.63005000
v -1.16513400 4.38542800 -10.62963000
v -0.52536500 4.42040300 -10.62964000
v -1.66384100 4.11669500 -11.15121000
v -1.67605200 3.78314600 -11.15121000
v -1.70847500 1.87411000 -11.15121000
v -0.23837340 4.43275000 -11.15121000
v -0.52536500 4.42040300 -11.15121000
v -1.16513400 4.38542800 -11.15121000
v -1.45840600 4.32219300 -11.15234000
v -1.52565900 4.28775000 -11.15258000
v -1.62735600 4.19245400 -11.15126000
v -1.30323600 4.37242900 -11.15127000
v -0.80777610 4.40487600 -11.15121000
v -1.70730000 2.29058800 -11.15121000
v 0.00000000 4.44032100 -11.15121000
v -1.70007800 2.99344400 -11.15121000
v -1.68216500 3.64570100 -11.15121000
v -1.58418200 4.24153000 -11.15144000
v -1.38112300 4.35178400 -11.15163000
v -1.70847500 0.74455070 -11.15121000
v -1.70705400 0.65851620 -11.15121000
v -1.66936000 0.57558990 -11.15121000
v -1.70730000 2.29058800 -12.58505000
v 0.00000000 4.44032100 -12.58505000
v -1.70007800 2.99344400 -12.58505000
v -1.68216500 3.64570100 -12.58505000
v -1.58418200 4.24153000 -12.58529000
v -1.38112300 4.35178400 -12.58547000
v -1.16513400 4.38542800 -12.58505000
v -0.52536500 4.42040300 -12.58505000
v -1.70847500 0.74455070 -12.58505000
v -1.70705400 0.65851620 -12.58505000
v -1.66936000 0.57558990 -12.58505000
v -1.70730000 2.29058800 -8.64263900
v -1.70007800 2.99344400 -8.64263900
v -1.30323600 4.37242900 -8.64270400
v -1.58418200 4.24153000 -8.64287200
v -1.52565900 4.28775000 -8.64401400
v 0.00000000 4.44032100 -8.64263900
v -1.70847500 1.87411000 -8.64263900
v -1.66384100 4.11669500 -8.64263700
v -1.62735600 4.19245400 -8.64269100
v -1.67605200 3.78314600 -8.64263700
v -1.38112300 4.35178400 -8.64305700
v -1.45840600 4.32219300 -8.64377400
v -1.68216500 3.64570100 -8.64263900
v -1.70847500 0.74455070 -8.64263900
v -0.52536500 4.42040300 -8.64263900
v -0.80777610 4.40487600 -8.64263900
v -0.23837340 4.43275000 -8.64263900
v -1.16513400 4.38542800 -8.64263700
v -1.70847500 0.74455070 -12.24973000
v -1.70705400 0.65851620 -12.24973000
v -1.66936000 0.57558990 -12.24973000
v -1.40142800 0.18218440 -12.24973000
v -1.13768400 1.88245200 9.69215700
v -1.21583200 1.87285800 9.66172100
v 0.00000000 0.20362970 5.94079600
v -0.85529890 0.65851620 -7.27835000
v 0.00000000 0.92457940 -6.99628000
v 0.00000000 0.92457940 -11.03855000
v 0.00000000 0.57558990 -7.17217000
v -0.71390780 0.92457940 -11.03855000
v -0.71390750 0.92457940 -6.99628000
v -1.70847500 0.74455070 -10.62964000
v -0.85529940 0.74455070 -10.62964000
v -0.85529890 0.74455070 -7.47979400
v -0.71390750 0.20362970 -6.99628000
v 0.00000000 0.20362970 -6.99628000
v -0.71390780 0.20362970 -11.03855000
v 0.00000000 0.20362970 -11.03855000
v 0.00000000 0.18218440 -6.95822200
v -0.85387890 0.65851620 -10.83108000
v 0.00000000 0.57558990 -10.93726000
v 0.00000000 0.18218440 -11.15121000
v 0.00000000 0.18218440 -12.58505000
v -1.70847500 1.87411000 -12.78576000
v -1.70730000 2.29058800 -12.78576000
v -1.70007800 2.99344400 -12.78576000
v -1.68216500 3.64570100 -12.78576000
v -1.70847500 0.74455070 -12.78576000
v -1.68305600 1.87411000 -12.78576000
v -1.68188200 2.29058800 -12.78576000
v -1.67466000 2.99344400 -12.78576000
v -1.65674600 3.64570100 -12.78576000
v -1.68305600 0.74455070 -12.78576000
v -1.68305600 1.87411000 -12.58505000
v -1.68188200 2.29058800 -12.58505000
v -1.67466000 2.99344400 -12.58505000
v -1.65674600 3.64570100 -12.58505000
v -1.68305600 0.74455070 -12.58505000
v -0.23837340 4.43275000 2.83308900
v -1.16513400 4.38542800 4.69810000
v -1.66384100 4.11669500 7.52722800
v -1.67605200 3.78314600 7.52722800
v -0.23837340 4.43275000 7.52722900
v -1.70847500 1.87411000 7.52722900
v -0.52536500 4.42040300 7.52722900
v -0.80777610 4.40487600 12.63249000
v -1.30323600 4.37242900 12.63256000
v -1.45840600 4.32219300 12.63363000
v -1.52565900 4.28775000 12.63387000
v -1.52565900 4.28775000 2.83446400
v -1.70847500 1.87411000 2.83308900
v -0.23837340 4.43275000 4.69810100
v -1.16513400 4.38542800 7.52722800
v -1.45840600 4.32219300 7.52836500
v -1.52565900 4.28775000 7.52860500
v -1.62735600 4.19245400 12.63254000
v -1.66384100 4.11669500 12.63249000
v -1.40142800 0.18218440 12.63249000
v -1.70847500 1.87411000 12.63249000
v -1.67605200 3.78314600 12.63249000
v -0.23837340 4.43275000 12.63249000
v 0.00000000 0.97159910 -11.99120000
v -1.70847500 0.74455070 0.96017460
v -1.45840600 4.32219300 2.83422400
v -1.67605200 3.78314600 2.83308800
v -1.66384100 4.11669500 2.83308800
v -1.62735600 4.19245400 2.83314000
v -1.30323600 4.37242900 2.83315400
v -0.80777610 4.40487600 2.83308900
v -1.70730000 2.29058800 2.83308900
v 0.00000000 4.44032100 2.83308900
v -1.70007800 2.99344400 2.83308900
v -1.68216500 3.64570100 2.83308800
v -1.58418200 4.24153000 2.83332200
v -1.38112300 4.35178400 2.83350600
v -1.16513400 4.38542800 2.83308800
v -0.52536500 4.42040300 2.83308900
v -1.70847500 0.74455070 2.83308900
v -1.70705400 0.65851620 2.83308900
v -1.66936000 0.57558990 2.83308900
v -1.40142800 0.18218440 2.83308900
v -1.52565900 4.28775000 4.69947600
v -1.70847500 1.87411000 4.69810100
v -1.45840600 4.32219300 4.69923600
v -1.67605200 3.78314600 4.69810000
v -1.66384100 4.11669500 4.69810000
v -1.62735600 4.19245400 4.69815200
v -1.30323600 4.37242900 4.69816600
v -0.80777610 4.40487600 4.69810100
v -1.70730000 2.29058800 4.69810100
v 0.00000000 4.44032100 4.69810100
v -1.70007800 2.99344400 4.69810000
v -1.68216500 3.64570100 4.69810000
v -1.58418200 4.24153000 4.69833400
v -1.38112300 4.35178400 4.69851800
v -0.52536500 4.42040300 4.69810100
v -1.70847500 0.74455070 4.69810100
v -1.70705400 0.65851620 4.69810100
v -1.66936000 0.57558990 4.69810100
v -1.40142800 0.18218440 4.69810100
v -1.16513400 4.38542800 5.62270300
v -0.23837340 4.43275000 5.62270400
v -0.80777610 4.40487600 5.62270400
v -1.52565900 4.28775000 5.62407900
v -1.70847500 1.87411000 5.62270400
v -1.45840600 4.32219300 5.62383900
v -1.67605200 3.78314600 5.62270300
v -1.66384100 4.11669500 5.62270300
v -1.62735600 4.19245400 5.62275500
v -1.30323600 4.37242900 5.62276900
v -1.70730000 2.29058800 5.62270400
v 0.00000000 4.44032100 5.62270400
v -1.70007800 2.99344400 5.62270400
v -1.68216500 3.64570100 5.62270400
v -1.58418200 4.24153000 5.62293700
v -1.38112300 4.35178400 5.62312100
v -0.52536500 4.42040300 5.62270400
v -1.70847500 0.74455070 5.62270400
v -1.70705400 0.65851620 5.62270400
v -1.66936000 0.57558990 5.62270400
v -1.40142800 0.18218440 5.62270400
v -0.52536500 4.42040300 7.00565800
v -0.80777610 4.40487600 7.00565800
v -1.52565900 4.28775000 7.00703300
v -1.70847500 1.87411000 7.00565800
v -0.23837340 4.43275000 7.00565800
v -1.45840600 4.32219300 7.00679300
v -1.16513400 4.38542800 7.00565700
v -1.67605200 3.78314600 7.00565700
v -1.66384100 4.11669500 7.00565700
v -1.62735600 4.19245400 7.00570900
v -1.30323600 4.37242900 7.00572300
v -1.70730000 2.29058800 7.00565800
v 0.00000000 4.44032100 7.00565800
v -1.70007800 2.99344400 7.00565800
v -1.68216500 3.64570100 7.00565800
v -1.58418200 4.24153000 7.00589100
v -1.38112300 4.35178400 7.00607500
v -1.70847500 0.74455070 7.00565800
v -1.70705400 0.65851620 7.00565800
v -1.66936000 0.57558990 7.00565800
v -1.62735600 4.19245400 7.52728100
v -1.30323600 4.37242900 7.52729500
v -1.70730000 2.29058800 7.52722900
v 0.00000000 4.44032100 7.52722900
v -1.70007800 2.99344400 7.52722900
v -1.68216500 3.64570100 7.52722900
v -1.58418200 4.24153000 7.52746200
v -1.38112300 4.35178400 7.52764700
v -0.80777610 4.40487600 7.52722900
v -1.70847500 0.74455070 7.52722900
v -1.40142800 0.18218440 11.19864000
v -1.70705400 0.65851620 7.32578600
v -1.70847500 0.74455070 10.67707000
v -1.66936000 0.57558990 10.98469000
v -1.66384100 4.11669500 10.67707000
v -1.67605200 3.78314600 10.67707000
v -1.70847500 1.87411000 10.67707000
v -0.23837340 4.43275000 10.67707000
v -1.45840600 4.32219300 10.67821000
v -1.52565900 4.28775000 10.67845000
v -0.80777610 4.40487600 10.67707000
v -1.62735600 4.19245400 10.67712000
v -1.30323600 4.37242900 10.67714000
v -1.70730000 2.29058800 10.67707000
v 0.00000000 4.44032100 10.67707000
v -1.70007800 2.99344400 10.67707000
v -1.68216500 3.64570100 10.67707000
v -1.58418200 4.24153000 10.67730000
v -1.38112300 4.35178400 10.67749000
v -1.16513400 4.38542800 10.67707000
v -0.52536500 4.42040300 10.67707000
v -1.66384100 4.11669500 11.19864000
v -1.67605200 3.78314600 11.19864000
v -1.70847500 1.87411000 11.19864000
v -0.23837340 4.43275000 11.19864000
v -0.52536500 4.42040300 11.19864000
v -1.16513400 4.38542800 11.19864000
v -1.45840600 4.32219300 11.19978000
v -1.52565900 4.28775000 11.20002000
v -1.62735600 4.19245400 11.19870000
v -1.30323600 4.37242900 11.19871000
v -0.80777610 4.40487600 11.19864000
v -1.70730000 2.29058800 11.19864000
v 0.00000000 4.44032100 11.19864000
v -1.70007800 2.99344400 11.19864000
v -1.68216500 3.64570100 11.19864000
v -1.58418200 4.24153000 11.19888000
v -1.38112300 4.35178400 11.19906000
v -1.70847500 0.74455070 11.19864000
v -1.70705400 0.65851620 11.19864000
v -1.66936000 0.57558990 11.19864000
v -1.70730000 2.29058800 12.63249000
v 0.00000000 4.44032100 12.63249000
v -1.70007800 2.99344400 12.63249000
v -1.68216500 3.64570100 12.63249000
v -1.58418200 4.24153000 12.63272000
v -1.38112300 4.35178400 12.63291000
v -1.16513400 4.38542800 12.63249000
v -0.52536500 4.42040300 12.63249000
v -1.70847500 0.74455070 12.63249000
v -1.70705400 0.65851620 12.63249000
v -1.66936000 0.57558990 12.63249000
v -1.70730000 2.29058800 8.69007500
v -1.70007800 2.99344400 8.69007500
v -1.30323600 4.37242900 8.69014000
v -1.58418200 4.24153000 8.69030800
v -1.52565900 4.28775000 8.69145000
v 0.00000000 4.44032100 8.69007500
v -1.70847500 1.87411000 8.69007500
v -1.66384100 4.11669500 8.69007300
v -1.62735600 4.19245400 8.69012600
v -1.67605200 3.78314600 8.69007300
v -1.38112300 4.35178400 8.69049300
v -1.45840600 4.32219300 8.69121000
v -1.68216500 3.64570100 8.69007500
v -1.70847500 0.74455070 8.69007500
v -0.52536500 4.42040300 8.69007500
v -0.80777610 4.40487600 8.69007500
v -0.23837340 4.43275000 8.69007500
v -1.16513400 4.38542800 8.69007300
v -1.70847500 0.74455070 12.29716000
v -1.70705400 0.65851620 12.29716000
v -1.66936000 0.57558990 12.29716000
v -1.40142800 0.18218440 12.29716000
v -1.13768400 1.88245200 -9.64472100
v -1.21583200 1.87285800 -9.61428500
v 0.00000000 0.20362970 -5.89336000
v 0.00000000 0.18218440 7.00565800
v -1.66936000 0.57558990 7.21960500
v -0.85529890 0.65851620 7.32578600
v 0.00000000 0.92457940 7.04371500
v 0.00000000 0.92457940 11.08599000
v 0.00000000 0.57558990 7.21960500
v -0.71390780 0.92457940 11.08599000
v -0.71390750 0.92457940 7.04371500
v -0.85529940 0.74455070 10.67707000
v -0.85529890 0.74455070 7.52722900
v -0.71390750 0.20362970 7.04371500
v 0.00000000 0.20362970 7.04371500
v -0.71390780 0.20362970 11.08599000
v 0.00000000 0.20362970 11.08599000
v -1.40142800 0.18218440 7.00565800
v -1.70705400 0.65851620 10.87851000
v -0.85387890 0.65851620 10.87851000
v 0.00000000 0.57558990 10.98469000
v 0.00000000 0.18218440 11.19864000
v 0.00000000 0.18218440 12.63249000
v -1.70847500 1.87411000 12.83320000
v -1.70730000 2.29058800 12.83320000
v -1.70007800 2.99344400 12.83320000
v -1.68216500 3.64570100 12.83320000
v -1.70847500 0.74455070 12.83320000
v -1.68305600 1.87411000 12.83320000
v -1.68188200 2.29058800 12.83320000
v -1.67466000 2.99344400 12.83320000
v -1.65674600 3.64570100 12.83320000
v -1.68305600 0.74455070 12.83320000
v -1.68305600 1.87411000 12.63249000
v -1.68188200 2.29058800 12.63249000
v -1.67466000 2.99344400 12.63249000
v -1.65674600 3.64570100 12.63249000
v -1.68305600 0.74455070 12.63249000
v -0.23837340 4.43275000 0.96017520
v -1.52565900 4.28775000 0.96155040
v -1.70847500 1.87411000 0.96017520
v -1.52565900 4.28775000 -0.91136400
v -1.45840600 4.32219300 -0.91160370
v -1.62735600 4.19245400 -0.91268770
v -1.30323600 4.37242900 -0.91267380
v -1.58418200 4.24153000 -0.91250540
v -1.38112300 4.35178400 -0.91232140
v -1.45840600 4.32219300 0.96131050
v -1.67605200 3.78314600 0.96017410
v -1.66384100 4.11669500 0.96017410
v -1.62735600 4.19245400 0.96022670
v -1.30323600 4.37242900 0.96024050
v -0.80777610 4.40487600 0.96017520
v -1.70730000 2.29058800 0.96017520
v 0.00000000 4.44032100 0.96017520
v -1.70007800 2.99344400 0.96017490
v -1.68216500 3.64570100 0.96017470
v -1.58418200 4.24153000 0.96040870
v -1.38112300 4.35178400 0.96059290
v -1.16513400 4.38542800 0.96017410
v -0.52536500 4.42040300 0.96017520
v -1.70705400 0.65851620 0.96017520
v -1.66936000 0.57558990 0.96017520
v -1.40142800 0.18218440 0.96017520
v -0.83023330 0.93681590 -8.10012800
v -0.83023330 0.93681590 -7.59882300
v -0.83023330 0.75332580 -7.41533400
v -0.83023330 0.50267350 -7.34817100
v -0.83023330 0.06853104 -7.59882300
v -0.83023330 0.00136876 -7.84947500
v -0.83023330 0.25202070 -8.28361800
v -0.74192190 0.50267340 -8.35078000
v -0.74192190 0.93681590 -8.10012800
v -0.74192190 0.93681590 -7.59882300
v -0.74192190 0.75332580 -7.41533400
v -0.74192190 0.50267350 -7.34817100
v -0.74192190 0.25202130 -7.41533400
v -0.74192190 0.06853104 -7.59882300
v -0.74192190 0.00136876 -7.84947500
v -0.74192190 0.06853080 -8.10012800
v -0.83023330 0.75332580 -8.28361800
v -0.83023330 0.50267340 -8.35078000
v -0.83023330 1.00397800 -7.84947500
v -0.83023330 0.25202130 -7.41533400
v -0.83023330 0.06853080 -8.10012800
v -0.74192270 1.00397800 -7.84947500
v -0.74192190 0.25202070 -8.28361800
v -0.74192190 0.75332580 -8.28361800
v -0.74192190 0.75332580 -10.68055000
v -0.74192190 0.25202070 -10.68055000
v -0.74192270 1.00397800 -10.24641000
v -0.83023330 0.06853080 -10.49706000
v -0.83023330 0.25202130 -9.81226700
v -0.83023330 1.00397800 -10.24641000
v -0.83023330 0.50267340 -10.74771000
v -0.83023330 0.75332580 -10.68055000
v -0.74192190 0.06853080 -10.49706000
v -0.74192190 0.00136876 -10.24641000
v -0.74192190 0.06853104 -9.99575800
v -0.74192190 0.25202130 -9.81226700
v -0.74192190 0.50267350 -9.74510600
v -0.74192190 0.75332580 -9.81226700
v -0.74192190 0.93681590 -9.99575800
v -0.74192190 0.93681590 -10.49706000
v -0.74192190 0.50267340 -10.74771000
v -0.83023330 0.25202070 -10.68055000
v -0.83023330 0.00136876 -10.24641000
v -0.83023330 0.06853104 -9.99575800
v -0.83023330 0.50267350 -9.74510600
v -0.83023330 0.75332580 -9.81226700
v -0.83023330 0.93681590 -9.99575800
v -0.83023330 0.93681590 -10.49706000
v 0.83023620 0.93681590 -8.10012800
v 0.83023620 0.93681590 -7.59882300
v 0.83023620 0.75332580 -7.41533400
v 0.83023620 0.50267350 -7.34817100
v 0.83023620 0.06853104 -7.59882300
v 0.83023620 0.00136876 -7.84947500
v 0.83023620 0.25202070 -8.28361800
v 0.74192470 0.50267340 -8.35078000
v 0.74192470 0.93681590 -8.10012800
v 0.74192470 0.93681590 -7.59882300
v 0.74192470 0.75332580 -7.41533400
v 0.74192470 0.50267350 -7.34817100
v 0.74192470 0.25202130 -7.41533400
v 0.74192470 0.06853104 -7.59882300
v 0.74192470 0.00136876 -7.84947500
v 0.74192470 0.06853080 -8.10012800
v 0.83023620 0.75332580 -8.28361800
v 0.83023620 0.50267340 -8.35078000
v 0.83023620 1.00397800 -7.84947500
v 0.83023620 0.25202130 -7.41533400
v 0.83023620 0.06853080 -8.10012800
v 0.74192550 1.00397800 -7.84947500
v 0.74192470 0.25202070 -8.28361800
v 0.74192470 0.75332580 -8.28361800
v 0.74192470 0.75332580 -10.68055000
v 0.74192470 0.25202070 -10.68055000
v 0.74192550 1.00397800 -10.24641000
v 0.83023620 0.06853080 -10.49706000
v 0.83023620 0.25202130 -9.81226700
v 0.83023620 1.00397800 -10.24641000
v 0.83023620 0.50267340 -10.74771000
v 0.83023620 0.75332580 -10.68055000
v 0.74192470 0.06853080 -10.49706000
v 0.74192470 0.00136876 -10.24641000
v 0.74192470 0.06853104 -9.99575800
v 0.74192470 0.25202130 -9.81226700
v 0.74192470 0.50267350 -9.74510600
v 0.74192470 0.75332580 -9.81226700
v 0.74192470 0.93681590 -9.99575800
v 0.74192470 0.93681590 -10.49706000
v 0.74192470 0.50267340 -10.74771000
v 0.83023620 0.25202070 -10.68055000
v 0.83023620 0.00136876 -10.24641000
v 0.83023620 0.06853104 -9.99575800
v 0.83023620 0.50267350 -9.74510600
v 0.83023620 0.75332580 -9.81226700
v 0.83023620 0.93681590 -9.99575800
v 0.83023620 0.93681590 -10.49706000
v 1.04146800 0.39913790 -10.23249000
v 1.04146800 0.39913790 -10.30785000
v 1.04146800 0.86229390 -10.95269000
v 1.04146800 0.07730722 -10.95269000
v 1.04146800 0.07730722 -10.88686000
v 1.04146800 0.20795510 -10.75621000
v 1.04146800 0.39913790 -10.75621000
v 1.04146800 0.39913790 -10.06075000
v 1.04146800 0.42926880 -10.06075000
v 1.04146800 0.42926870 -9.96851700
v 1.04146800 0.47799280 -9.96851700
v 1.04146800 0.47799300 -9.79058300
v 1.04146800 0.32848960 -9.56267400
v 1.04146800 0.32848980 -8.51791600
v 1.04146800 0.48199010 -8.25094200
v 1.04146800 0.48199010 -8.06655200
v 1.04146800 0.38709900 -8.03604100
v 1.04146800 0.38709900 -7.92301900
v 1.04146800 0.32848960 -7.86579700
v 1.04146800 0.32848990 -7.78466800
v 1.04146800 0.43454460 -7.70113100
v 1.04146800 0.43454460 -7.64468900
v 1.04146800 0.54389930 -7.64468900
v 1.04146800 0.54389930 -7.51689000
v 1.04146800 0.36216710 -7.51689000
v 1.04146800 0.36216710 -7.38294400
v 1.04150500 0.44849930 -10.34134000
v 1.04146800 0.52664460 -10.35250000
v 1.04146800 0.58246300 -10.33018000
v 1.04146800 0.62711790 -10.27436000
v 1.04146800 0.62711760 -10.21017000
v 1.04146800 0.59920860 -10.16272000
v 1.04146800 0.54059920 -10.13481000
v 1.04146800 0.47919920 -10.13760000
v 1.04146800 0.42896270 -10.17947000
v 1.04146800 0.41314720 -7.95487500
v 1.04146800 0.46431420 -7.98743500
v 1.04146900 0.52478410 -7.98278400
v 1.04146800 0.57129930 -7.95720000
v 1.04146800 0.60618600 -7.92231400
v 1.04146800 0.62944320 -7.87114600
v 1.04146800 0.62479170 -7.81300000
v 1.04146800 0.59223140 -7.75718500
v 1.04146800 0.54804190 -7.73392600
v 1.04146900 0.53408720 -8.08511900
v 1.04146900 0.53408740 -8.17358900
v 1.04146900 0.53408740 -8.19453000
v 1.04146900 0.53408720 -8.29919300
v 1.04146800 0.63188480 -8.29919300
v 1.04147500 0.75748940 -8.17358900
v 1.04146700 0.60616930 -8.17358900
v 1.04146800 0.76732210 -9.85895300
v 1.04146800 0.77061630 -9.89688800
v 1.04146800 0.86229390 -9.89688800
v 1.04146900 0.53641280 -9.83874500
v 1.04146900 0.53641300 -9.89688800
v 1.04146700 0.66432980 -9.81781200
v 1.04146900 0.53641280 -9.81781300
v 1.17714300 0.39913790 -10.30785000
v 1.17718000 0.44849930 -10.34134000
v 1.17714300 0.39913790 -10.23249000
v 1.17714300 0.38709900 -7.92301900
v 1.17714300 0.32848960 -7.86579700
v 1.17714300 0.32848990 -7.78466800
v 1.17714300 0.43454460 -7.70113100
v 1.17714300 0.43454460 -7.64468900
v 1.17714300 0.54389930 -7.64468900
v 1.17714300 0.52664460 -10.35250000
v 1.17714300 0.58246300 -10.33018000
v 1.17714300 0.62711790 -10.27436000
v 1.17714300 0.62711760 -10.21017000
v 1.17714300 0.59920860 -10.16272000
v 1.17714300 0.54059920 -10.13481000
v 1.17714300 0.47919920 -10.13760000
v 1.17714300 0.42896270 -10.17947000
v 1.17714300 0.41314720 -7.95487500
v 1.17714300 0.46431420 -7.98743500
v 1.17714400 0.52478410 -7.98278400
v 1.17714300 0.57129930 -7.95720000
v 1.17714300 0.60618600 -7.92231400
v 1.17714300 0.62944320 -7.87114600
v 1.17714300 0.62479170 -7.81300000
v 1.17714300 0.59223140 -7.75718500
v 1.17714300 0.54804190 -7.73392600
v 0.93025000 0.53408740 -8.17358900
v 0.93025000 0.53408740 -8.19453000
v 0.93025020 0.53408720 -8.29919300
v 0.93024920 0.63188480 -8.29919300
v 0.93025580 0.75748940 -8.17358900
v 0.93024810 0.60616930 -8.17358900
v 0.93024920 0.76732210 -9.85895300
v 0.93024920 0.77061630 -9.89688800
v 0.93024940 0.86229390 -9.89688800
v 0.93024990 0.53641280 -9.83874500
v 0.93024990 0.53641300 -9.89688800
v 0.93024810 0.66432980 -9.81781200
v 0.93025000 0.53641280 -9.81781300
v 1.04146800 0.86229390 -7.34640600
v 1.04146900 0.44721790 -7.34640600
v 0.85106020 0.39913790 -10.23249000
v 0.85106020 0.39913790 -10.30785000
v 0.85106050 0.86229390 -10.95269000
v 0.85106050 0.07730722 -10.95269000
v 0.85106040 0.07730722 -10.88686000
v 0.85106020 0.20795510 -10.75621000
v 0.85106020 0.39913790 -10.75621000
v 0.85106020 0.39913790 -10.06075000
v 0.85106020 0.42926880 -10.06075000
v 0.85106040 0.42926870 -9.96851700
v 0.85106020 0.47799280 -9.96851700
v 0.85106020 0.47799300 -9.79058300
v 0.85106040 0.32848960 -9.56267400
v 0.85106020 0.32848980 -8.51791600
v 0.85106020 0.48199010 -8.25094200
v 0.85106020 0.48199010 -8.06655200
v 0.85106020 0.38709900 -8.03604100
v 0.85106020 0.38709900 -7.92301900
v 0.85106020 0.32848960 -7.86579700
v 0.85106020 0.32848990 -7.78466800
v 0.85106020 0.43454460 -7.70113100
v 0.85106020 0.43454460 -7.64468900
v 0.85106020 0.54389930 -7.64468900
v 0.85106020 0.54389930 -7.51689000
v 0.85106020 0.36216710 -7.51689000
v 0.85106020 0.36216710 -7.38294400
v -1.04146800 0.39913790 -10.23249000
v -1.04146800 0.39913790 -10.30785000
v -1.04146800 0.86229390 -10.95269000
v -1.04146800 0.07730722 -10.95269000
v -1.04146800 0.07730722 -10.88686000
v -1.04146800 0.20795510 -10.75621000
v -1.04146800 0.39913790 -10.75621000
v -1.04146800 0.39913790 -10.06075000
v -1.04146800 0.42926880 -10.06075000
v -1.04146800 0.42926870 -9.96851700
v -1.04146800 0.47799280 -9.96851700
v -1.04146800 0.47799300 -9.79058300
v -1.04146800 0.32848960 -9.56267400
v -1.04146800 0.32848980 -8.51791600
v -1.04146800 0.48199010 -8.25094200
v -1.04146800 0.48199010 -8.06655200
v -1.04146800 0.38709900 -8.03604100
v -1.04146800 0.38709900 -7.92301900
v -1.04146800 0.32848960 -7.86579700
v -1.04146800 0.32848990 -7.78466800
v -1.04146800 0.43454460 -7.70113100
v -1.04146800 0.43454460 -7.64468900
v -1.04146800 0.54389930 -7.64468900
v -1.04146800 0.54389930 -7.51689000
v -1.04146800 0.36216710 -7.51689000
v -1.04146800 0.36216710 -7.38294400
v -1.04150500 0.44849930 -10.34134000
v -1.04146800 0.52664460 -10.35250000
v -1.04146800 0.58246300 -10.33018000
v -1.04146800 0.62711790 -10.27436000
v -1.04146800 0.62711760 -10.21017000
v -1.04146800 0.59920860 -10.16272000
v -1.04146800 0.54059920 -10.13481000
v -1.04146800 0.47919920 -10.13760000
v -1.04146800 0.42896270 -10.17947000
v -1.04146800 0.41314720 -7.95487500
v -1.04146800 0.46431420 -7.98743500
v -1.04146900 0.52478410 -7.98278400
v -1.04146800 0.57129930 -7.95720000
v -1.04146800 0.60618600 -7.92231400
v -1.04146800 0.62944320 -7.87114600
v -1.04146800 0.62479170 -7.81300000
v -1.04146800 0.59223140 -7.75718500
v -1.04146800 0.54804190 -7.73392600
v -1.04146900 0.53408720 -8.08511900
v -1.04146900 0.53408740 -8.17358900
v -1.04146900 0.53408740 -8.19453000
v -1.04146900 0.53408720 -8.29919300
v -1.04146800 0.63188480 -8.29919300
v -1.04147500 0.75748940 -8.17358900
v -1.04146700 0.60616930 -8.17358900
v -1.04146800 0.76732210 -9.85895300
v -1.04146800 0.77061630 -9.89688800
v -1.04146800 0.86229390 -9.89688800
v -1.04146900 0.53641280 -9.83874500
v -1.04146900 0.53641300 -9.89688800
v -1.04146700 0.66432980 -9.81781200
v -1.04146900 0.53641280 -9.81781300
v -1.17714300 0.39913790 -10.30785000
v -1.17718000 0.44849930 -10.34134000
v -1.17714300 0.39913790 -10.23249000
v -1.17714300 0.38709900 -7.92301900
v -1.17714300 0.32848960 -7.86579700
v -1.17714300 0.32848990 -7.78466800
v -1.17714300 0.43454460 -7.70113100
v -1.17714300 0.43454460 -7.64468900
v -1.17714300 0.54389930 -7.64468900
v -1.17714300 0.52664460 -10.35250000
v -1.17714300 0.58246300 -10.33018000
v -1.17714300 0.62711790 -10.27436000
v -1.17714300 0.62711760 -10.21017000
v -1.17714300 0.59920860 -10.16272000
v -1.17714300 0.54059920 -10.13481000
v -1.17714300 0.47919920 -10.13760000
v -1.17714300 0.42896270 -10.17947000
v -1.17714300 0.41314720 -7.95487500
v -1.17714300 0.46431420 -7.98743500
v -1.17714400 0.52478410 -7.98278400
v -1.17714300 0.57129930 -7.95720000
v -1.17714300 0.60618600 -7.92231400
v -1.17714300 0.62944320 -7.87114600
v -1.17714300 0.62479170 -7.81300000
v -1.17714300 0.59223140 -7.75718500
v -1.17714300 0.54804190 -7.73392600
v -0.93025000 0.53408740 -8.17358900
v -0.93025000 0.53408740 -8.19453000
v -0.93025020 0.53408720 -8.29919300
v -0.93024920 0.63188480 -8.29919300
v -0.93025580 0.75748940 -8.17358900
v -0.93024810 0.60616930 -8.17358900
v -0.93024920 0.76732210 -9.85895300
v -0.93024920 0.77061630 -9.89688800
v -0.93024940 0.86229390 -9.89688800
v -0.93024990 0.53641280 -9.83874500
v -0.93024990 0.53641300 -9.89688800
v -0.93024810 0.66432980 -9.81781200
v -0.93025000 0.53641280 -9.81781300
v -1.04146800 0.86229390 -7.34640600
v -1.04146900 0.44721790 -7.34640600
v -0.85106020 0.39913790 -10.23249000
v -0.85106020 0.39913790 -10.30785000
v -0.85106050 0.86229390 -10.95269000
v -0.85106050 0.07730722 -10.95269000
v -0.85106040 0.07730722 -10.88686000
v -0.85106020 0.20795510 -10.75621000
v -0.85106020 0.39913790 -10.75621000
v -0.85106020 0.39913790 -10.06075000
v -0.85106020 0.42926880 -10.06075000
v -0.85106040 0.42926870 -9.96851700
v -0.85106020 0.47799280 -9.96851700
v -0.85106020 0.47799300 -9.79058300
v -0.85106040 0.32848960 -9.56267400
v -0.85106020 0.32848980 -8.51791600
v -0.85106020 0.48199010 -8.25094200
v -0.85106020 0.48199010 -8.06655200
v -0.85106020 0.38709900 -8.03604100
v -0.85106020 0.38709900 -7.92301900
v -0.85106020 0.32848960 -7.86579700
v -0.85106020 0.32848990 -7.78466800
v -0.85106020 0.43454460 -7.70113100
v -0.85106020 0.43454460 -7.64468900
v -0.85106020 0.54389930 -7.64468900
v -0.85106020 0.54389930 -7.51689000
v -0.85106020 0.36216710 -7.51689000
v -0.85106020 0.36216710 -7.38294400
v -0.83023330 0.93681590 9.98499200
v -0.83023330 0.93681590 10.48630000
v -0.83023330 0.75332580 10.66979000
v -0.83023330 0.50267350 10.73695000
v -0.83023330 0.06853104 10.48630000
v -0.83023330 0.00136876 10.23565000
v -0.83023330 0.25202070 9.80150300
v -0.74192190 0.50267340 9.73434100
v -0.74192190 0.93681590 9.98499200
v -0.74192190 0.93681590 10.48630000
v -0.74192190 0.75332580 10.66979000
v -0.74192190 0.50267350 10.73695000
v -0.74192190 0.25202130 10.66979000
v -0.74192190 0.06853104 10.48630000
v -0.74192190 0.00136876 10.23565000
v -0.74192190 0.06853080 9.98499200
v -0.83023330 0.75332580 9.80150300
v -0.83023330 0.50267340 9.73434100
v -0.83023330 1.00397800 10.23565000
v -0.83023330 0.25202130 10.66979000
v -0.83023330 0.06853080 9.98499200
v -0.74192270 1.00397800 10.23565000
v -0.74192190 0.25202070 9.80150300
v -0.74192190 0.75332580 9.80150300
v -0.74192190 0.75332580 7.40456800
v -0.74192190 0.25202070 7.40456800
v -0.74192270 1.00397800 7.83871100
v -0.83023330 0.06853080 7.58805800
v -0.83023330 0.25202130 8.27285400
v -0.83023330 1.00397800 7.83871100
v -0.83023330 0.50267340 7.33740600
v -0.83023330 0.75332580 7.40456800
v -0.74192190 0.06853080 7.58805800
v -0.74192190 0.00136876 7.83871100
v -0.74192190 0.06853104 8.08936200
v -0.74192190 0.25202130 8.27285400
v -0.74192190 0.50267350 8.34001500
v -0.74192190 0.75332580 8.27285400
v -0.74192190 0.93681590 8.08936200
v -0.74192190 0.93681590 7.58805800
v -0.74192190 0.50267340 7.33740600
v -0.83023330 0.25202070 7.40456800
v -0.83023330 0.00136876 7.83871100
v -0.83023330 0.06853104 8.08936200
v -0.83023330 0.50267350 8.34001500
v -0.83023330 0.75332580 8.27285400
v -0.83023330 0.93681590 8.08936200
v -0.83023330 0.93681590 7.58805800
v 0.83023620 0.93681590 9.98499200
v 0.83023620 0.93681590 10.48630000
v 0.83023620 0.75332580 10.66979000
v 0.83023620 0.50267350 10.73695000
v 0.83023620 0.06853104 10.48630000
v 0.83023620 0.00136876 10.23565000
v 0.83023620 0.25202070 9.80150300
v 0.74192470 0.50267340 9.73434100
v 0.74192470 0.93681590 9.98499200
v 0.74192470 0.93681590 10.48630000
v 0.74192470 0.75332580 10.66979000
v 0.74192470 0.50267350 10.73695000
v 0.74192470 0.25202130 10.66979000
v 0.74192470 0.06853104 10.48630000
v 0.74192470 0.00136876 10.23565000
v 0.74192470 0.06853080 9.98499200
v 0.83023620 0.75332580 9.80150300
v 0.83023620 0.50267340 9.73434100
v 0.83023620 1.00397800 10.23565000
v 0.83023620 0.25202130 10.66979000
v 0.83023620 0.06853080 9.98499200
v 0.74192550 1.00397800 10.23565000
v 0.74192470 0.25202070 9.80150300
v 0.74192470 0.75332580 9.80150300
v 0.74192470 0.75332580 7.40456800
v 0.74192470 0.25202070 7.40456800
v 0.74192550 1.00397800 7.83871100
v 0.83023620 0.06853080 7.58805800
v 0.83023620 0.25202130 8.27285400
v 0.83023620 1.00397800 7.83871100
v 0.83023620 0.50267340 7.33740600
v 0.83023620 0.75332580 7.40456800
v 0.74192470 0.06853080 7.58805800
v 0.74192470 0.00136876 7.83871100
v 0.74192470 0.06853104 8.08936200
v 0.74192470 0.25202130 8.27285400
v 0.74192470 0.50267350 8.34001500
v 0.74192470 0.75332580 8.27285400
v 0.74192470 0.93681590 8.08936200
v 0.74192470 0.93681590 7.58805800
v 0.74192470 0.50267340 7.33740600
v 0.83023620 0.25202070 7.40456800
v 0.83023620 0.00136876 7.83871100
v 0.83023620 0.06853104 8.08936200
v 0.83023620 0.50267350 8.34001500
v 0.83023620 0.75332580 8.27285400
v 0.83023620 0.93681590 8.08936200
v 0.83023620 0.93681590 7.58805800
v 1.04146800 0.39913790 7.85262700
v 1.04146800 0.39913790 7.77727200
v 1.04146800 0.86229390 7.13243000
v 1.04146800 0.07730722 7.13243000
v 1.04146800 0.07730722 7.19826000
v 1.04146800 0.20795510 7.32890600
v 1.04146800 0.39913790 7.32890600
v 1.04146800 0.39913790 8.02436600
v 1.04146800 0.42926880 8.02436600
v 1.04146800 0.42926870 8.11660400
v 1.04146800 0.47799280 8.11660400
v 1.04146800 0.47799300 8.29453800
v 1.04146800 0.32848960 8.52244800
v 1.04146800 0.32848980 9.56720500
v 1.04146800 0.48199010 9.83417900
v 1.04146800 0.48199010 10.01857000
v 1.04146800 0.38709900 10.04908000
v 1.04146800 0.38709900 10.16210000
v 1.04146800 0.32848960 10.21932000
v 1.04146800 0.32848990 10.30045000
v 1.04146800 0.43454460 10.38399000
v 1.04146800 0.43454460 10.44043000
v 1.04146800 0.54389930 10.44043000
v 1.04146800 0.54389930 10.56823000
v 1.04146800 0.36216710 10.56823000
v 1.04146800 0.36216710 10.70218000
v 1.04146800 0.28383540 10.70218000
v 1.04146800 0.28383510 10.74690000
v 1.04146800 0.25855270 10.74690000
v 1.04146800 0.18615270 10.57935000
v 1.04146800 0.12418460 10.57935000
v 1.04150500 0.44849930 7.74378300
v 1.04146800 0.52664460 7.73261900
v 1.04146800 0.58246300 7.75494500
v 1.04146800 0.62711790 7.81076400
v 1.04146800 0.62711760 7.87495600
v 1.04146800 0.59920860 7.92240100
v 1.04146800 0.54059920 7.95031200
v 1.04146800 0.47919920 7.94751900
v 1.04146800 0.42896270 7.90565600
v 1.04146800 0.41314720 10.13025000
v 1.04146800 0.46431420 10.09768000
v 1.04146900 0.52478410 10.10234000
v 1.04146800 0.57129930 10.12792000
v 1.04146800 0.60618600 10.16281000
v 1.04146800 0.62944320 10.21397000
v 1.04146800 0.62479170 10.27212000
v 1.04146800 0.59223140 10.32794000
v 1.04146800 0.54804190 10.35119000
v 1.04146900 0.53408720 10.00000000
v 1.04146900 0.53408740 9.91153200
v 1.04146900 0.53408740 9.89059100
v 1.04146900 0.53408720 9.78592800
v 1.04146800 0.63188480 9.78592800
v 1.04147500 0.75748940 9.91153200
v 1.04146700 0.60616930 9.91153200
v 1.04146800 0.76732210 8.22616900
v 1.04146800 0.77061630 8.18823200
v 1.04146800 0.86229390 8.18823200
v 1.04146900 0.53641280 8.24637500
v 1.04146900 0.53641300 8.18823200
v 1.04146700 0.66432980 8.26730900
v 1.04146900 0.53641280 8.26730800
v 1.17714300 0.39913790 7.77727200
v 1.17718000 0.44849930 7.74378300
v 1.17714300 0.39913790 7.85262700
v 1.17714300 0.38709900 10.16210000
v 1.17714300 0.32848960 10.21932000
v 1.17714300 0.32848990 10.30045000
v 1.17714300 0.43454460 10.38399000
v 1.17714300 0.43454460 10.44043000
v 1.17714300 0.54389930 10.44043000
v 1.17714300 0.52664460 7.73261900
v 1.17714300 0.58246300 7.75494500
v 1.17714300 0.62711790 7.81076400
v 1.17714300 0.62711760 7.87495600
v 1.17714300 0.59920860 7.92240100
v 1.17714300 0.54059920 7.95031200
v 1.17714300 0.47919920 7.94751900
v 1.17714300 0.42896270 7.90565600
v 1.17714300 0.41314720 10.13025000
v 1.17714300 0.46431420 10.09768000
v 1.17714400 0.52478410 10.10234000
v 1.17714300 0.57129930 10.12792000
v 1.17714300 0.60618600 10.16281000
v 1.17714300 0.62944320 10.21397000
v 1.17714300 0.62479170 10.27212000
v 1.17714300 0.59223140 10.32794000
v 1.17714300 0.54804190 10.35119000
v 0.93025000 0.53408740 9.91153200
v 0.93025000 0.53408740 9.89059100
v 0.93025020 0.53408720 9.78592800
v 0.93024920 0.63188480 9.78592800
v 0.93025580 0.75748940 9.91153200
v 0.93024810 0.60616930 9.91153200
v 0.93024920 0.76732210 8.22616900
v 0.93024920 0.77061630 8.18823200
v 0.93024940 0.86229390 8.18823200
v 0.93024990 0.53641280 8.24637500
v 0.93024990 0.53641300 8.18823200
v 0.93024810 0.66432980 8.26730900
v 0.93025000 0.53641280 8.26730800
v 1.04146800 0.86229390 10.73871000
v 1.04146900 0.44721790 10.73871000
v 1.04146800 0.12418440 11.10212000
v 1.04146800 0.86229390 10.95030000
v 1.04146800 0.18748400 11.10212000
v 1.04146700 0.25028770 10.95029000
v 1.12911300 0.36216710 10.70218000
v 1.12911300 0.28383540 10.70218000
v 1.12911300 0.28383510 10.74690000
v 1.12911400 0.25855270 10.74690000
v 1.12911300 0.18615270 10.57935000
v 1.12911300 0.12418460 10.57935000
v 1.12911400 0.86229390 10.73871000
v 1.12911400 0.44721790 10.73871000
v 1.12911400 0.12418440 11.10212000
v 1.12911400 0.86229390 10.95030000
v 1.12911300 0.18748400 11.10212000
v 1.12911300 0.25028770 10.95029000
v 0.85106020 0.39913790 7.85262700
v 0.85106020 0.39913790 7.77727200
v 0.85106050 0.86229390 7.13243000
v 0.85106050 0.07730722 7.13243000
v 0.85106040 0.07730722 7.19826000
v 0.85106020 0.20795510 7.32890600
v 0.85106020 0.39913790 7.32890600
v 0.85106020 0.39913790 8.02436600
v 0.85106020 0.42926880 8.02436600
v 0.85106040 0.42926870 8.11660400
v 0.85106020 0.47799280 8.11660400
v 0.85106020 0.47799300 8.29453800
v 0.85106040 0.32848960 8.52244800
v 0.85106020 0.32848980 9.56720500
v 0.85106020 0.48199010 9.83417900
v 0.85106020 0.48199010 10.01857000
v 0.85106020 0.38709900 10.04908000
v 0.85106020 0.38709900 10.16210000
v 0.85106020 0.32848960 10.21932000
v 0.85106020 0.32848990 10.30045000
v 0.85106020 0.43454460 10.38399000
v 0.85106020 0.43454460 10.44043000
v 0.85106020 0.54389930 10.44043000
v 0.85106020 0.54389930 10.56823000
v 0.85106020 0.36216710 10.56823000
v 0.85106020 0.36216710 10.70218000
v -1.04146800 0.39913790 7.85262700
v -1.04146800 0.39913790 7.77727200
v -1.04146800 0.86229390 7.13243000
v -1.04146800 0.07730722 7.13243000
v -1.04146800 0.07730722 7.19826000
v -1.04146800 0.20795510 7.32890600
v -1.04146800 0.39913790 7.32890600
v -1.04146800 0.39913790 8.02436600
v -1.04146800 0.42926880 8.02436600
v -1.04146800 0.42926870 8.11660400
v -1.04146800 0.47799280 8.11660400
v -1.04146800 0.47799300 8.29453800
v -1.04146800 0.32848960 8.52244800
v -1.04146800 0.32848980 9.56720500
v -1.04146800 0.48199010 9.83417900
v -1.04146800 0.48199010 10.01857000
v -1.04146800 0.38709900 10.04908000
v -1.04146800 0.38709900 10.16210000
v -1.04146800 0.32848960 10.21932000
v -1.04146800 0.32848990 10.30045000
v -1.04146800 0.43454460 10.38399000
v -1.04146800 0.43454460 10.44043000
v -1.04146800 0.54389930 10.44043000
v -1.04146800 0.54389930 10.56823000
v -1.04146800 0.36216710 10.56823000
v -1.04146800 0.36216710 10.70218000
v -1.04146800 0.28383540 10.70218000
v -1.04146800 0.28383510 10.74690000
v -1.04146800 0.25855270 10.74690000
v -1.04146800 0.18615270 10.57935000
v -1.04146800 0.12418460 10.57935000
v -1.04150500 0.44849930 7.74378300
v -1.04146800 0.52664460 7.73261900
v -1.04146800 0.58246300 7.75494500
v -1.04146800 0.62711790 7.81076400
v -1.04146800 0.62711760 7.87495600
v -1.04146800 0.59920860 7.92240100
v -1.04146800 0.54059920 7.95031200
v -1.04146800 0.47919920 7.94751900
v -1.04146800 0.42896270 7.90565600
v -1.04146800 0.41314720 10.13025000
v -1.04146800 0.46431420 10.09768000
v -1.04146900 0.52478410 10.10234000
v -1.04146800 0.57129930 10.12792000
v -1.04146800 0.60618600 10.16281000
v -1.04146800 0.62944320 10.21397000
v -1.04146800 0.62479170 10.27212000
v -1.04146800 0.59223140 10.32794000
v -1.04146800 0.54804190 10.35119000
v -1.04146900 0.53408720 10.00000000
v -1.04146900 0.53408740 9.91153200
v -1.04146900 0.53408740 9.89059100
v -1.04146900 0.53408720 9.78592800
v -1.04146800 0.63188480 9.78592800
v -1.04147500 0.75748940 9.91153200
v -1.04146700 0.60616930 9.91153200
v -1.04146800 0.76732210 8.22616900
v -1.04146800 0.77061630 8.18823200
v -1.04146800 0.86229390 8.18823200
v -1.04146900 0.53641280 8.24637500
v -1.04146900 0.53641300 8.18823200
v -1.04146700 0.66432980 8.26730900
v -1.04146900 0.53641280 8.26730800
v -1.17714300 0.39913790 7.77727200
v -1.17718000 0.44849930 7.74378300
v -1.17714300 0.39913790 7.85262700
v -1.17714300 0.38709900 10.16210000
v -1.17714300 0.32848960 10.21932000
v -1.17714300 0.32848990 10.30045000
v -1.17714300 0.43454460 10.38399000
v -1.17714300 0.43454460 10.44043000
v -1.17714300 0.54389930 10.44043000
v -1.17714300 0.52664460 7.73261900
v -1.17714300 0.58246300 7.75494500
v -1.17714300 0.62711790 7.81076400
v -1.17714300 0.62711760 7.87495600
v -1.17714300 0.59920860 7.92240100
v -1.17714300 0.54059920 7.95031200
v -1.17714300 0.47919920 7.94751900
v -1.17714300 0.42896270 7.90565600
v -1.17714300 0.41314720 10.13025000
v -1.17714300 0.46431420 10.09768000
v -1.17714400 0.52478410 10.10234000
v -1.17714300 0.57129930 10.12792000
v -1.17714300 0.60618600 10.16281000
v -1.17714300 0.62944320 10.21397000
v -1.17714300 0.62479170 10.27212000
v -1.17714300 0.59223140 10.32794000
v -1.17714300 0.54804190 10.35119000
v -0.93025000 0.53408740 9.91153200
v -0.93025000 0.53408740 9.89059100
v -0.93025020 0.53408720 9.78592800
v -0.93024920 0.63188480 9.78592800
v -0.93025580 0.75748940 9.91153200
v -0.93024810 0.60616930 9.91153200
v -0.93024920 0.76732210 8.22616900
v -0.93024920 0.77061630 8.18823200
v -0.93024940 0.86229390 8.18823200
v -0.93024990 0.53641280 8.24637500
v -0.93024990 0.53641300 8.18823200
v -0.93024810 0.66432980 8.26730900
v -0.93025000 0.53641280 8.26730800
v -1.04146800 0.86229390 10.73871000
v -1.04146900 0.44721790 10.73871000
v -1.04146800 0.12418440 11.10212000
v -1.04146800 0.86229390 10.95030000
v -1.04146800 0.18748400 11.10212000
v -1.04146700 0.25028770 10.95029000
v -1.12911300 0.36216710 10.70218000
v -1.12911300 0.28383540 10.70218000
v -1.12911300 0.28383510 10.74690000
v -1.12911400 0.25855270 10.74690000
v -1.12911300 0.18615270 10.57935000
v -1.12911300 0.12418460 10.57935000
v -1.12911400 0.86229390 10.73871000
v -1.12911400 0.44721790 10.73871000
v -1.12911400 0.12418440 11.10212000
v -1.12911400 0.86229390 10.95030000
v -1.12911300 0.18748400 11.10212000
v -1.12911300 0.25028770 10.95029000
v -0.85106020 0.39913790 7.85262700
v -0.85106020 0.39913790 7.77727200
v -0.85106050 0.86229390 7.13243000
v -0.85106050 0.07730722 7.13243000
v -0.85106040 0.07730722 7.19826000
v -0.85106020 0.20795510 7.32890600
v -0.85106020 0.39913790 7.32890600
v -0.85106020 0.39913790 8.02436600
v -0.85106020 0.42926880 8.02436600
v -0.85106040 0.42926870 8.11660400
v -0.85106020 0.47799280 8.11660400
v -0.85106020 0.47799300 8.29453800
v -0.85106040 0.32848960 8.52244800
v -0.85106020 0.32848980 9.56720500
v -0.85106020 0.48199010 9.83417900
v -0.85106020 0.48199010 10.01857000
v -0.85106020 0.38709900 10.04908000
v -0.85106020 0.38709900 10.16210000
v -0.85106020 0.32848960 10.21932000
v -0.85106020 0.32848990 10.30045000
v -0.85106020 0.43454460 10.38399000
v -0.85106020 0.43454460 10.44043000
v -0.85106020 0.54389930 10.44043000
v -0.85106020 0.54389930 10.56823000
v -0.85106020 0.36216710 10.56823000
v -0.85106020 0.36216710 10.70218000
v 1.40142800 0.18218440 -6.92713500
v 0.00000000 0.18218440 -6.92713500
v -1.40142800 0.18218440 -6.92713500
v 1.70847500 0.74455070 -0.91273880
v 1.70847500 0.74455070 -2.78565300
v 1.45840600 4.32219300 -2.78678800
v 1.62735600 4.19245400 -7.47984500
v 1.62735600 4.19245400 -6.95827300
v 1.38112300 4.35178400 -2.78607100
v 1.62735600 4.19245400 -0.91279030
v 1.62735600 4.19245400 -2.78570500
v 0.52536500 4.42040300 -2.78565300
v 0.80777610 4.40487600 -2.78565300
v 1.62735600 4.19245400 -2.78570500
v 1.66384100 4.11669500 -2.78565200
v 1.52565900 4.28775000 -2.78702800
v 1.70847500 0.74455070 -2.78565300
v 1.70847500 1.87411000 -2.78565300
v 0.23837340 4.43275000 -2.78565300
v 1.70730000 2.29058800 -2.78565300
v 1.70847500 0.74455070 -2.78565300
v 1.70705400 0.65851620 -2.78565300
v 1.70847500 0.74455070 -4.65066500
v 1.70007800 2.99344400 -2.78565300
v 0.00000000 4.44032100 -2.78565300
v 1.66936000 0.57558990 -2.78565300
v 1.68216500 3.64570100 -2.78565300
v 1.67605200 3.78314600 -2.78565200
v 1.40142800 0.18218440 -2.78565300
v 1.16513400 4.38542800 -2.78565200
v 1.58418200 4.24153000 -2.78588700
v 1.62735600 4.19245400 -4.65071600
v 1.62735600 4.19245400 -2.78570500
v 1.30323600 4.37242900 -2.78571800
v 0.80777610 4.40487600 -4.65066500
v 1.16513400 4.38542800 -4.65066400
v 1.70847500 0.74455070 -4.65066500
v 1.70705400 0.65851620 -4.65066500
v 1.70847500 0.74455070 -5.57526800
v 1.66936000 0.57558990 -4.65066500
v 1.40142800 0.18218440 -4.65066500
v 0.00000000 4.44032100 -4.65066500
v 0.23837340 4.43275000 -4.65066500
v 1.30323600 4.37242900 -4.65073000
v 1.52565900 4.28775000 -4.65204000
v 1.58418200 4.24153000 -4.65089800
v 1.62735600 4.19245400 -4.65071600
v 1.38112300 4.35178400 -4.65108300
v 1.62735600 4.19245400 -5.57531900
v 0.52536500 4.42040300 -4.65066500
v 1.45840600 4.32219300 -4.65180000
v 1.66384100 4.11669500 -6.95822000
v 1.62735600 4.19245400 -5.57531900
v 1.66384100 4.11669500 -5.57526600
v 1.62735600 4.19245400 -6.95827300
v 0.80777610 4.40487600 -6.95822200
v 0.52536500 4.42040300 -5.57526800
v 0.80777610 4.40487600 -5.57526800
v 0.23837340 4.43275000 -5.57526800
v 1.52565900 4.28775000 -5.57664300
v 1.45840600 4.32219300 -5.57640400
v 1.70007800 2.99344400 -5.57526800
v 1.70730000 2.29058800 -5.57526800
v 1.70847500 0.74455070 -5.57526800
v 1.70847500 0.74455070 -6.95822200
v 1.70847500 1.87411000 -5.57526800
v 1.70847500 0.74455070 -5.57526800
v 1.70705400 0.65851620 -5.57526800
v 1.66936000 0.57558990 -5.57526800
v 1.40142800 0.18218440 -5.57526800
v 0.00000000 4.44032100 -5.57526800
v 1.38112300 4.35178400 -6.95863900
v 1.38112300 4.35178400 -5.57568600
v 1.58418200 4.24153000 -6.95845600
v 1.58418200 4.24153000 -5.57550100
v 1.30323600 4.37242900 -5.57533400
v 1.30323600 4.37242900 -6.95828800
v 1.16513400 4.38542800 -6.95822000
v 1.16513400 4.38542800 -5.57526600
v 1.68216500 3.64570100 -5.57526800
v 1.68216500 3.64570100 -6.95822200
v 1.62735600 4.19245400 -6.95827300
v 1.62735600 4.19245400 -5.57531900
v 1.67605200 3.78314600 -6.95822000
v 1.67605200 3.78314600 -5.57526600
v 0.52536500 4.42040300 -6.95822200
v 0.23837340 4.43275000 -6.95822200
v 1.52565900 4.28775000 -6.95959700
v 1.45840600 4.32219300 -6.95935800
v 1.70730000 2.29058800 -6.95822200
v 1.70007800 2.99344400 -6.95822200
v 1.70847500 1.87411000 -6.95822200
v 1.70847500 0.74455070 -7.47979400
v 1.70847500 0.74455070 -6.95822200
v 0.00000000 4.44032100 -6.95822200
v 1.62735600 4.19245400 -10.62969000
v 1.62735600 4.19245400 -8.64269100
v 1.68216500 3.64570100 -8.64263900
v 1.68216500 3.64570100 -10.62964000
v 1.62735600 4.19245400 -11.15126000
v 1.70847500 1.87411000 -10.62964000
v 1.70730000 2.29058800 -10.62964000
v 1.67605200 3.78314600 -10.62963000
v 1.67605200 3.78314600 -11.15121000
v 1.66384100 4.11669500 -10.62963000
v 1.66384100 4.11669500 -11.15121000
v 1.70007800 2.99344400 -10.62964000
v 1.68216500 3.64570100 -10.62964000
v 1.68216500 3.64570100 -11.15121000
v 1.62735600 4.19245400 -10.62969000
v 1.62735600 4.19245400 -11.15126000
v 1.68216500 3.64570100 -10.62964000
v 1.68216500 3.64570100 -11.15121000
v 1.67605200 3.78314600 -11.15121000
v 1.67605200 3.78314600 -10.62963000
v 1.70847500 0.74455070 -10.62964000
v 1.62735600 4.19245400 -12.58511000
v 1.68216500 3.64570100 -12.58505000
v 1.70847500 0.74455070 -12.24973000
v 1.70847500 0.74455070 -12.58505000
v 1.67605200 3.78314600 -12.58505000
v 1.67605200 3.78314600 -11.15121000
v 1.70847500 0.74455070 -10.62964000
v 1.70847500 0.74455070 -11.15121000
v 1.70847500 0.74455070 -8.64263900
v 1.70847500 1.87411000 -8.64263900
v 1.16513400 4.38542800 -8.64263700
v 0.80777610 4.40487600 -7.47979400
v 1.16513400 4.38542800 -7.47979200
v 0.80777610 4.40487600 -8.64263900
v 0.52536500 4.42040300 -8.64263900
v 0.23837340 4.43275000 -7.47979400
v 0.52536500 4.42040300 -7.47979400
v 0.23837340 4.43275000 -8.64263900
v 1.70007800 2.99344400 -8.64263900
v 1.68216500 3.64570100 -8.64263900
v 1.52565900 4.28775000 -7.48116900
v 1.52565900 4.28775000 -8.64401400
v 1.45840600 4.32219300 -8.64377400
v 1.45840600 4.32219300 -7.48092900
v 1.67605200 3.78314600 -8.64263700
v 1.38112300 4.35178400 -8.64305700
v 1.38112300 4.35178400 -7.48021100
v 1.30323600 4.37242900 -8.64270400
v 1.30323600 4.37242900 -7.47985900
v 1.62735600 4.19245400 -8.64269100
v 1.58418200 4.24153000 -7.48002700
v 1.62735600 4.19245400 -7.47984500
v 1.58418200 4.24153000 -8.64287200
v 1.66384100 4.11669500 -8.64263700
v 1.62735600 4.19245400 -8.64269100
v 1.70730000 2.29058800 -8.64263900
v 0.00000000 4.44032100 -7.47979400
v 0.00000000 4.44032100 -8.64263900
v 1.52565900 4.28775000 -7.48116900
v 1.52565900 4.28775000 -8.64401400
v 1.66936000 0.57558990 -11.15121000
v 1.40142800 0.18218440 -11.15121000
v 1.66936000 0.57558990 -12.24973000
v 1.40142800 0.18218440 -12.24973000
v 1.70705400 0.65851620 -11.15121000
v 1.70705400 0.65851620 -12.24973000
v 1.70847500 0.74455070 -11.15121000
v 1.70847500 0.74455070 -12.24973000
v 1.70847500 0.74455070 -7.47979400
v 1.70847500 0.74455070 -10.62964000
v 1.66936000 0.57558990 -7.17217000
v 1.70705400 0.65851620 -7.27835000
v 0.71390780 0.20362970 -11.03855000
v 0.71390750 0.92457940 -6.99628000
v 0.71390750 0.20362970 -6.99628000
v 0.71390780 0.92457940 -11.03855000
v 0.00000000 0.92457940 -6.99628000
v 0.71390750 0.20362970 -6.99628000
v 0.00000000 0.20362970 -6.99628000
v 0.00000000 0.20362970 -11.03855000
v 0.71390780 0.92457940 -11.03855000
v 0.71390780 0.20362970 -11.03855000
v 0.00000000 0.92457940 -11.03855000
v 1.40142800 0.18218440 -6.95822200
v 1.70705400 0.65851620 -10.83108000
v 1.66936000 0.57558990 -10.93726000
v 1.40142800 0.18218440 -11.15121000
v 1.40142800 0.18218440 -11.15121000
v 0.00000000 0.18218440 -11.15121000
v 1.40142800 0.18218440 -12.58505000
v 1.70847500 0.74455070 -12.58505000
v 1.70847500 1.87411000 -12.58505000
v 1.70730000 2.29058800 -12.58505000
v 1.70007800 2.99344400 -12.58505000
v 1.68216500 3.64570100 -12.58505000
v 1.70730000 2.29058800 -12.78576000
v 1.70847500 1.87411000 -12.78576000
v 1.68188200 2.29058800 -12.78576000
v 1.70007800 2.99344400 -12.78576000
v 1.70730000 2.29058800 -12.78576000
v 1.67466000 2.99344400 -12.78576000
v 1.68216500 3.64570100 -12.78576000
v 1.70007800 2.99344400 -12.78576000
v 1.68305600 1.87411000 -12.78576000
v 1.70847500 0.74455070 -12.78576000
v 1.70847500 1.87411000 -12.78576000
v 1.65674600 3.64570100 -12.78576000
v 1.68216500 3.64570100 -12.58505000
v 1.68216500 3.64570100 -12.78576000
v 1.70847500 0.74455070 -12.58505000
v 1.70847500 0.74455070 -12.78576000
v 1.68305600 0.74455070 -12.78576000
v 0.00000000 4.44032100 -12.58505000
v 0.23837340 4.43275000 -12.58505000
v 1.70007800 2.99344400 -12.58505000
v 1.67605200 3.78314600 -12.58505000
v 1.68216500 3.64570100 -12.58505000
v 0.80777610 4.40487600 -12.58505000
v 0.00000000 0.18218440 -12.58505000
v 1.70847500 1.87411000 -12.58505000
v 1.70847500 0.74455070 -12.58505000
v 1.70730000 2.29058800 -12.58505000
v 0.52536500 4.42040300 -12.58505000
v 1.38112300 4.35178400 -12.58547000
v 1.45840600 4.32219300 -12.58619000
v 1.66384100 4.11669500 -12.58505000
v 1.58418200 4.24153000 -12.58529000
v 1.62735600 4.19245400 -12.58511000
v 1.52565900 4.28775000 -12.58643000
v 1.30323600 4.37242900 -12.58512000
v 1.16513400 4.38542800 -12.58505000
v 1.66936000 0.57558990 -12.58505000
v 1.40142800 0.18218440 -12.58505000
v 1.70705400 0.65851620 -12.58505000
v 1.67466000 2.99344400 -12.78576000
v 1.65674600 3.64570100 -12.78576000
v 1.68188200 2.29058800 -12.78576000
v 1.65674600 3.64570100 -12.58505000
v 1.68305600 0.74455070 -12.58505000
v 1.70847500 0.74455070 2.83308900
v 1.70847500 0.74455070 0.96017460
v 1.45840600 4.32219300 2.83422400
v 1.62735600 4.19245400 7.52728100
v 1.62735600 4.19245400 7.00570900
v 1.38112300 4.35178400 2.83350600
v 1.62735600 4.19245400 2.83314000
v 1.62735600 4.19245400 0.96022670
v 0.52536500 4.42040300 2.83308900
v 0.80777610 4.40487600 2.83308900
v 1.62735600 4.19245400 2.83314000
v 1.66384100 4.11669500 2.83308800
v 1.52565900 4.28775000 2.83446400
v 1.70847500 1.87411000 2.83308900
v 1.70847500 0.74455070 2.83308900
v 0.23837340 4.43275000 2.83308900
v 1.70730000 2.29058800 2.83308900
v 1.70847500 0.74455070 4.69810100
v 1.70847500 0.74455070 2.83308900
v 1.70705400 0.65851620 2.83308900
v 1.70007800 2.99344400 2.83308900
v 0.00000000 4.44032100 2.83308900
v 1.66936000 0.57558990 2.83308900
v 1.68216500 3.64570100 2.83308800
v 1.67605200 3.78314600 2.83308800
v 1.40142800 0.18218440 2.83308900
v 1.16513400 4.38542800 2.83308800
v 1.58418200 4.24153000 2.83332200
v 1.62735600 4.19245400 4.69815200
v 1.62735600 4.19245400 2.83314000
v 1.30323600 4.37242900 2.83315400
v 1.70847500 1.87411000 4.69810100
v 1.70847500 0.74455070 4.69810100
v 0.80777610 4.40487600 4.69810100
v 1.16513400 4.38542800 4.69810000
v 1.70847500 0.74455070 5.62270400
v 1.70847500 0.74455070 4.69810100
v 1.70705400 0.65851620 4.69810100
v 1.66936000 0.57558990 4.69810100
v 1.68216500 3.64570100 4.69810000
v 1.67605200 3.78314600 4.69810000
v 1.70730000 2.29058800 4.69810100
v 1.40142800 0.18218440 4.69810100
v 0.00000000 4.44032100 4.69810100
v 0.23837340 4.43275000 4.69810100
v 1.30323600 4.37242900 4.69816600
v 1.52565900 4.28775000 4.69947600
v 1.58418200 4.24153000 4.69833400
v 1.62735600 4.19245400 4.69815200
v 1.70007800 2.99344400 4.69810000
v 1.66384100 4.11669500 4.69810000
v 1.38112300 4.35178400 4.69851800
v 1.62735600 4.19245400 5.62275500
v 1.62735600 4.19245400 4.69815200
v 0.52536500 4.42040300 4.69810100
v 1.45840600 4.32219300 4.69923600
v 1.62735600 4.19245400 7.00570900
v 1.66384100 4.11669500 7.00565700
v 1.62735600 4.19245400 5.62275500
v 1.66384100 4.11669500 5.62270300
v 0.80777610 4.40487600 7.00565800
v 0.52536500 4.42040300 5.62270400
v 0.80777610 4.40487600 5.62270400
v 0.23837340 4.43275000 5.62270400
v 1.52565900 4.28775000 5.62407900
v 1.45840600 4.32219300 5.62383900
v 1.70007800 2.99344400 5.62270400
v 1.70730000 2.29058800 5.62270400
v 1.70847500 0.74455070 7.00565800
v 1.70847500 1.87411000 5.62270400
v 1.70847500 0.74455070 5.62270400
v 1.70847500 0.74455070 5.62270400
v 1.70705400 0.65851620 5.62270400
v 1.66936000 0.57558990 5.62270400
v 1.40142800 0.18218440 5.62270400
v 0.00000000 4.44032100 5.62270400
v 1.38112300 4.35178400 7.00607500
v 1.38112300 4.35178400 5.62312100
v 1.58418200 4.24153000 7.00589100
v 1.58418200 4.24153000 5.62293700
v 1.16513400 4.38542800 7.00565700
v 1.30323600 4.37242900 7.00572300
v 1.30323600 4.37242900 5.62276900
v 1.16513400 4.38542800 5.62270300
v 1.68216500 3.64570100 7.00565800
v 1.68216500 3.64570100 5.62270400
v 1.62735600 4.19245400 7.00570900
v 1.62735600 4.19245400 5.62275500
v 1.67605200 3.78314600 7.00565700
v 1.67605200 3.78314600 5.62270300
v 0.52536500 4.42040300 7.00565800
v 0.23837340 4.43275000 7.00565800
v 1.52565900 4.28775000 7.00703300
v 1.45840600 4.32219300 7.00679300
v 1.70007800 2.99344400 7.00565800
v 1.70730000 2.29058800 7.00565800
v 1.70847500 0.74455070 7.52722900
v 1.70847500 1.87411000 7.00565800
v 1.70847500 0.74455070 7.00565800
v 0.00000000 4.44032100 7.00565800
v 1.62735600 4.19245400 10.67712000
v 1.62735600 4.19245400 8.69012600
v 1.68216500 3.64570100 10.67707000
v 1.68216500 3.64570100 8.69007500
v 1.62735600 4.19245400 11.19870000
v 1.67605200 3.78314600 11.19864000
v 1.66384100 4.11669500 10.67707000
v 1.66384100 4.11669500 11.19864000
v 1.67605200 3.78314600 10.67707000
v 1.68216500 3.64570100 11.19864000
v 1.62735600 4.19245400 11.19870000
v 1.62735600 4.19245400 10.67712000
v 1.67605200 3.78314600 11.19864000
v 1.68216500 3.64570100 11.19864000
v 1.68216500 3.64570100 10.67707000
v 1.67605200 3.78314600 10.67707000
v 1.62735600 4.19245400 12.63254000
v 1.68216500 3.64570100 12.63249000
v 1.70847500 0.74455070 12.63249000
v 1.70847500 0.74455070 12.29716000
v 1.67605200 3.78314600 12.63249000
v 1.67605200 3.78314600 11.19864000
v 1.70847500 0.74455070 11.19864000
v 1.70847500 0.74455070 10.67707000
v 1.70847500 0.74455070 8.69007500
v 1.70847500 1.87411000 8.69007500
v 0.80777610 4.40487600 8.69007500
v 1.16513400 4.38542800 8.69007300
v 0.80777610 4.40487600 7.52722900
v 1.16513400 4.38542800 7.52722800
v 0.23837340 4.43275000 8.69007500
v 0.52536500 4.42040300 8.69007500
v 0.23837340 4.43275000 7.52722900
v 0.52536500 4.42040300 7.52722900
v 1.68216500 3.64570100 8.69007500
v 1.70007800 2.99344400 8.69007500
v 1.45840600 4.32219300 8.69121000
v 1.52565900 4.28775000 8.69145000
v 1.52565900 4.28775000 7.52860500
v 1.45840600 4.32219300 7.52836500
v 1.67605200 3.78314600 8.69007300
v 1.38112300 4.35178400 8.69049300
v 1.38112300 4.35178400 7.52764700
v 1.30323600 4.37242900 8.69014000
v 1.30323600 4.37242900 7.52729500
v 1.58418200 4.24153000 8.69030800
v 1.62735600 4.19245400 8.69012600
v 1.58418200 4.24153000 7.52746200
v 1.62735600 4.19245400 7.52728100
v 1.66384100 4.11669500 8.69007300
v 1.62735600 4.19245400 8.69012600
v 1.70730000 2.29058800 8.69007500
v 0.00000000 4.44032100 8.69007500
v 0.00000000 4.44032100 7.52722900
v 1.52565900 4.28775000 8.69145000
v 1.52565900 4.28775000 7.52860500
v 1.66936000 0.57558990 12.29716000
v 1.40142800 0.18218440 12.29716000
v 1.40142800 0.18218440 11.19864000
v 1.66936000 0.57558990 11.19864000
v 1.70705400 0.65851620 12.29716000
v 1.70705400 0.65851620 11.19864000
v 1.70847500 0.74455070 12.29716000
v 1.70847500 0.74455070 11.19864000
v 1.70847500 0.74455070 10.67707000
v 1.70847500 0.74455070 7.52722900
v 1.66936000 0.57558990 7.21960500
v 1.70705400 0.65851620 7.32578600
v 0.71390780 0.92457940 11.08599000
v 0.71390780 0.20362970 11.08599000
v 0.71390750 0.92457940 7.04371500
v 0.71390750 0.20362970 7.04371500
v 0.71390750 0.20362970 7.04371500
v 0.00000000 0.20362970 7.04371500
v 0.00000000 0.92457940 7.04371500
v 0.00000000 0.92457940 11.08599000
v 0.00000000 0.20362970 11.08599000
v 0.71390780 0.92457940 11.08599000
v 0.71390780 0.20362970 11.08599000
v 1.40142800 0.18218440 7.00565800
v 1.70705400 0.65851620 10.87851000
v 1.66936000 0.57558990 10.98469000
v 1.40142800 0.18218440 11.19864000
v 1.40142800 0.18218440 12.63249000
v 0.00000000 0.18218440 11.19864000
v 1.40142800 0.18218440 11.19864000
v 1.70847500 0.74455070 12.63249000
v 1.70847500 1.87411000 12.63249000
v 1.70730000 2.29058800 12.63249000
v 1.70007800 2.99344400 12.63249000
v 1.68216500 3.64570100 12.63249000
v 1.70730000 2.29058800 12.83320000
v 1.70847500 1.87411000 12.83320000
v 1.70007800 2.99344400 12.83320000
v 1.68188200 2.29058800 12.83320000
v 1.70730000 2.29058800 12.83320000
v 1.68216500 3.64570100 12.83320000
v 1.67466000 2.99344400 12.83320000
v 1.70007800 2.99344400 12.83320000
v 1.70847500 1.87411000 12.83320000
v 1.68305600 1.87411000 12.83320000
v 1.70847500 0.74455070 12.83320000
v 1.65674600 3.64570100 12.83320000
v 1.68216500 3.64570100 12.83320000
v 1.68216500 3.64570100 12.63249000
v 1.70847500 0.74455070 12.83320000
v 1.68305600 0.74455070 12.83320000
v 1.70847500 0.74455070 12.63249000
v 1.70007800 2.99344400 12.63249000
v 0.80777610 4.40487600 12.63249000
v 0.52536500 4.42040300 12.63249000
v 0.00000000 0.18218440 12.63249000
v 1.70847500 1.87411000 12.63249000
v 1.70730000 2.29058800 12.63249000
v 1.67605200 3.78314600 12.63249000
v 1.16513400 4.38542800 12.63249000
v 0.00000000 4.44032100 12.63249000
v 1.70847500 0.74455070 12.63249000
v 1.40142800 0.18218440 12.63249000
v 1.66936000 0.57558990 12.63249000
v 1.70705400 0.65851620 12.63249000
v 0.23837340 4.43275000 12.63249000
v 1.68216500 3.64570100 12.63249000
v 1.30323600 4.37242900 12.63256000
v 1.38112300 4.35178400 12.63291000
v 1.45840600 4.32219300 12.63363000
v 1.52565900 4.28775000 12.63387000
v 1.66384100 4.11669500 12.63249000
v 1.58418200 4.24153000 12.63272000
v 1.62735600 4.19245400 12.63254000
v 1.67466000 2.99344400 12.83320000
v 1.65674600 3.64570100 12.83320000
v 1.68305600 0.74455070 12.63249000
v 1.68188200 2.29058800 12.83320000
v 1.65674600 3.64570100 12.63249000
v 0.00000000 4.44032100 0.96017520
v 0.23837340 4.43275000 0.96017520
v 1.70847500 0.74455070 0.96017460
v 1.70705400 0.65851620 0.96017520
v 1.70847500 0.74455070 0.96017460
v 1.70847500 1.87411000 -0.91273880
v 1.70847500 1.87411000 0.96017520
v 1.70847500 0.74455070 -0.91273880
v 1.45840600 4.32219300 0.96131050
v 1.52565900 4.28775000 0.96155040
v 1.16513400 4.38542800 0.96017410
v 1.30323600 4.37242900 0.96024050
v 0.80777610 4.40487600 0.96017520
v 1.66936000 0.57558990 0.96017520
v 1.70007800 2.99344400 0.96017490
v 1.70730000 2.29058800 0.96017520
v 1.70730000 2.29058800 -0.91273880
v 1.70007800 2.99344400 -0.91273880
v 1.40142800 0.18218440 0.96017520
v 1.58418200 4.24153000 0.96040870
v 1.62735600 4.19245400 0.96022670
v 1.67605200 3.78314600 0.96017410
v 1.68216500 3.64570100 0.96017470
v 1.68216500 3.64570100 -0.91273830
v 1.67605200 3.78314600 -0.91273810
v 1.66384100 4.11669500 0.96017410
v 1.66384100 4.11669500 -0.91273780
v 1.38112300 4.35178400 0.96059290
v 0.52536500 4.42040300 0.96017520
v 1.62735600 4.19245400 0.96022670
v 1.62735600 4.19245400 -0.91268770
v -1.70847500 0.74455070 -0.91273880
v -1.70847500 0.74455070 -2.78565300
v -1.45840600 4.32219300 -2.78678800
v -1.62735600 4.19245400 -6.95827300
v -1.62735600 4.19245400 -7.47984500
v -1.38112300 4.35178400 -2.78607100
v -1.62735600 4.19245400 -0.91279030
v -1.62735600 4.19245400 -2.78570500
v -0.80777610 4.40487600 -2.78565300
v -0.52536500 4.42040300 -2.78565300
v -1.66384100 4.11669500 -2.78565200
v -1.62735600 4.19245400 -2.78570500
v -1.52565900 4.28775000 -2.78702800
v -1.70847500 0.74455070 -2.78565300
v -1.70847500 1.87411000 -2.78565300
v -0.23837340 4.43275000 -2.78565300
v -1.70730000 2.29058800 -2.78565300
v -1.70705400 0.65851620 -2.78565300
v -1.70847500 0.74455070 -2.78565300
v -1.70847500 0.74455070 -4.65066500
v -1.70007800 2.99344400 -2.78565300
v -1.66936000 0.57558990 -2.78565300
v -1.68216500 3.64570100 -2.78565300
v -1.67605200 3.78314600 -2.78565200
v -1.40142800 0.18218440 -2.78565300
v -1.16513400 4.38542800 -2.78565200
v -1.58418200 4.24153000 -2.78588700
v -1.62735600 4.19245400 -2.78570500
v -1.62735600 4.19245400 -4.65071600
v -1.30323600 4.37242900 -2.78571800
v -1.16513400 4.38542800 -4.65066400
v -0.80777610 4.40487600 -4.65066500
v -1.70705400 0.65851620 -4.65066500
v -1.70847500 0.74455070 -4.65066500
v -1.70847500 0.74455070 -5.57526800
v -1.66936000 0.57558990 -4.65066500
v -1.40142800 0.18218440 -4.65066500
v -0.23837340 4.43275000 -4.65066500
v -1.30323600 4.37242900 -4.65073000
v -1.58418200 4.24153000 -4.65089800
v -1.52565900 4.28775000 -4.65204000
v -1.62735600 4.19245400 -4.65071600
v -1.38112300 4.35178400 -4.65108300
v -1.62735600 4.19245400 -5.57531900
v -0.52536500 4.42040300 -4.65066500
v -1.45840600 4.32219300 -4.65180000
v -1.66384100 4.11669500 -5.57526600
v -1.62735600 4.19245400 -5.57531900
v -1.66384100 4.11669500 -6.95822000
v -1.62735600 4.19245400 -6.95827300
v -0.80777610 4.40487600 -5.57526800
v -0.52536500 4.42040300 -5.57526800
v -0.80777610 4.40487600 -6.95822200
v -0.23837340 4.43275000 -5.57526800
v -1.52565900 4.28775000 -5.57664300
v -1.45840600 4.32219300 -5.57640400
v -1.70730000 2.29058800 -5.57526800
v -1.70007800 2.99344400 -5.57526800
v -1.70847500 0.74455070 -5.57526800
v -1.70847500 1.87411000 -5.57526800
v -1.70847500 0.74455070 -6.95822200
v -1.70705400 0.65851620 -5.57526800
v -1.70847500 0.74455070 -5.57526800
v -1.66936000 0.57558990 -5.57526800
v -1.40142800 0.18218440 -5.57526800
v -1.38112300 4.35178400 -5.57568600
v -1.38112300 4.35178400 -6.95863900
v -1.58418200 4.24153000 -5.57550100
v -1.58418200 4.24153000 -6.95845600
v -1.30323600 4.37242900 -5.57533400
v -1.16513400 4.38542800 -5.57526600
v -1.16513400 4.38542800 -6.95822000
v -1.30323600 4.37242900 -6.95828800
v -1.68216500 3.64570100 -5.57526800
v -1.68216500 3.64570100 -6.95822200
v -1.62735600 4.19245400 -5.57531900
v -1.62735600 4.19245400 -6.95827300
v -1.67605200 3.78314600 -5.57526600
v -1.67605200 3.78314600 -6.95822000
v -0.52536500 4.42040300 -6.95822200
v -0.23837340 4.43275000 -6.95822200
v -1.52565900 4.28775000 -6.95959700
v -1.45840600 4.32219300 -6.95935800
v -1.70730000 2.29058800 -6.95822200
v -1.70007800 2.99344400 -6.95822200
v -1.70847500 1.87411000 -6.95822200
v -1.70847500 0.74455070 -7.47979400
v -1.70847500 0.74455070 -6.95822200
v -1.62735600 4.19245400 -8.64269100
v -1.62735600 4.19245400 -10.62969000
v -1.68216500 3.64570100 -8.64263900
v -1.68216500 3.64570100 -10.62964000
v -1.62735600 4.19245400 -11.15126000
v -1.70847500 1.87411000 -10.62964000
v -1.70730000 2.29058800 -10.62964000
v -1.67605200 3.78314600 -10.62963000
v -1.66384100 4.11669500 -10.62963000
v -1.67605200 3.78314600 -11.15121000
v -1.66384100 4.11669500 -11.15121000
v -1.70007800 2.99344400 -10.62964000
v -1.68216500 3.64570100 -10.62964000
v -1.68216500 3.64570100 -11.15121000
v -1.62735600 4.19245400 -10.62969000
v -1.62735600 4.19245400 -11.15126000
v -1.68216500 3.64570100 -10.62964000
v -1.67605200 3.78314600 -10.62963000
v -1.67605200 3.78314600 -11.15121000
v -1.68216500 3.64570100 -11.15121000
v -1.70847500 0.74455070 -10.62964000
v -1.62735600 4.19245400 -12.58511000
v -1.68216500 3.64570100 -12.58505000
v -1.70847500 0.74455070 -12.24973000
v -1.70847500 0.74455070 -12.58505000
v -1.67605200 3.78314600 -11.15121000
v -1.67605200 3.78314600 -12.58505000
v -1.70847500 0.74455070 -11.15121000
v -1.70847500 0.74455070 -10.62964000
v -1.70847500 0.74455070 -8.64263900
v -1.70847500 1.87411000 -8.64263900
v -1.16513400 4.38542800 -7.47979200
v -0.80777610 4.40487600 -7.47979400
v -1.16513400 4.38542800 -8.64263700
v -0.80777610 4.40487600 -8.64263900
v -0.52536500 4.42040300 -7.47979400
v -0.23837340 4.43275000 -7.47979400
v -0.52536500 4.42040300 -8.64263900
v -0.23837340 4.43275000 -8.64263900
v -1.70007800 2.99344400 -8.64263900
v -1.68216500 3.64570100 -8.64263900
v -1.52565900 4.28775000 -7.48116900
v -1.45840600 4.32219300 -7.48092900
v -1.45840600 4.32219300 -8.64377400
v -1.52565900 4.28775000 -8.64401400
v -1.67605200 3.78314600 -8.64263700
v -1.38112300 4.35178400 -7.48021100
v -1.38112300 4.35178400 -8.64305700
v -1.30323600 4.37242900 -7.47985900
v -1.30323600 4.37242900 -8.64270400
v -1.62735600 4.19245400 -7.47984500
v -1.58418200 4.24153000 -7.48002700
v -1.62735600 4.19245400 -8.64269100
v -1.58418200 4.24153000 -8.64287200
v -1.66384100 4.11669500 -8.64263700
v -1.62735600 4.19245400 -8.64269100
v -1.70730000 2.29058800 -8.64263900
v -1.52565900 4.28775000 -7.48116900
v -1.52565900 4.28775000 -8.64401400
v -1.66936000 0.57558990 -12.24973000
v -1.40142800 0.18218440 -11.15121000
v -1.66936000 0.57558990 -11.15121000
v -1.40142800 0.18218440 -12.24973000
v -1.70705400 0.65851620 -12.24973000
v -1.70705400 0.65851620 -11.15121000
v -1.70847500 0.74455070 -11.15121000
v -1.70847500 0.74455070 -12.24973000
v -1.70847500 0.74455070 -7.47979400
v -1.70847500 0.74455070 -10.62964000
v -1.66936000 0.57558990 -7.17217000
v -1.70705400 0.65851620 -7.27835000
v -0.71390750 0.20362970 -6.99628000
v -0.71390750 0.92457940 -6.99628000
v -0.71390780 0.20362970 -11.03855000
v -0.71390780 0.92457940 -11.03855000
v -0.71390750 0.20362970 -6.99628000
v -0.71390780 0.20362970 -11.03855000
v -0.71390780 0.92457940 -11.03855000
v -1.40142800 0.18218440 -6.95822200
v -1.70705400 0.65851620 -10.83108000
v -1.66936000 0.57558990 -10.93726000
v -1.40142800 0.18218440 -11.15121000
v -1.40142800 0.18218440 -11.15121000
v -1.40142800 0.18218440 -12.58505000
v -1.70847500 0.74455070 -12.58505000
v -1.70847500 1.87411000 -12.58505000
v -1.70730000 2.29058800 -12.58505000
v -1.70007800 2.99344400 -12.58505000
v -1.68216500 3.64570100 -12.58505000
v -1.70847500 1.87411000 -12.78576000
v -1.70730000 2.29058800 -12.78576000
v -1.68188200 2.29058800 -12.78576000
v -1.70730000 2.29058800 -12.78576000
v -1.70007800 2.99344400 -12.78576000
v -1.67466000 2.99344400 -12.78576000
v -1.70007800 2.99344400 -12.78576000
v -1.68216500 3.64570100 -12.78576000
v -1.70847500 0.74455070 -12.78576000
v -1.68305600 1.87411000 -12.78576000
v -1.70847500 1.87411000 -12.78576000
v -1.65674600 3.64570100 -12.78576000
v -1.68216500 3.64570100 -12.58505000
v -1.68216500 3.64570100 -12.78576000
v -1.70847500 0.74455070 -12.58505000
v -1.70847500 0.74455070 -12.78576000
v -1.68305600 0.74455070 -12.78576000
v -1.70730000 2.29058800 -12.58505000
v -1.66936000 0.57558990 -12.58505000
v -1.70705400 0.65851620 -12.58505000
v -1.70847500 0.74455070 -12.58505000
v -1.70847500 1.87411000 -12.58505000
v -1.70007800 2.99344400 -12.58505000
v -0.80777610 4.40487600 -12.58505000
v -0.52536500 4.42040300 -12.58505000
v -1.67605200 3.78314600 -12.58505000
v -1.16513400 4.38542800 -12.58505000
v -1.40142800 0.18218440 -12.58505000
v -0.23837340 4.43275000 -12.58505000
v -1.68216500 3.64570100 -12.58505000
v -1.30323600 4.37242900 -12.58512000
v -1.38112300 4.35178400 -12.58547000
v -1.45840600 4.32219300 -12.58619000
v -1.52565900 4.28775000 -12.58643000
v -1.66384100 4.11669500 -12.58505000
v -1.58418200 4.24153000 -12.58529000
v -1.62735600 4.19245400 -12.58511000
v -1.68305600 0.74455070 -12.58505000
v -1.68188200 2.29058800 -12.78576000
v -1.65674600 3.64570100 -12.78576000
v -1.65674600 3.64570100 -12.58505000
v -1.67466000 2.99344400 -12.78576000
v -1.70847500 0.74455070 2.83308900
v -1.70847500 0.74455070 0.96017460
v -1.45840600 4.32219300 2.83422400
v -1.62735600 4.19245400 7.52728100
v -1.62735600 4.19245400 7.00570900
v -1.38112300 4.35178400 2.83350600
v -1.62735600 4.19245400 2.83314000
v -1.62735600 4.19245400 0.96022670
v -0.52536500 4.42040300 2.83308900
v -0.80777610 4.40487600 2.83308900
v -1.62735600 4.19245400 2.83314000
v -1.66384100 4.11669500 2.83308800
v -1.52565900 4.28775000 2.83446400
v -1.70847500 1.87411000 2.83308900
v -1.70847500 0.74455070 2.83308900
v -0.23837340 4.43275000 2.83308900
v -1.70730000 2.29058800 2.83308900
v -1.70847500 0.74455070 4.69810100
v -1.70847500 0.74455070 2.83308900
v -1.70705400 0.65851620 2.83308900
v -1.70007800 2.99344400 2.83308900
v -1.66936000 0.57558990 2.83308900
v -1.67605200 3.78314600 2.83308800
v -1.68216500 3.64570100 2.83308800
v -1.40142800 0.18218440 2.83308900
v -1.16513400 4.38542800 2.83308800
v -1.58418200 4.24153000 2.83332200
v -1.62735600 4.19245400 4.69815200
v -1.62735600 4.19245400 2.83314000
v -1.30323600 4.37242900 2.83315400
v -1.70847500 1.87411000 4.69810100
v -1.70847500 0.74455070 4.69810100
v -0.80777610 4.40487600 4.69810100
v -1.16513400 4.38542800 4.69810000
v -1.70847500 0.74455070 5.62270400
v -1.70847500 0.74455070 4.69810100
v -1.70705400 0.65851620 4.69810100
v -1.66936000 0.57558990 4.69810100
v -1.67605200 3.78314600 4.69810000
v -1.68216500 3.64570100 4.69810000
v -1.70730000 2.29058800 4.69810100
v -1.40142800 0.18218440 4.69810100
v -0.23837340 4.43275000 4.69810100
v -1.30323600 4.37242900 4.69816600
v -1.52565900 4.28775000 4.69947600
v -1.58418200 4.24153000 4.69833400
v -1.62735600 4.19245400 4.69815200
v -1.70007800 2.99344400 4.69810000
v -1.66384100 4.11669500 4.69810000
v -1.38112300 4.35178400 4.69851800
v -1.62735600 4.19245400 5.62275500
v -1.62735600 4.19245400 4.69815200
v -0.52536500 4.42040300 4.69810100
v -1.45840600 4.32219300 4.69923600
v -1.66384100 4.11669500 7.00565700
v -1.62735600 4.19245400 7.00570900
v -1.62735600 4.19245400 5.62275500
v -1.66384100 4.11669500 5.62270300
v -0.80777610 4.40487600 7.00565800
v -0.52536500 4.42040300 5.62270400
v -0.80777610 4.40487600 5.62270400
v -0.23837340 4.43275000 5.62270400
v -1.45840600 4.32219300 5.62383900
v -1.52565900 4.28775000 5.62407900
v -1.70007800 2.99344400 5.62270400
v -1.70730000 2.29058800 5.62270400
v -1.70847500 0.74455070 7.00565800
v -1.70847500 1.87411000 5.62270400
v -1.70847500 0.74455070 5.62270400
v -1.70847500 0.74455070 5.62270400
v -1.70705400 0.65851620 5.62270400
v -1.66936000 0.57558990 5.62270400
v -1.40142800 0.18218440 5.62270400
v -1.38112300 4.35178400 7.00607500
v -1.38112300 4.35178400 5.62312100
v -1.58418200 4.24153000 7.00589100
v -1.58418200 4.24153000 5.62293700
v -1.16513400 4.38542800 7.00565700
v -1.16513400 4.38542800 5.62270300
v -1.30323600 4.37242900 5.62276900
v -1.30323600 4.37242900 7.00572300
v -1.68216500 3.64570100 7.00565800
v -1.68216500 3.64570100 5.62270400
v -1.62735600 4.19245400 7.00570900
v -1.62735600 4.19245400 5.62275500
v -1.67605200 3.78314600 7.00565700
v -1.67605200 3.78314600 5.62270300
v -0.52536500 4.42040300 7.00565800
v -0.23837340 4.43275000 7.00565800
v -1.45840600 4.32219300 7.00679300
v -1.52565900 4.28775000 7.00703300
v -1.70007800 2.99344400 7.00565800
v -1.70730000 2.29058800 7.00565800
v -1.70847500 0.74455070 7.52722900
v -1.70847500 1.87411000 7.00565800
v -1.70847500 0.74455070 7.00565800
v -1.62735600 4.19245400 10.67712000
v -1.62735600 4.19245400 8.69012600
v -1.68216500 3.64570100 10.67707000
v -1.68216500 3.64570100 8.69007500
v -1.62735600 4.19245400 11.19870000
v -1.67605200 3.78314600 11.19864000
v -1.66384100 4.11669500 11.19864000
v -1.66384100 4.11669500 10.67707000
v -1.67605200 3.78314600 10.67707000
v -1.68216500 3.64570100 11.19864000
v -1.62735600 4.19245400 11.19870000
v -1.62735600 4.19245400 10.67712000
v -1.67605200 3.78314600 11.19864000
v -1.67605200 3.78314600 10.67707000
v -1.68216500 3.64570100 10.67707000
v -1.68216500 3.64570100 11.19864000
v -1.62735600 4.19245400 12.63254000
v -1.68216500 3.64570100 12.63249000
v -1.70847500 0.74455070 12.63249000
v -1.70847500 0.74455070 12.29716000
v -1.67605200 3.78314600 12.63249000
v -1.67605200 3.78314600 11.19864000
v -1.70847500 0.74455070 11.19864000
v -1.70847500 0.74455070 10.67707000
v -1.70847500 0.74455070 8.69007500
v -1.70847500 1.87411000 8.69007500
v -1.16513400 4.38542800 8.69007300
v -0.80777610 4.40487600 8.69007500
v -0.80777610 4.40487600 7.52722900
v -1.16513400 4.38542800 7.52722800
v -0.52536500 4.42040300 8.69007500
v -0.23837340 4.43275000 8.69007500
v -0.23837340 4.43275000 7.52722900
v -0.52536500 4.42040300 7.52722900
v -1.70007800 2.99344400 8.69007500
v -1.68216500 3.64570100 8.69007500
v -1.45840600 4.32219300 8.69121000
v -1.45840600 4.32219300 7.52836500
v -1.52565900 4.28775000 7.52860500
v -1.52565900 4.28775000 8.69145000
v -1.67605200 3.78314600 8.69007300
v -1.38112300 4.35178400 8.69049300
v -1.38112300 4.35178400 7.52764700
v -1.30323600 4.37242900 8.69014000
v -1.30323600 4.37242900 7.52729500
v -1.62735600 4.19245400 8.69012600
v -1.58418200 4.24153000 8.69030800
v -1.58418200 4.24153000 7.52746200
v -1.62735600 4.19245400 7.52728100
v -1.66384100 4.11669500 8.69007300
v -1.62735600 4.19245400 8.69012600
v -1.70730000 2.29058800 8.69007500
v -1.52565900 4.28775000 8.69145000
v -1.52565900 4.28775000 7.52860500
v -1.40142800 0.18218440 12.29716000
v -1.66936000 0.57558990 12.29716000
v -1.40142800 0.18218440 11.19864000
v -1.66936000 0.57558990 11.19864000
v -1.70705400 0.65851620 12.29716000
v -1.70705400 0.65851620 11.19864000
v -1.70847500 0.74455070 12.29716000
v -1.70847500 0.74455070 11.19864000
v -1.70847500 0.74455070 10.67707000
v -1.70847500 0.74455070 7.52722900
v -1.66936000 0.57558990 7.21960500
v -1.70705400 0.65851620 7.32578600
v -0.71390780 0.20362970 11.08599000
v -0.71390780 0.92457940 11.08599000
v -0.71390750 0.92457940 7.04371500
v -0.71390750 0.20362970 7.04371500
v -0.71390750 0.20362970 7.04371500
v -0.71390780 0.92457940 11.08599000
v -0.71390780 0.20362970 11.08599000
v -1.40142800 0.18218440 7.00565800
v -1.70705400 0.65851620 10.87851000
v -1.66936000 0.57558990 10.98469000
v -1.40142800 0.18218440 11.19864000
v -1.40142800 0.18218440 12.63249000
v -1.40142800 0.18218440 11.19864000
v -1.70847500 0.74455070 12.63249000
v -1.70847500 1.87411000 12.63249000
v -1.70730000 2.29058800 12.63249000
v -1.70007800 2.99344400 12.63249000
v -1.68216500 3.64570100 12.63249000
v -1.70730000 2.29058800 12.83320000
v -1.70847500 1.87411000 12.83320000
v -1.68188200 2.29058800 12.83320000
v -1.70007800 2.99344400 12.83320000
v -1.70730000 2.29058800 12.83320000
v -1.67466000 2.99344400 12.83320000
v -1.68216500 3.64570100 12.83320000
v -1.70007800 2.99344400 12.83320000
v -1.68305600 1.87411000 12.83320000
v -1.70847500 1.87411000 12.83320000
v -1.70847500 0.74455070 12.83320000
v -1.68216500 3.64570100 12.83320000
v -1.65674600 3.64570100 12.83320000
v -1.68216500 3.64570100 12.63249000
v -1.68305600 0.74455070 12.83320000
v -1.70847500 0.74455070 12.83320000
v -1.70847500 0.74455070 12.63249000
v -0.80777610 4.40487600 12.63249000
v -1.68216500 3.64570100 12.63249000
v -1.70007800 2.99344400 12.63249000
v -1.70847500 1.87411000 12.63249000
v -1.70847500 0.74455070 12.63249000
v -1.67605200 3.78314600 12.63249000
v -1.70730000 2.29058800 12.63249000
v -0.23837340 4.43275000 12.63249000
v -0.52536500 4.42040300 12.63249000
v -1.38112300 4.35178400 12.63291000
v -1.45840600 4.32219300 12.63363000
v -1.66384100 4.11669500 12.63249000
v -1.58418200 4.24153000 12.63272000
v -1.62735600 4.19245400 12.63254000
v -1.52565900 4.28775000 12.63387000
v -1.30323600 4.37242900 12.63256000
v -1.16513400 4.38542800 12.63249000
v -1.66936000 0.57558990 12.63249000
v -1.40142800 0.18218440 12.63249000
v -1.70705400 0.65851620 12.63249000
v -1.68188200 2.29058800 12.83320000
v -1.67466000 2.99344400 12.83320000
v -1.65674600 3.64570100 12.63249000
v -1.65674600 3.64570100 12.83320000
v -1.68305600 0.74455070 12.63249000
v -0.23837340 4.43275000 0.96017520
v -1.70847500 0.74455070 0.96017460
v -1.70705400 0.65851620 0.96017520
v -1.70847500 0.74455070 0.96017460
v -1.70847500 1.87411000 0.96017520
v -1.70847500 1.87411000 -0.91273880
v -1.70847500 0.74455070 -0.91273880
v -1.45840600 4.32219300 0.96131050
v -1.52565900 4.28775000 0.96155040
v -1.16513400 4.38542800 0.96017410
v -1.30323600 4.37242900 0.96024050
v -0.80777610 4.40487600 0.96017520
v -1.66936000 0.57558990 0.96017520
v -1.70007800 2.99344400 0.96017490
v -1.70007800 2.99344400 -0.91273880
v -1.70730000 2.29058800 -0.91273880
v -1.70730000 2.29058800 0.96017520
v -1.40142800 0.18218440 0.96017520
v -1.62735600 4.19245400 0.96022670
v -1.58418200 4.24153000 0.96040870
v -1.67605200 3.78314600 0.96017410
v -1.67605200 3.78314600 -0.91273810
v -1.68216500 3.64570100 -0.91273830
v -1.68216500 3.64570100 0.96017470
v -1.66384100 4.11669500 0.96017410
v -1.66384100 4.11669500 -0.91273780
v -1.38112300 4.35178400 0.96059290
v -0.52536500 4.42040300 0.96017520
v -1.62735600 4.19245400 0.96022670
v -1.62735600 4.19245400 -0.91268770
v -0.83023330 0.75332580 -7.41533400
v -0.83023330 0.50267350 -7.34817100
v -0.83023330 1.00397800 -7.84947500
v -0.83023330 0.93681590 -8.10012800
v -0.83023330 0.00136876 -7.84947500
v -0.83023330 0.06853080 -8.10012800
v -0.74192190 0.50267350 -7.34817100
v -0.83023330 0.50267350 -7.34817100
v -0.83023330 0.25202130 -7.41533400
v -0.83023330 0.93681590 -7.59882300
v -0.74192270 1.00397800 -7.84947500
v -0.83023330 1.00397800 -7.84947500
v -0.74192190 0.06853080 -8.10012800
v -0.83023330 0.06853080 -8.10012800
v -0.83023330 0.25202070 -8.28361800
v -0.83023330 0.50267340 -8.35078000
v -0.83023330 0.75332580 -8.28361800
v -0.74192190 0.25202130 -7.41533400
v -0.83023330 0.25202130 -7.41533400
v -0.83023330 0.06853104 -7.59882300
v -0.74192190 0.75332580 -7.41533400
v -0.74192190 0.93681590 -7.59882300
v -0.83023330 0.93681590 -7.59882300
v -0.83023330 0.75332580 -7.41533400
v -0.74192190 0.50267340 -8.35078000
v -0.74192190 0.25202070 -8.28361800
v -0.83023330 0.25202070 -8.28361800
v -0.83023330 0.50267340 -8.35078000
v -0.74192190 0.93681590 -8.10012800
v -0.74192190 0.75332580 -8.28361800
v -0.83023330 0.75332580 -8.28361800
v -0.83023330 0.93681590 -8.10012800
v -0.74192190 0.06853104 -7.59882300
v -0.83023330 0.06853104 -7.59882300
v -0.74192190 0.00136876 -7.84947500
v -0.83023330 0.00136876 -7.84947500
v -0.74192190 0.50267340 -10.74771000
v -0.83023330 0.50267340 -10.74771000
v -0.74192190 0.75332580 -10.68055000
v -0.83023330 0.75332580 -10.68055000
v -0.74192190 0.06853080 -10.49706000
v -0.83023330 0.06853080 -10.49706000
v -0.74192190 0.25202070 -10.68055000
v -0.83023330 0.25202070 -10.68055000
v -0.83023330 0.93681590 -10.49706000
v -0.74192190 0.93681590 -10.49706000
v -0.83023330 0.50267340 -10.74771000
v -0.83023330 0.93681590 -10.49706000
v -0.83023330 0.06853104 -9.99575800
v -0.83023330 0.25202130 -9.81226700
v -0.83023330 0.00136876 -10.24641000
v -0.83023330 0.75332580 -10.68055000
v -0.83023330 1.00397800 -10.24641000
v -0.83023330 0.06853080 -10.49706000
v -0.83023330 0.25202070 -10.68055000
v -0.83023330 0.50267350 -9.74510600
v -0.74192190 0.25202130 -9.81226700
v -0.83023330 0.25202130 -9.81226700
v -0.83023330 0.75332580 -9.81226700
v -0.83023330 0.93681590 -9.99575800
v -0.74192190 0.50267350 -9.74510600
v -0.74192190 0.75332580 -9.81226700
v -0.83023330 0.75332580 -9.81226700
v -0.83023330 0.50267350 -9.74510600
v -0.74192190 0.06853104 -9.99575800
v -0.83023330 0.06853104 -9.99575800
v -0.74192190 0.00136876 -10.24641000
v -0.83023330 0.00136876 -10.24641000
v -0.83023330 0.93681590 -9.99575800
v -0.74192190 0.93681590 -9.99575800
v -0.74192270 1.00397800 -10.24641000
v -0.83023330 1.00397800 -10.24641000
v 0.83023620 0.75332580 -7.41533400
v 0.83023620 0.50267350 -7.34817100
v 0.83023620 1.00397800 -7.84947500
v 0.83023620 0.93681590 -8.10012800
v 0.83023620 0.00136876 -7.84947500
v 0.83023620 0.06853080 -8.10012800
v 0.83023620 0.50267350 -7.34817100
v 0.74192470 0.50267350 -7.34817100
v 0.83023620 0.25202130 -7.41533400
v 0.83023620 0.93681590 -7.59882300
v 0.83023620 1.00397800 -7.84947500
v 0.74192550 1.00397800 -7.84947500
v 0.83023620 0.06853080 -8.10012800
v 0.74192470 0.06853080 -8.10012800
v 0.83023620 0.25202070 -8.28361800
v 0.83023620 0.50267340 -8.35078000
v 0.83023620 0.75332580 -8.28361800
v 0.83023620 0.25202130 -7.41533400
v 0.74192470 0.25202130 -7.41533400
v 0.83023620 0.06853104 -7.59882300
v 0.74192470 0.75332580 -7.41533400
v 0.83023620 0.93681590 -7.59882300
v 0.74192470 0.93681590 -7.59882300
v 0.83023620 0.75332580 -7.41533400
v 0.74192470 0.50267340 -8.35078000
v 0.83023620 0.25202070 -8.28361800
v 0.74192470 0.25202070 -8.28361800
v 0.83023620 0.50267340 -8.35078000
v 0.74192470 0.93681590 -8.10012800
v 0.83023620 0.75332580 -8.28361800
v 0.74192470 0.75332580 -8.28361800
v 0.83023620 0.93681590 -8.10012800
v 0.74192470 0.00136876 -7.84947500
v 0.83023620 0.06853104 -7.59882300
v 0.74192470 0.06853104 -7.59882300
v 0.83023620 0.00136876 -7.84947500
v 0.83023620 0.50267340 -10.74771000
v 0.74192470 0.50267340 -10.74771000
v 0.83023620 0.75332580 -10.68055000
v 0.74192470 0.75332580 -10.68055000
v 0.74192470 0.25202070 -10.68055000
v 0.83023620 0.06853080 -10.49706000
v 0.74192470 0.06853080 -10.49706000
v 0.83023620 0.25202070 -10.68055000
v 0.83023620 0.93681590 -10.49706000
v 0.74192470 0.93681590 -10.49706000
v 0.83023620 0.50267340 -10.74771000
v 0.83023620 0.75332580 -10.68055000
v 0.83023620 0.93681590 -10.49706000
v 0.83023620 0.06853104 -9.99575800
v 0.83023620 0.00136876 -10.24641000
v 0.83023620 0.06853080 -10.49706000
v 0.83023620 0.25202070 -10.68055000
v 0.83023620 0.25202130 -9.81226700
v 0.83023620 1.00397800 -10.24641000
v 0.74192470 0.25202130 -9.81226700
v 0.83023620 0.50267350 -9.74510600
v 0.83023620 0.25202130 -9.81226700
v 0.83023620 0.75332580 -9.81226700
v 0.83023620 0.93681590 -9.99575800
v 0.74192470 0.50267350 -9.74510600
v 0.83023620 0.75332580 -9.81226700
v 0.74192470 0.75332580 -9.81226700
v 0.83023620 0.50267350 -9.74510600
v 0.74192470 0.00136876 -10.24641000
v 0.83023620 0.06853104 -9.99575800
v 0.74192470 0.06853104 -9.99575800
v 0.83023620 0.00136876 -10.24641000
v 0.83023620 0.93681590 -9.99575800
v 0.83023620 1.00397800 -10.24641000
v 0.74192550 1.00397800 -10.24641000
v 0.74192470 0.93681590 -9.99575800
v 1.17714300 0.32848960 -7.86579700
v 1.04146800 0.38709900 -7.92301900
v 1.17714300 0.38709900 -7.92301900
v 1.17714300 0.32848990 -7.78466800
v 1.17714300 0.43454460 -7.70113100
v 1.17714300 0.43454460 -7.64468900
v 1.17714300 0.54389930 -7.64468900
v 1.04146800 0.54389930 -7.64468900
v 1.17714300 0.39913790 -10.23249000
v 1.04146800 0.39913790 -10.23249000
v 1.04146800 0.39913790 -10.30785000
v 1.17714300 0.39913790 -10.30785000
v 1.04146800 0.47799300 -9.79058300
v 1.04146800 0.47799280 -9.96851700
v 1.04146800 0.07730722 -10.95269000
v 1.04146800 0.07730722 -10.88686000
v 1.04146800 0.32848960 -9.56267400
v 1.04146800 0.20795510 -10.75621000
v 1.04146800 0.32848980 -8.51791600
v 1.04146800 0.39913790 -10.75621000
v 1.04146800 0.48199010 -8.25094200
v 1.04146800 0.39913790 -10.06075000
v 1.04146800 0.39913790 -10.23249000
v 1.04146800 0.48199010 -8.06655200
v 1.04146800 0.42926880 -10.06075000
v 0.85106020 0.54389930 -7.64468900
v 0.85106020 0.39913790 -10.23249000
v 1.04146800 0.38709900 -8.03604100
v 1.04146800 0.42926870 -9.96851700
v 1.04146800 0.07730722 -10.95269000
v 0.85106050 0.07730722 -10.95269000
v 1.04146800 0.86229390 -10.95269000
v 1.04146800 0.38709900 -7.92301900
v 1.04146800 0.39913790 -10.30785000
v 0.85106020 0.39913790 -10.30785000
v 0.85106020 0.38709900 -7.92301900
v -1.17714300 0.32848960 -7.86579700
v -1.04146800 0.38709900 -7.92301900
v -1.17714300 0.38709900 -7.92301900
v -1.17714300 0.32848990 -7.78466800
v -1.17714300 0.43454460 -7.70113100
v -1.17714300 0.43454460 -7.64468900
v -1.17714300 0.54389930 -7.64468900
v -1.04146800 0.54389930 -7.64468900
v -1.17714300 0.39913790 -10.23249000
v -1.04146800 0.39913790 -10.30785000
v -1.04146800 0.39913790 -10.23249000
v -1.17714300 0.39913790 -10.30785000
v -1.04146800 0.47799300 -9.79058300
v -1.04146800 0.47799280 -9.96851700
v -1.04146800 0.07730722 -10.88686000
v -1.04146800 0.07730722 -10.95269000
v -1.04146800 0.32848960 -9.56267400
v -1.04146800 0.20795510 -10.75621000
v -1.04146800 0.32848980 -8.51791600
v -1.04146800 0.39913790 -10.75621000
v -1.04146800 0.48199010 -8.25094200
v -1.04146800 0.39913790 -10.06075000
v -1.04146800 0.39913790 -10.23249000
v -1.04146800 0.48199010 -8.06655200
v -1.04146800 0.42926880 -10.06075000
v -0.85106020 0.54389930 -7.64468900
v -0.85106020 0.39913790 -10.23249000
v -1.04146800 0.38709900 -8.03604100
v -1.04146800 0.42926870 -9.96851700
v -0.85106050 0.07730722 -10.95269000
v -1.04146800 0.07730722 -10.95269000
v -1.04146800 0.86229390 -10.95269000
v -1.04146800 0.38709900 -7.92301900
v -0.85106020 0.39913790 -10.30785000
v -1.04146800 0.39913790 -10.30785000
v -0.85106020 0.38709900 -7.92301900
v -0.83023330 0.75332580 10.66979000
v -0.83023330 0.50267350 10.73695000
v -0.83023330 1.00397800 10.23565000
v -0.83023330 0.93681590 9.98499200
v -0.83023330 0.00136876 10.23565000
v -0.83023330 0.06853080 9.98499200
v -0.74192190 0.50267350 10.73695000
v -0.83023330 0.50267350 10.73695000
v -0.83023330 0.25202130 10.66979000
v -0.83023330 0.93681590 10.48630000
v -0.74192270 1.00397800 10.23565000
v -0.83023330 1.00397800 10.23565000
v -0.74192190 0.06853080 9.98499200
v -0.83023330 0.06853080 9.98499200
v -0.83023330 0.25202070 9.80150300
v -0.83023330 0.50267340 9.73434100
v -0.83023330 0.75332580 9.80150300
v -0.74192190 0.25202130 10.66979000
v -0.83023330 0.25202130 10.66979000
v -0.83023330 0.06853104 10.48630000
v -0.74192190 0.75332580 10.66979000
v -0.74192190 0.93681590 10.48630000
v -0.83023330 0.93681590 10.48630000
v -0.83023330 0.75332580 10.66979000
v -0.74192190 0.50267340 9.73434100
v -0.74192190 0.25202070 9.80150300
v -0.83023330 0.25202070 9.80150300
v -0.83023330 0.50267340 9.73434100
v -0.74192190 0.93681590 9.98499200
v -0.74192190 0.75332580 9.80150300
v -0.83023330 0.75332580 9.80150300
v -0.83023330 0.93681590 9.98499200
v -0.74192190 0.06853104 10.48630000
v -0.83023330 0.06853104 10.48630000
v -0.74192190 0.00136876 10.23565000
v -0.83023330 0.00136876 10.23565000
v -0.74192190 0.50267340 7.33740600
v -0.83023330 0.50267340 7.33740600
v -0.74192190 0.75332580 7.40456800
v -0.83023330 0.75332580 7.40456800
v -0.74192190 0.06853080 7.58805800
v -0.83023330 0.06853080 7.58805800
v -0.74192190 0.25202070 7.40456800
v -0.83023330 0.25202070 7.40456800
v -0.83023330 0.93681590 7.58805800
v -0.74192190 0.93681590 7.58805800
v -0.83023330 1.00397800 7.83871100
v -0.83023330 0.93681590 7.58805800
v -0.83023330 0.75332580 7.40456800
v -0.83023330 0.25202070 7.40456800
v -0.83023330 0.06853104 8.08936200
v -0.83023330 0.25202130 8.27285400
v -0.83023330 0.06853080 7.58805800
v -0.83023330 0.00136876 7.83871100
v -0.83023330 0.50267340 7.33740600
v -0.83023330 0.50267350 8.34001500
v -0.74192190 0.25202130 8.27285400
v -0.83023330 0.25202130 8.27285400
v -0.83023330 0.75332580 8.27285400
v -0.83023330 0.93681590 8.08936200
v -0.74192190 0.50267350 8.34001500
v -0.74192190 0.75332580 8.27285400
v -0.83023330 0.75332580 8.27285400
v -0.83023330 0.50267350 8.34001500
v -0.74192190 0.06853104 8.08936200
v -0.83023330 0.06853104 8.08936200
v -0.74192190 0.00136876 7.83871100
v -0.83023330 0.00136876 7.83871100
v -0.83023330 0.93681590 8.08936200
v -0.74192190 0.93681590 8.08936200
v -0.74192270 1.00397800 7.83871100
v -0.83023330 1.00397800 7.83871100
v 0.83023620 0.75332580 10.66979000
v 0.83023620 0.50267350 10.73695000
v 0.83023620 1.00397800 10.23565000
v 0.83023620 0.93681590 9.98499200
v 0.83023620 0.00136876 10.23565000
v 0.83023620 0.06853080 9.98499200
v 0.83023620 0.50267350 10.73695000
v 0.74192470 0.50267350 10.73695000
v 0.83023620 0.25202130 10.66979000
v 0.83023620 0.93681590 10.48630000
v 0.83023620 1.00397800 10.23565000
v 0.74192550 1.00397800 10.23565000
v 0.83023620 0.06853080 9.98499200
v 0.74192470 0.06853080 9.98499200
v 0.83023620 0.25202070 9.80150300
v 0.83023620 0.50267340 9.73434100
v 0.83023620 0.75332580 9.80150300
v 0.83023620 0.25202130 10.66979000
v 0.74192470 0.25202130 10.66979000
v 0.83023620 0.06853104 10.48630000
v 0.74192470 0.75332580 10.66979000
v 0.83023620 0.93681590 10.48630000
v 0.74192470 0.93681590 10.48630000
v 0.83023620 0.75332580 10.66979000
v 0.74192470 0.50267340 9.73434100
v 0.83023620 0.25202070 9.80150300
v 0.74192470 0.25202070 9.80150300
v 0.83023620 0.50267340 9.73434100
v 0.74192470 0.93681590 9.98499200
v 0.83023620 0.75332580 9.80150300
v 0.74192470 0.75332580 9.80150300
v 0.83023620 0.93681590 9.98499200
v 0.74192470 0.00136876 10.23565000
v 0.83023620 0.06853104 10.48630000
v 0.74192470 0.06853104 10.48630000
v 0.83023620 0.00136876 10.23565000
v 0.83023620 0.50267340 7.33740600
v 0.74192470 0.50267340 7.33740600
v 0.83023620 0.75332580 7.40456800
v 0.74192470 0.75332580 7.40456800
v 0.74192470 0.25202070 7.40456800
v 0.83023620 0.06853080 7.58805800
v 0.74192470 0.06853080 7.58805800
v 0.83023620 0.25202070 7.40456800
v 0.83023620 0.93681590 7.58805800
v 0.74192470 0.93681590 7.58805800
v 0.83023620 0.75332580 7.40456800
v 0.83023620 0.93681590 7.58805800
v 0.83023620 0.06853104 8.08936200
v 0.83023620 0.25202070 7.40456800
v 0.83023620 0.50267340 7.33740600
v 0.83023620 0.06853080 7.58805800
v 0.83023620 0.00136876 7.83871100
v 0.83023620 0.25202130 8.27285400
v 0.83023620 1.00397800 7.83871100
v 0.74192470 0.25202130 8.27285400
v 0.83023620 0.50267350 8.34001500
v 0.83023620 0.25202130 8.27285400
v 0.83023620 0.75332580 8.27285400
v 0.83023620 0.93681590 8.08936200
v 0.74192470 0.50267350 8.34001500
v 0.83023620 0.75332580 8.27285400
v 0.74192470 0.75332580 8.27285400
v 0.83023620 0.50267350 8.34001500
v 0.74192470 0.00136876 7.83871100
v 0.83023620 0.06853104 8.08936200
v 0.74192470 0.06853104 8.08936200
v 0.83023620 0.00136876 7.83871100
v 0.83023620 0.93681590 8.08936200
v 0.83023620 1.00397800 7.83871100
v 0.74192550 1.00397800 7.83871100
v 0.74192470 0.93681590 8.08936200
v 1.17714300 0.32848960 10.21932000
v 1.04146800 0.38709900 10.16210000
v 1.17714300 0.38709900 10.16210000
v 1.17714300 0.32848990 10.30045000
v 1.17714300 0.43454460 10.38399000
v 1.17714300 0.43454460 10.44043000
v 1.17714300 0.54389930 10.44043000
v 1.04146800 0.54389930 10.44043000
v 1.17714300 0.39913790 7.85262700
v 1.04146800 0.39913790 7.85262700
v 1.04146800 0.39913790 7.77727200
v 1.17714300 0.39913790 7.77727200
v 1.12911300 0.18615270 10.57935000
v 1.12911400 0.25855270 10.74690000
v 1.12911300 0.28383540 10.70218000
v 1.04146800 0.36216710 10.70218000
v 1.12911300 0.36216710 10.70218000
v 1.12911300 0.12418460 10.57935000
v 1.12911400 0.12418440 11.10212000
v 1.12911300 0.28383510 10.74690000
v 1.12911400 0.86229390 10.73871000
v 1.04146800 0.86229390 10.95030000
v 1.12911400 0.86229390 10.95030000
v 1.04146800 0.86229390 10.73871000
v 1.04146800 0.12418440 11.10212000
v 1.04146800 0.47799300 8.29453800
v 1.04146800 0.47799280 8.11660400
v 1.04146800 0.07730722 7.13243000
v 1.04146800 0.07730722 7.19826000
v 1.04146800 0.32848960 8.52244800
v 1.04146800 0.20795510 7.32890600
v 1.04146800 0.32848980 9.56720500
v 1.04146800 0.39913790 7.32890600
v 1.04146800 0.48199010 9.83417900
v 1.04146800 0.39913790 8.02436600
v 1.04146800 0.39913790 7.85262700
v 1.04146800 0.48199010 10.01857000
v 1.04146800 0.42926880 8.02436600
v 0.85106020 0.54389930 10.44043000
v 0.85106020 0.39913790 7.85262700
v 1.04146800 0.38709900 10.04908000
v 1.04146800 0.42926870 8.11660400
v 1.04146800 0.07730722 7.13243000
v 0.85106050 0.07730722 7.13243000
v 1.04146800 0.86229390 7.13243000
v 1.04146800 0.38709900 10.16210000
v 1.04146800 0.39913790 7.77727200
v 0.85106020 0.39913790 7.77727200
v 0.85106020 0.38709900 10.16210000
v -1.17714300 0.32848960 10.21932000
v -1.04146800 0.38709900 10.16210000
v -1.17714300 0.38709900 10.16210000
v -1.17714300 0.32848990 10.30045000
v -1.17714300 0.43454460 10.38399000
v -1.17714300 0.43454460 10.44043000
v -1.17714300 0.54389930 10.44043000
v -1.04146800 0.54389930 10.44043000
v -1.17714300 0.39913790 7.85262700
v -1.04146800 0.39913790 7.77727200
v -1.04146800 0.39913790 7.85262700
v -1.17714300 0.39913790 7.77727200
v -1.12911400 0.25855270 10.74690000
v -1.12911300 0.18615270 10.57935000
v -1.12911300 0.28383540 10.70218000
v -1.04146800 0.36216710 10.70218000
v -1.12911300 0.36216710 10.70218000
v -1.12911400 0.12418440 11.10212000
v -1.12911300 0.12418460 10.57935000
v -1.12911300 0.28383510 10.74690000
v -1.12911400 0.86229390 10.95030000
v -1.04146800 0.86229390 10.95030000
v -1.12911400 0.86229390 10.73871000
v -1.04146800 0.86229390 10.73871000
v -1.04146800 0.12418440 11.10212000
v -1.04146800 0.47799300 8.29453800
v -1.04146800 0.47799280 8.11660400
v -1.04146800 0.07730722 7.19826000
v -1.04146800 0.07730722 7.13243000
v -1.04146800 0.32848960 8.52244800
v -1.04146800 0.20795510 7.32890600
v -1.04146800 0.32848980 9.56720500
v -1.04146800 0.39913790 7.32890600
v -1.04146800 0.48199010 9.83417900
v -1.04146800 0.39913790 8.02436600
v -1.04146800 0.39913790 7.85262700
v -1.04146800 0.48199010 10.01857000
v -1.04146800 0.42926880 8.02436600
v -0.85106020 0.54389930 10.44043000
v -0.85106020 0.39913790 7.85262700
v -1.04146800 0.38709900 10.04908000
v -1.04146800 0.42926870 8.11660400
v -0.85106050 0.07730722 7.13243000
v -1.04146800 0.07730722 7.13243000
v -1.04146800 0.86229390 7.13243000
v -1.04146800 0.38709900 10.16210000
v -0.85106020 0.39913790 7.77727200
v -1.04146800 0.39913790 7.77727200
v -0.85106020 0.38709900 10.16210000
v 0.85529890 0.74455070 -7.47979400
v 1.70847500 0.74455070 -7.47979400
v 0.71390750 0.92457940 -6.99628000
v 0.85529940 0.74455070 -10.62964000
v 1.70847500 0.74455070 -10.62964000
v 1.68305600 1.87411000 -12.78576000
v 1.68305600 0.74455070 -12.78576000
v 1.70847500 0.74455070 7.52722900
v 0.85529890 0.74455070 7.52722900
v 0.71390750 0.92457940 7.04371500
v 0.85529940 0.74455070 10.67707000
v 1.70847500 0.74455070 10.67707000
v 1.68305600 1.87411000 12.83320000
v 1.68305600 0.74455070 12.83320000
v 0.00000000 4.44032100 -0.91273880
v 0.23837340 4.43275000 -0.91273880
v 1.70705400 0.65851620 -0.91273880
v 1.70847500 0.74455070 -0.91273880
v 1.16513400 4.38542800 -0.91273780
v 0.80777610 4.40487600 -0.91273880
v 1.66936000 0.57558990 -0.91273880
v 1.40142800 0.18218440 -0.91273880
v 0.52536500 4.42040300 -0.91273880
v 0.00000000 4.44032100 -0.91273880
v 0.00000000 4.44032100 -2.78565300
v 0.00000000 4.44032100 -2.78565300
v 0.00000000 4.44032100 -4.65066500
v 0.00000000 4.44032100 -4.65066500
v 0.00000000 4.44032100 -5.57526800
v 0.00000000 4.44032100 -5.57526800
v 0.00000000 4.44032100 -6.95822200
v 0.00000000 4.44032100 -6.95822200
v 0.00000000 4.44032100 -7.47979400
v 0.00000000 4.44032100 -8.64263900
v 0.00000000 4.44032100 -10.62964000
v 0.00000000 4.44032100 -11.15121000
v 0.00000000 4.44032100 -12.58505000
v 0.00000000 4.44032100 -7.47979400
v 0.00000000 4.44032100 -8.64263900
v 0.00000000 0.92457940 -11.03855000
v 0.00000000 0.92457940 -6.99628000
v -1.70847500 0.74455070 -7.47979400
v -0.85529890 0.74455070 -7.47979400
v 0.00000000 0.20362970 -6.99628000
v 0.00000000 0.20362970 -11.03855000
v -0.71390750 0.92457940 -6.99628000
v 0.00000000 0.92457940 -6.99628000
v 0.00000000 0.20362970 -6.99628000
v 0.00000000 0.20362970 -11.03855000
v 0.00000000 0.92457940 -11.03855000
v -0.85529940 0.74455070 -10.62964000
v -1.70847500 0.74455070 -10.62964000
v 0.00000000 0.18218440 -11.15121000
v 0.00000000 0.18218440 -12.58505000
v 0.00000000 4.44032100 -12.58505000
v 0.00000000 0.18218440 -12.58505000
v -1.68305600 1.87411000 -12.78576000
v -1.68305600 0.74455070 -12.78576000
v 0.00000000 4.44032100 2.83308900
v 0.00000000 4.44032100 0.96017520
v 0.00000000 4.44032100 4.69810100
v 0.00000000 4.44032100 2.83308900
v 0.00000000 4.44032100 5.62270400
v 0.00000000 4.44032100 4.69810100
v 0.00000000 4.44032100 7.00565800
v 0.00000000 4.44032100 5.62270400
v 0.00000000 4.44032100 7.52722900
v 0.00000000 4.44032100 7.00565800
v 0.00000000 4.44032100 10.67707000
v 0.00000000 4.44032100 8.69007500
v 0.00000000 4.44032100 11.19864000
v 0.00000000 4.44032100 12.63249000
v 0.00000000 4.44032100 8.69007500
v 0.00000000 4.44032100 7.52722900
v 0.00000000 0.92457940 11.08599000
v 0.00000000 0.92457940 7.04371500
v -0.85529890 0.74455070 7.52722900
v -1.70847500 0.74455070 7.52722900
v 0.00000000 0.20362970 11.08599000
v 0.00000000 0.20362970 7.04371500
v 0.00000000 0.92457940 7.04371500
v 0.00000000 0.20362970 7.04371500
v -0.71390750 0.92457940 7.04371500
v 0.00000000 0.92457940 11.08599000
v 0.00000000 0.20362970 11.08599000
v -0.85529940 0.74455070 10.67707000
v -1.70847500 0.74455070 10.67707000
v 0.00000000 0.18218440 11.19864000
v 0.00000000 0.18218440 12.63249000
v 0.00000000 0.18218440 12.63249000
v 0.00000000 4.44032100 12.63249000
v -1.68305600 1.87411000 12.83320000
v -1.68305600 0.74455070 12.83320000
v 0.00000000 4.44032100 0.96017520
v 0.00000000 4.44032100 -0.91273880
v -0.23837340 4.43275000 -0.91273880
v -1.70847500 0.74455070 -0.91273880
v -1.70705400 0.65851620 -0.91273880
v -1.16513400 4.38542800 -0.91273780
v -0.80777610 4.40487600 -0.91273880
v -1.66936000 0.57558990 -0.91273880
v -1.40142800 0.18218440 -0.91273880
v -0.52536500 4.42040300 -0.91273880
v 0.74192550 1.00397800 -7.84947500
v 0.74192470 0.93681590 -8.10012800
v 0.74192470 0.75332580 -7.41533400
v 0.74192470 0.75332580 -7.41533400
v 0.74192470 0.93681590 -8.10012800
v 0.74192470 0.75332580 -8.28361800
v 0.74192470 0.25202130 -7.41533400
v 0.74192470 0.75332580 -8.28361800
v 0.74192470 0.25202070 -8.28361800
v 0.74192470 0.06853080 -8.10012800
v 0.74192470 0.25202070 -8.28361800
v 0.74192470 0.25202130 -7.41533400
v 0.74192470 0.93681590 -7.59882300
v 0.74192470 0.50267350 -7.34817100
v 0.74192470 0.00136876 -7.84947500
v 0.74192470 0.06853104 -7.59882300
v 0.74192470 0.75332580 -8.28361800
v 0.74192470 0.50267340 -8.35078000
v -0.74192190 0.75332580 -7.41533400
v -0.74192190 0.75332580 -8.28361800
v -0.74192190 0.93681590 -8.10012800
v -0.74192190 0.25202130 -7.41533400
v -0.74192190 0.06853104 -7.59882300
v -0.74192190 0.00136876 -7.84947500
v -0.74192190 0.06853080 -8.10012800
v -0.74192190 0.25202070 -8.28361800
v -0.74192190 0.50267340 -8.35078000
v -0.74192190 0.75332580 -8.28361800
v -0.74192190 0.25202130 -7.41533400
v -0.74192190 0.25202070 -8.28361800
v -0.74192190 0.75332580 -7.41533400
v -0.74192190 0.75332580 -8.28361800
v -0.74192190 0.50267350 -7.34817100
v -0.74192270 1.00397800 -7.84947500
v -0.74192190 0.93681590 -7.59882300
v -0.74192190 0.93681590 -8.10012800
v -0.74192190 0.93681590 -9.99575800
v -0.74192190 0.06853104 -9.99575800
v -0.74192190 0.50267340 -10.74771000
v -0.74192190 0.93681590 -9.99575800
v -0.74192190 0.75332580 -9.81226700
v -0.74192190 0.50267350 -9.74510600
v -0.74192190 0.50267340 -10.74771000
v -0.74192190 0.00136876 -10.24641000
v -0.74192190 0.06853080 -10.49706000
v -0.74192190 0.06853080 -10.49706000
v -0.74192190 0.25202070 -10.68055000
v -0.74192190 0.06853104 -9.99575800
v -0.74192190 0.00136876 -10.24641000
v -0.74192190 0.25202130 -9.81226700
v -0.74192190 0.06853104 -9.99575800
v -0.74192190 0.93681590 -10.49706000
v -0.74192270 1.00397800 -10.24641000
v -0.74192190 0.75332580 -10.68055000
v 0.74192470 0.50267340 -10.74771000
v 0.74192470 0.00136876 -10.24641000
v 0.74192470 0.06853104 -9.99575800
v 0.74192470 0.06853104 -9.99575800
v 0.74192470 0.93681590 -9.99575800
v 0.74192470 0.25202070 -10.68055000
v 0.74192470 0.06853080 -10.49706000
v 0.74192470 0.50267340 -10.74771000
v 0.74192470 0.93681590 -9.99575800
v 0.74192470 0.93681590 -10.49706000
v 0.74192470 0.75332580 -10.68055000
v 0.74192550 1.00397800 -10.24641000
v 0.74192470 0.50267350 -9.74510600
v 0.74192470 0.75332580 -9.81226700
v 0.74192470 0.06853104 -9.99575800
v 0.74192470 0.25202130 -9.81226700
v 0.74192470 0.06853080 -10.49706000
v 0.74192470 0.00136876 -10.24641000
v 1.17714300 0.52664460 -10.35250000
v 1.17718000 0.44849930 -10.34134000
v 1.04150500 0.44849930 -10.34134000
v 1.04146800 0.52664460 -10.35250000
v 1.17714300 0.47919920 -10.13760000
v 1.04146800 0.47919920 -10.13760000
v 1.04146800 0.42896270 -10.17947000
v 1.17714300 0.42896270 -10.17947000
v 1.04146800 0.63188480 -8.29919300
v 1.04147500 0.75748940 -8.17358900
v 1.04146700 0.66432980 -9.81781200
v 1.04146900 0.53641280 -9.81781300
v 0.93024920 0.63188480 -8.29919300
v 1.04146800 0.63188480 -8.29919300
v 1.04146900 0.53408720 -8.29919300
v 1.04146800 0.62944320 -7.87114600
v 1.04146800 0.62479170 -7.81300000
v 1.17714300 0.62944320 -7.87114600
v 1.17714300 0.62479170 -7.81300000
v 1.17714300 0.42896270 -10.17947000
v 1.04146800 0.42896270 -10.17947000
v 1.04146800 0.39913790 -10.23249000
v 1.17714300 0.39913790 -10.23249000
v 1.17714300 0.52664460 -10.35250000
v 1.04146800 0.52664460 -10.35250000
v 1.04146800 0.58246300 -10.33018000
v 1.17714300 0.58246300 -10.33018000
v 1.04146800 0.62479170 -7.81300000
v 1.04146800 0.59223140 -7.75718500
v 1.17714300 0.59223140 -7.75718500
v 1.17714300 0.62479170 -7.81300000
v 1.17714300 0.38709900 -7.92301900
v 1.04146800 0.38709900 -7.92301900
v 1.04146800 0.41314720 -7.95487500
v 1.17714300 0.41314720 -7.95487500
v 1.04146800 0.32848960 -7.86579700
v 1.17714300 0.32848960 -7.86579700
v 1.04146800 0.58246300 -10.33018000
v 1.04146800 0.62711790 -10.27436000
v 1.17714300 0.58246300 -10.33018000
v 1.17714300 0.62711790 -10.27436000
v 1.17714300 0.59223140 -7.75718500
v 1.04146800 0.59223140 -7.75718500
v 1.04146800 0.54804190 -7.73392600
v 1.17714300 0.54804190 -7.73392600
v 1.17714300 0.41314720 -7.95487500
v 1.04146800 0.41314720 -7.95487500
v 1.04146800 0.46431420 -7.98743500
v 1.17714300 0.46431420 -7.98743500
v 1.04146800 0.32848990 -7.78466800
v 1.17714300 0.32848990 -7.78466800
v 1.04146800 0.62711790 -10.27436000
v 1.04146800 0.62711760 -10.21017000
v 1.17714300 0.62711790 -10.27436000
v 1.17714300 0.62711760 -10.21017000
v 1.17714300 0.39913790 -10.30785000
v 1.04146800 0.39913790 -10.30785000
v 1.04150500 0.44849930 -10.34134000
v 1.17718000 0.44849930 -10.34134000
v 1.17714300 0.54389930 -7.64468900
v 1.17714300 0.54804190 -7.73392600
v 1.04146800 0.54389930 -7.64468900
v 1.04146800 0.54804190 -7.73392600
v 1.17714300 0.46431420 -7.98743500
v 1.04146800 0.46431420 -7.98743500
v 1.04146900 0.52478410 -7.98278400
v 1.17714400 0.52478410 -7.98278400
v 1.04146800 0.43454460 -7.70113100
v 1.17714300 0.43454460 -7.70113100
v 1.04146800 0.62711760 -10.21017000
v 1.04146800 0.59920860 -10.16272000
v 1.17714300 0.59920860 -10.16272000
v 1.17714300 0.62711760 -10.21017000
v 1.04146900 0.52478410 -7.98278400
v 1.04146800 0.57129930 -7.95720000
v 1.17714300 0.57129930 -7.95720000
v 1.17714400 0.52478410 -7.98278400
v 1.04146800 0.43454460 -7.64468900
v 1.17714300 0.43454460 -7.64468900
v 1.17714300 0.59920860 -10.16272000
v 1.04146800 0.59920860 -10.16272000
v 1.04146800 0.54059920 -10.13481000
v 1.17714300 0.54059920 -10.13481000
v 1.04146800 0.57129930 -7.95720000
v 1.04146800 0.60618600 -7.92231400
v 1.17714300 0.60618600 -7.92231400
v 1.17714300 0.57129930 -7.95720000
v 1.04146800 0.54059920 -10.13481000
v 1.04146800 0.47919920 -10.13760000
v 1.17714300 0.47919920 -10.13760000
v 1.17714300 0.54059920 -10.13481000
v 1.04146800 0.60618600 -7.92231400
v 1.04146800 0.62944320 -7.87114600
v 1.17714300 0.60618600 -7.92231400
v 1.17714300 0.62944320 -7.87114600
v 0.93024920 0.63188480 -8.29919300
v 0.93025580 0.75748940 -8.17358900
v 0.93025020 0.53408720 -8.29919300
v 0.93024810 0.66432980 -9.81781200
v 0.93025000 0.53641280 -9.81781300
v 0.93025000 0.53641280 -9.81781300
v 1.04146900 0.53641280 -9.81781300
v 1.04146900 0.53641280 -9.83874500
v 0.93024990 0.53641280 -9.83874500
v 0.93024810 0.60616930 -8.17358900
v 0.93025580 0.75748940 -8.17358900
v 1.04146700 0.60616930 -8.17358900
v 1.04147500 0.75748940 -8.17358900
v 0.93024940 0.86229390 -9.89688800
v 0.93024920 0.77061630 -9.89688800
v 1.04146800 0.77061630 -9.89688800
v 1.04146800 0.86229390 -9.89688800
v 0.93025000 0.53408740 -8.17358900
v 1.04146900 0.53408740 -8.17358900
v 0.93024920 0.76732210 -9.85895300
v 0.93024940 0.86229390 -9.89688800
v 1.04146800 0.76732210 -9.85895300
v 1.04146800 0.86229390 -9.89688800
v 1.04146900 0.53641300 -9.89688800
v 0.93024990 0.53641300 -9.89688800
v 0.93025000 0.53408740 -8.17358900
v 1.04146900 0.53408740 -8.17358900
v 1.04146900 0.53408740 -8.19453000
v 0.93025000 0.53408740 -8.19453000
v 0.93024990 0.53641300 -9.89688800
v 1.04146900 0.53641300 -9.89688800
v 1.04146900 0.53408720 -8.29919300
v 0.93025020 0.53408720 -8.29919300
v 0.93024810 0.66432980 -9.81781200
v 1.04146700 0.66432980 -9.81781200
v 0.85106020 0.47799300 -9.79058300
v 1.04146800 0.47799300 -9.79058300
v 0.85106040 0.07730722 -10.88686000
v 1.04146800 0.07730722 -10.88686000
v 0.85106020 0.32848990 -7.78466800
v 0.85106040 0.32848960 -9.56267400
v 1.04146800 0.32848960 -9.56267400
v 0.85106020 0.20795510 -10.75621000
v 1.04146800 0.20795510 -10.75621000
v 0.85106020 0.43454460 -7.70113100
v 0.85106020 0.32848980 -8.51791600
v 1.04146800 0.32848980 -8.51791600
v 0.85106020 0.43454460 -7.64468900
v 0.85106020 0.48199010 -8.25094200
v 1.04146800 0.48199010 -8.25094200
v 1.04146800 0.39913790 -10.06075000
v 0.85106020 0.39913790 -10.06075000
v 1.04146800 0.54389930 -7.51689000
v 1.04146800 0.54389930 -7.64468900
v 1.04146800 0.48199010 -8.06655200
v 0.85106020 0.48199010 -8.06655200
v 1.04146800 0.42926880 -10.06075000
v 0.85106020 0.42926880 -10.06075000
v 0.85106020 0.54389930 -7.51689000
v 1.04146800 0.36216710 -7.51689000
v 1.04146800 0.54389930 -7.51689000
v 0.85106020 0.38709900 -8.03604100
v 1.04146800 0.38709900 -8.03604100
v 1.04146800 0.42926870 -9.96851700
v 1.04146800 0.47799280 -9.96851700
v 0.85106040 0.42926870 -9.96851700
v 0.85106020 0.47799280 -9.96851700
v 0.85106020 0.36216710 -7.51689000
v 1.04146800 0.36216710 -7.38294400
v 1.04146800 0.36216710 -7.51689000
v 0.85106020 0.39913790 -10.75621000
v 1.04146800 0.39913790 -10.75621000
v 0.85106020 0.32848960 -7.86579700
v -1.17718000 0.44849930 -10.34134000
v -1.17714300 0.52664460 -10.35250000
v -1.04150500 0.44849930 -10.34134000
v -1.04146800 0.52664460 -10.35250000
v -1.17714300 0.47919920 -10.13760000
v -1.04146800 0.42896270 -10.17947000
v -1.04146800 0.47919920 -10.13760000
v -1.17714300 0.42896270 -10.17947000
v -1.04146800 0.63188480 -8.29919300
v -1.04147500 0.75748940 -8.17358900
v -1.04146900 0.53641280 -9.81781300
v -1.04146700 0.66432980 -9.81781200
v -0.93024920 0.63188480 -8.29919300
v -1.04146800 0.63188480 -8.29919300
v -1.04146900 0.53408720 -8.29919300
v -1.04146800 0.62479170 -7.81300000
v -1.17714300 0.62944320 -7.87114600
v -1.17714300 0.62479170 -7.81300000
v -1.04146800 0.62944320 -7.87114600
v -1.17714300 0.42896270 -10.17947000
v -1.04146800 0.39913790 -10.23249000
v -1.04146800 0.42896270 -10.17947000
v -1.17714300 0.39913790 -10.23249000
v -1.17714300 0.52664460 -10.35250000
v -1.04146800 0.58246300 -10.33018000
v -1.04146800 0.52664460 -10.35250000
v -1.17714300 0.58246300 -10.33018000
v -1.17714300 0.59223140 -7.75718500
v -1.04146800 0.59223140 -7.75718500
v -1.04146800 0.62479170 -7.81300000
v -1.17714300 0.62479170 -7.81300000
v -1.17714300 0.38709900 -7.92301900
v -1.04146800 0.41314720 -7.95487500
v -1.04146800 0.38709900 -7.92301900
v -1.17714300 0.41314720 -7.95487500
v -1.04146800 0.32848960 -7.86579700
v -1.17714300 0.32848960 -7.86579700
v -1.17714300 0.58246300 -10.33018000
v -1.17714300 0.62711790 -10.27436000
v -1.04146800 0.62711790 -10.27436000
v -1.04146800 0.58246300 -10.33018000
v -1.17714300 0.59223140 -7.75718500
v -1.04146800 0.54804190 -7.73392600
v -1.04146800 0.59223140 -7.75718500
v -1.17714300 0.54804190 -7.73392600
v -1.17714300 0.41314720 -7.95487500
v -1.04146800 0.46431420 -7.98743500
v -1.04146800 0.41314720 -7.95487500
v -1.17714300 0.46431420 -7.98743500
v -1.04146800 0.32848990 -7.78466800
v -1.17714300 0.32848990 -7.78466800
v -1.04146800 0.62711760 -10.21017000
v -1.17714300 0.62711790 -10.27436000
v -1.17714300 0.62711760 -10.21017000
v -1.04146800 0.62711790 -10.27436000
v -1.17714300 0.39913790 -10.30785000
v -1.04150500 0.44849930 -10.34134000
v -1.04146800 0.39913790 -10.30785000
v -1.17718000 0.44849930 -10.34134000
v -1.17714300 0.54389930 -7.64468900
v -1.04146800 0.54389930 -7.64468900
v -1.17714300 0.54804190 -7.73392600
v -1.04146800 0.54804190 -7.73392600
v -1.17714300 0.46431420 -7.98743500
v -1.04146900 0.52478410 -7.98278400
v -1.04146800 0.46431420 -7.98743500
v -1.17714400 0.52478410 -7.98278400
v -1.04146800 0.43454460 -7.70113100
v -1.17714300 0.43454460 -7.70113100
v -1.17714300 0.59920860 -10.16272000
v -1.04146800 0.59920860 -10.16272000
v -1.04146800 0.62711760 -10.21017000
v -1.17714300 0.62711760 -10.21017000
v -1.04146900 0.52478410 -7.98278400
v -1.17714400 0.52478410 -7.98278400
v -1.17714300 0.57129930 -7.95720000
v -1.04146800 0.57129930 -7.95720000
v -1.04146800 0.43454460 -7.64468900
v -1.17714300 0.43454460 -7.64468900
v -1.17714300 0.59920860 -10.16272000
v -1.04146800 0.54059920 -10.13481000
v -1.04146800 0.59920860 -10.16272000
v -1.17714300 0.54059920 -10.13481000
v -1.04146800 0.57129930 -7.95720000
v -1.17714300 0.57129930 -7.95720000
v -1.17714300 0.60618600 -7.92231400
v -1.04146800 0.60618600 -7.92231400
v -1.04146800 0.54059920 -10.13481000
v -1.17714300 0.54059920 -10.13481000
v -1.17714300 0.47919920 -10.13760000
v -1.04146800 0.47919920 -10.13760000
v -1.04146800 0.62944320 -7.87114600
v -1.17714300 0.60618600 -7.92231400
v -1.17714300 0.62944320 -7.87114600
v -1.04146800 0.60618600 -7.92231400
v -0.93024920 0.63188480 -8.29919300
v -0.93025020 0.53408720 -8.29919300
v -0.93025580 0.75748940 -8.17358900
v -0.93024810 0.66432980 -9.81781200
v -0.93025000 0.53641280 -9.81781300
v -0.93025000 0.53641280 -9.81781300
v -1.04146900 0.53641280 -9.83874500
v -1.04146900 0.53641280 -9.81781300
v -0.93024990 0.53641280 -9.83874500
v -0.93024810 0.60616930 -8.17358900
v -1.04146700 0.60616930 -8.17358900
v -0.93025580 0.75748940 -8.17358900
v -1.04147500 0.75748940 -8.17358900
v -0.93024940 0.86229390 -9.89688800
v -1.04146800 0.86229390 -9.89688800
v -1.04146800 0.77061630 -9.89688800
v -0.93024920 0.77061630 -9.89688800
v -0.93025000 0.53408740 -8.17358900
v -1.04146900 0.53408740 -8.17358900
v -0.93024920 0.76732210 -9.85895300
v -1.04146800 0.76732210 -9.85895300
v -0.93024940 0.86229390 -9.89688800
v -1.04146800 0.86229390 -9.89688800
v -1.04146900 0.53641300 -9.89688800
v -0.93024990 0.53641300 -9.89688800
v -0.93025000 0.53408740 -8.17358900
v -1.04146900 0.53408740 -8.19453000
v -1.04146900 0.53408740 -8.17358900
v -0.93025000 0.53408740 -8.19453000
v -0.93024990 0.53641300 -9.89688800
v -1.04146900 0.53641300 -9.89688800
v -0.93025020 0.53408720 -8.29919300
v -1.04146900 0.53408720 -8.29919300
v -0.93024810 0.66432980 -9.81781200
v -1.04146700 0.66432980 -9.81781200
v -1.04146800 0.47799300 -9.79058300
v -0.85106020 0.47799300 -9.79058300
v -0.85106040 0.07730722 -10.88686000
v -1.04146800 0.07730722 -10.88686000
v -0.85106020 0.32848990 -7.78466800
v -0.85106040 0.32848960 -9.56267400
v -1.04146800 0.32848960 -9.56267400
v -0.85106020 0.20795510 -10.75621000
v -1.04146800 0.20795510 -10.75621000
v -0.85106020 0.43454460 -7.70113100
v -0.85106020 0.32848980 -8.51791600
v -1.04146800 0.32848980 -8.51791600
v -0.85106020 0.43454460 -7.64468900
v -0.85106020 0.48199010 -8.25094200
v -1.04146800 0.48199010 -8.25094200
v -0.85106020 0.39913790 -10.06075000
v -1.04146800 0.39913790 -10.06075000
v -1.04146800 0.54389930 -7.51689000
v -1.04146800 0.54389930 -7.64468900
v -0.85106020 0.48199010 -8.06655200
v -1.04146800 0.48199010 -8.06655200
v -1.04146800 0.42926880 -10.06075000
v -0.85106020 0.42926880 -10.06075000
v -0.85106020 0.54389930 -7.51689000
v -1.04146800 0.36216710 -7.51689000
v -1.04146800 0.54389930 -7.51689000
v -0.85106020 0.38709900 -8.03604100
v -1.04146800 0.38709900 -8.03604100
v -1.04146800 0.47799280 -9.96851700
v -0.85106040 0.42926870 -9.96851700
v -0.85106020 0.47799280 -9.96851700
v -1.04146800 0.42926870 -9.96851700
v -1.04146800 0.36216710 -7.38294400
v -0.85106020 0.36216710 -7.51689000
v -1.04146800 0.36216710 -7.51689000
v -0.85106020 0.39913790 -10.75621000
v -1.04146800 0.39913790 -10.75621000
v -0.85106020 0.32848960 -7.86579700
v -0.74192190 0.75332580 9.80150300
v -0.74192270 1.00397800 10.23565000
v -0.74192190 0.93681590 10.48630000
v -0.74192190 0.25202130 10.66979000
v -0.74192190 0.06853104 10.48630000
v -0.74192190 0.25202070 9.80150300
v -0.74192190 0.25202070 9.80150300
v -0.74192190 0.75332580 9.80150300
v -0.74192190 0.50267350 10.73695000
v -0.74192190 0.50267340 9.73434100
v -0.74192190 0.75332580 9.80150300
v -0.74192190 0.00136876 10.23565000
v -0.74192190 0.06853080 9.98499200
v -0.74192190 0.50267350 10.73695000
v -0.74192190 0.50267350 10.73695000
v -0.74192190 0.93681590 10.48630000
v -0.74192190 0.75332580 10.66979000
v -0.74192190 0.93681590 9.98499200
v -0.74192190 0.06853104 8.08936200
v -0.74192190 0.00136876 7.83871100
v -0.74192190 0.06853080 7.58805800
v -0.74192190 0.06853080 7.58805800
v -0.74192190 0.25202070 7.40456800
v -0.74192190 0.06853104 8.08936200
v -0.74192190 0.06853104 8.08936200
v -0.74192190 0.75332580 7.40456800
v -0.74192190 0.93681590 8.08936200
v -0.74192190 0.93681590 8.08936200
v -0.74192190 0.75332580 8.27285400
v -0.74192190 0.50267350 8.34001500
v -0.74192190 0.25202070 7.40456800
v -0.74192190 0.75332580 7.40456800
v -0.74192190 0.06853104 8.08936200
v -0.74192190 0.25202130 8.27285400
v -0.74192190 0.75332580 7.40456800
v -0.74192190 0.93681590 7.58805800
v -0.74192270 1.00397800 7.83871100
v -0.74192190 0.25202070 7.40456800
v -0.74192190 0.50267340 7.33740600
v 0.74192470 0.06853104 8.08936200
v 0.74192470 0.75332580 7.40456800
v 0.74192470 0.25202070 7.40456800
v 0.74192470 0.93681590 8.08936200
v 0.74192470 0.75332580 7.40456800
v 0.74192470 0.06853104 8.08936200
v 0.74192470 0.06853104 8.08936200
v 0.74192470 0.25202070 7.40456800
v 0.74192470 0.06853080 7.58805800
v 0.74192470 0.75332580 7.40456800
v 0.74192470 0.50267340 7.33740600
v 0.74192470 0.25202070 7.40456800
v 0.74192470 0.93681590 8.08936200
v 0.74192470 0.93681590 7.58805800
v 0.74192550 1.00397800 7.83871100
v 0.74192470 0.50267350 8.34001500
v 0.74192470 0.75332580 8.27285400
v 0.74192470 0.06853104 8.08936200
v 0.74192470 0.25202130 8.27285400
v 0.74192470 0.06853080 7.58805800
v 0.74192470 0.00136876 7.83871100
v 0.74192470 0.75332580 9.80150300
v 0.74192470 0.25202070 9.80150300
v 0.74192470 0.50267350 10.73695000
v 0.74192470 0.25202070 9.80150300
v 0.74192470 0.06853104 10.48630000
v 0.74192470 0.25202130 10.66979000
v 0.74192470 0.50267350 10.73695000
v 0.74192470 0.93681590 10.48630000
v 0.74192550 1.00397800 10.23565000
v 0.74192470 0.93681590 9.98499200
v 0.74192470 0.75332580 9.80150300
v 0.74192470 0.93681590 10.48630000
v 0.74192470 0.50267350 10.73695000
v 0.74192470 0.75332580 10.66979000
v 0.74192470 0.00136876 10.23565000
v 0.74192470 0.06853080 9.98499200
v 0.74192470 0.75332580 9.80150300
v 0.74192470 0.50267340 9.73434100
v 1.17714300 0.52664460 7.73261900
v 1.17718000 0.44849930 7.74378300
v 1.04150500 0.44849930 7.74378300
v 1.04146800 0.52664460 7.73261900
v 1.17714300 0.47919920 7.94751900
v 1.04146800 0.47919920 7.94751900
v 1.04146800 0.42896270 7.90565600
v 1.17714300 0.42896270 7.90565600
v 1.04146800 0.63188480 9.78592800
v 1.04147500 0.75748940 9.91153200
v 1.04146700 0.66432980 8.26730900
v 1.04146900 0.53641280 8.26730800
v 0.93024920 0.63188480 9.78592800
v 1.04146800 0.63188480 9.78592800
v 1.04146900 0.53408720 9.78592800
v 1.04146800 0.62944320 10.21397000
v 1.04146800 0.62479170 10.27212000
v 1.17714300 0.62944320 10.21397000
v 1.17714300 0.62479170 10.27212000
v 1.17714300 0.42896270 7.90565600
v 1.04146800 0.42896270 7.90565600
v 1.04146800 0.39913790 7.85262700
v 1.17714300 0.39913790 7.85262700
v 1.17714300 0.52664460 7.73261900
v 1.04146800 0.52664460 7.73261900
v 1.04146800 0.58246300 7.75494500
v 1.17714300 0.58246300 7.75494500
v 1.04146800 0.62479170 10.27212000
v 1.04146800 0.59223140 10.32794000
v 1.17714300 0.59223140 10.32794000
v 1.17714300 0.62479170 10.27212000
v 1.17714300 0.38709900 10.16210000
v 1.04146800 0.38709900 10.16210000
v 1.04146800 0.41314720 10.13025000
v 1.17714300 0.41314720 10.13025000
v 1.04146800 0.32848960 10.21932000
v 1.17714300 0.32848960 10.21932000
v 1.04146800 0.58246300 7.75494500
v 1.04146800 0.62711790 7.81076400
v 1.17714300 0.58246300 7.75494500
v 1.17714300 0.62711790 7.81076400
v 1.17714300 0.59223140 10.32794000
v 1.04146800 0.59223140 10.32794000
v 1.04146800 0.54804190 10.35119000
v 1.17714300 0.54804190 10.35119000
v 1.17714300 0.41314720 10.13025000
v 1.04146800 0.41314720 10.13025000
v 1.04146800 0.46431420 10.09768000
v 1.17714300 0.46431420 10.09768000
v 1.04146800 0.32848990 10.30045000
v 1.17714300 0.32848990 10.30045000
v 1.04146800 0.62711790 7.81076400
v 1.04146800 0.62711760 7.87495600
v 1.17714300 0.62711790 7.81076400
v 1.17714300 0.62711760 7.87495600
v 1.17714300 0.39913790 7.77727200
v 1.04146800 0.39913790 7.77727200
v 1.04150500 0.44849930 7.74378300
v 1.17718000 0.44849930 7.74378300
v 1.17714300 0.54389930 10.44043000
v 1.17714300 0.54804190 10.35119000
v 1.04146800 0.54389930 10.44043000
v 1.04146800 0.54804190 10.35119000
v 1.17714300 0.46431420 10.09768000
v 1.04146800 0.46431420 10.09768000
v 1.04146900 0.52478410 10.10234000
v 1.17714400 0.52478410 10.10234000
v 1.04146800 0.43454460 10.38399000
v 1.17714300 0.43454460 10.38399000
v 1.04146800 0.62711760 7.87495600
v 1.04146800 0.59920860 7.92240100
v 1.17714300 0.59920860 7.92240100
v 1.17714300 0.62711760 7.87495600
v 1.04146900 0.52478410 10.10234000
v 1.04146800 0.57129930 10.12792000
v 1.17714300 0.57129930 10.12792000
v 1.17714400 0.52478410 10.10234000
v 1.04146800 0.43454460 10.44043000
v 1.17714300 0.43454460 10.44043000
v 1.17714300 0.59920860 7.92240100
v 1.04146800 0.59920860 7.92240100
v 1.04146800 0.54059920 7.95031200
v 1.17714300 0.54059920 7.95031200
v 1.04146800 0.57129930 10.12792000
v 1.04146800 0.60618600 10.16281000
v 1.17714300 0.60618600 10.16281000
v 1.17714300 0.57129930 10.12792000
v 1.04146800 0.54059920 7.95031200
v 1.04146800 0.47919920 7.94751900
v 1.17714300 0.47919920 7.94751900
v 1.17714300 0.54059920 7.95031200
v 1.04146800 0.60618600 10.16281000
v 1.04146800 0.62944320 10.21397000
v 1.17714300 0.60618600 10.16281000
v 1.17714300 0.62944320 10.21397000
v 0.93024920 0.63188480 9.78592800
v 0.93025580 0.75748940 9.91153200
v 0.93025020 0.53408720 9.78592800
v 0.93024810 0.66432980 8.26730900
v 0.93025000 0.53641280 8.26730800
v 0.93025000 0.53641280 8.26730800
v 1.04146900 0.53641280 8.26730800
v 1.04146900 0.53641280 8.24637500
v 0.93024990 0.53641280 8.24637500
v 0.93024810 0.60616930 9.91153200
v 0.93025580 0.75748940 9.91153200
v 1.04146700 0.60616930 9.91153200
v 1.04147500 0.75748940 9.91153200
v 0.93024940 0.86229390 8.18823200
v 0.93024920 0.77061630 8.18823200
v 1.04146800 0.77061630 8.18823200
v 1.04146800 0.86229390 8.18823200
v 0.93025000 0.53408740 9.91153200
v 1.04146900 0.53408740 9.91153200
v 0.93024920 0.76732210 8.22616900
v 0.93024940 0.86229390 8.18823200
v 1.04146800 0.76732210 8.22616900
v 1.04146800 0.86229390 8.18823200
v 1.04146900 0.53641300 8.18823200
v 0.93024990 0.53641300 8.18823200
v 0.93025000 0.53408740 9.91153200
v 1.04146900 0.53408740 9.91153200
v 1.04146900 0.53408740 9.89059100
v 0.93025000 0.53408740 9.89059100
v 0.93024990 0.53641300 8.18823200
v 1.04146900 0.53641300 8.18823200
v 1.04146900 0.53408720 9.78592800
v 0.93025020 0.53408720 9.78592800
v 0.93024810 0.66432980 8.26730900
v 1.04146700 0.66432980 8.26730900
v 1.12911300 0.36216710 10.70218000
v 1.04146800 0.36216710 10.70218000
v 1.04146900 0.44721790 10.73871000
v 1.12911400 0.44721790 10.73871000
v 1.12911300 0.25028770 10.95029000
v 1.12911300 0.18748400 11.10212000
v 1.12911300 0.12418460 10.57935000
v 1.04146800 0.12418460 10.57935000
v 1.04146800 0.18615270 10.57935000
v 1.12911300 0.18615270 10.57935000
v 1.04146700 0.25028770 10.95029000
v 1.12911300 0.25028770 10.95029000
v 1.12911400 0.86229390 10.95030000
v 1.04146800 0.28383540 10.70218000
v 1.12911300 0.28383540 10.70218000
v 1.04146900 0.44721790 10.73871000
v 1.04146800 0.86229390 10.73871000
v 1.12911400 0.86229390 10.73871000
v 1.12911400 0.44721790 10.73871000
v 1.04146800 0.25855270 10.74690000
v 1.04146800 0.28383510 10.74690000
v 1.12911300 0.28383510 10.74690000
v 1.12911400 0.25855270 10.74690000
v 1.12911300 0.18748400 11.10212000
v 1.04146800 0.18748400 11.10212000
v 1.12911400 0.12418440 11.10212000
v 0.85106020 0.47799300 8.29453800
v 1.04146800 0.47799300 8.29453800
v 0.85106040 0.07730722 7.19826000
v 1.04146800 0.07730722 7.19826000
v 0.85106020 0.32848990 10.30045000
v 0.85106040 0.32848960 8.52244800
v 1.04146800 0.32848960 8.52244800
v 0.85106020 0.20795510 7.32890600
v 1.04146800 0.20795510 7.32890600
v 0.85106020 0.43454460 10.38399000
v 0.85106020 0.32848980 9.56720500
v 1.04146800 0.32848980 9.56720500
v 0.85106020 0.43454460 10.44043000
v 0.85106020 0.48199010 9.83417900
v 1.04146800 0.48199010 9.83417900
v 1.04146800 0.39913790 8.02436600
v 0.85106020 0.39913790 8.02436600
v 1.04146800 0.54389930 10.56823000
v 1.04146800 0.54389930 10.44043000
v 1.04146800 0.48199010 10.01857000
v 0.85106020 0.48199010 10.01857000
v 1.04146800 0.42926880 8.02436600
v 0.85106020 0.42926880 8.02436600
v 0.85106020 0.54389930 10.56823000
v 1.04146800 0.36216710 10.56823000
v 1.04146800 0.54389930 10.56823000
v 0.85106020 0.38709900 10.04908000
v 1.04146800 0.38709900 10.04908000
v 1.04146800 0.42926870 8.11660400
v 1.04146800 0.47799280 8.11660400
v 0.85106040 0.42926870 8.11660400
v 0.85106020 0.47799280 8.11660400
v 0.85106020 0.36216710 10.56823000
v 1.04146800 0.36216710 10.70218000
v 1.04146800 0.36216710 10.56823000
v 0.85106020 0.39913790 7.32890600
v 1.04146800 0.39913790 7.32890600
v 0.85106020 0.32848960 10.21932000
v -1.17718000 0.44849930 7.74378300
v -1.17714300 0.52664460 7.73261900
v -1.04150500 0.44849930 7.74378300
v -1.04146800 0.52664460 7.73261900
v -1.17714300 0.47919920 7.94751900
v -1.04146800 0.42896270 7.90565600
v -1.04146800 0.47919920 7.94751900
v -1.17714300 0.42896270 7.90565600
v -1.04146800 0.63188480 9.78592800
v -1.04147500 0.75748940 9.91153200
v -1.04146900 0.53641280 8.26730800
v -1.04146700 0.66432980 8.26730900
v -0.93024920 0.63188480 9.78592800
v -1.04146800 0.63188480 9.78592800
v -1.04146900 0.53408720 9.78592800
v -1.04146800 0.62479170 10.27212000
v -1.17714300 0.62944320 10.21397000
v -1.17714300 0.62479170 10.27212000
v -1.04146800 0.62944320 10.21397000
v -1.17714300 0.42896270 7.90565600
v -1.04146800 0.39913790 7.85262700
v -1.04146800 0.42896270 7.90565600
v -1.17714300 0.39913790 7.85262700
v -1.17714300 0.52664460 7.73261900
v -1.04146800 0.58246300 7.75494500
v -1.04146800 0.52664460 7.73261900
v -1.17714300 0.58246300 7.75494500
v -1.17714300 0.59223140 10.32794000
v -1.04146800 0.59223140 10.32794000
v -1.04146800 0.62479170 10.27212000
v -1.17714300 0.62479170 10.27212000
v -1.17714300 0.38709900 10.16210000
v -1.04146800 0.41314720 10.13025000
v -1.04146800 0.38709900 10.16210000
v -1.17714300 0.41314720 10.13025000
v -1.04146800 0.32848960 10.21932000
v -1.17714300 0.32848960 10.21932000
v -1.17714300 0.58246300 7.75494500
v -1.17714300 0.62711790 7.81076400
v -1.04146800 0.62711790 7.81076400
v -1.04146800 0.58246300 7.75494500
v -1.17714300 0.59223140 10.32794000
v -1.04146800 0.54804190 10.35119000
v -1.04146800 0.59223140 10.32794000
v -1.17714300 0.54804190 10.35119000
v -1.17714300 0.41314720 10.13025000
v -1.04146800 0.46431420 10.09768000
v -1.04146800 0.41314720 10.13025000
v -1.17714300 0.46431420 10.09768000
v -1.04146800 0.32848990 10.30045000
v -1.17714300 0.32848990 10.30045000
v -1.04146800 0.62711760 7.87495600
v -1.17714300 0.62711790 7.81076400
v -1.17714300 0.62711760 7.87495600
v -1.04146800 0.62711790 7.81076400
v -1.17714300 0.39913790 7.77727200
v -1.04150500 0.44849930 7.74378300
v -1.04146800 0.39913790 7.77727200
v -1.17718000 0.44849930 7.74378300
v -1.17714300 0.54804190 10.35119000
v -1.17714300 0.54389930 10.44043000
v -1.04146800 0.54389930 10.44043000
v -1.04146800 0.54804190 10.35119000
v -1.17714300 0.46431420 10.09768000
v -1.04146900 0.52478410 10.10234000
v -1.04146800 0.46431420 10.09768000
v -1.17714400 0.52478410 10.10234000
v -1.04146800 0.43454460 10.38399000
v -1.17714300 0.43454460 10.38399000
v -1.17714300 0.59920860 7.92240100
v -1.04146800 0.59920860 7.92240100
v -1.04146800 0.62711760 7.87495600
v -1.17714300 0.62711760 7.87495600
v -1.04146900 0.52478410 10.10234000
v -1.17714400 0.52478410 10.10234000
v -1.17714300 0.57129930 10.12792000
v -1.04146800 0.57129930 10.12792000
v -1.04146800 0.43454460 10.44043000
v -1.17714300 0.43454460 10.44043000
v -1.17714300 0.59920860 7.92240100
v -1.04146800 0.54059920 7.95031200
v -1.04146800 0.59920860 7.92240100
v -1.17714300 0.54059920 7.95031200
v -1.04146800 0.57129930 10.12792000
v -1.17714300 0.57129930 10.12792000
v -1.17714300 0.60618600 10.16281000
v -1.04146800 0.60618600 10.16281000
v -1.04146800 0.54059920 7.95031200
v -1.17714300 0.54059920 7.95031200
v -1.17714300 0.47919920 7.94751900
v -1.04146800 0.47919920 7.94751900
v -1.04146800 0.62944320 10.21397000
v -1.17714300 0.60618600 10.16281000
v -1.17714300 0.62944320 10.21397000
v -1.04146800 0.60618600 10.16281000
v -0.93024920 0.63188480 9.78592800
v -0.93025020 0.53408720 9.78592800
v -0.93025580 0.75748940 9.91153200
v -0.93024810 0.66432980 8.26730900
v -0.93025000 0.53641280 8.26730800
v -0.93025000 0.53641280 8.26730800
v -1.04146900 0.53641280 8.24637500
v -1.04146900 0.53641280 8.26730800
v -0.93024990 0.53641280 8.24637500
v -0.93024810 0.60616930 9.91153200
v -1.04146700 0.60616930 9.91153200
v -0.93025580 0.75748940 9.91153200
v -1.04147500 0.75748940 9.91153200
v -0.93024940 0.86229390 8.18823200
v -1.04146800 0.86229390 8.18823200
v -1.04146800 0.77061630 8.18823200
v -0.93024920 0.77061630 8.18823200
v -0.93025000 0.53408740 9.91153200
v -1.04146900 0.53408740 9.91153200
v -0.93024920 0.76732210 8.22616900
v -1.04146800 0.76732210 8.22616900
v -0.93024940 0.86229390 8.18823200
v -1.04146800 0.86229390 8.18823200
v -1.04146900 0.53641300 8.18823200
v -0.93024990 0.53641300 8.18823200
v -0.93025000 0.53408740 9.91153200
v -1.04146900 0.53408740 9.89059100
v -1.04146900 0.53408740 9.91153200
v -0.93025000 0.53408740 9.89059100
v -0.93024990 0.53641300 8.18823200
v -1.04146900 0.53641300 8.18823200
v -0.93025020 0.53408720 9.78592800
v -1.04146900 0.53408720 9.78592800
v -0.93024810 0.66432980 8.26730900
v -1.04146700 0.66432980 8.26730900
v -1.12911300 0.36216710 10.70218000
v -1.04146900 0.44721790 10.73871000
v -1.04146800 0.36216710 10.70218000
v -1.12911400 0.44721790 10.73871000
v -1.12911300 0.18748400 11.10212000
v -1.12911300 0.25028770 10.95029000
v -1.12911300 0.12418460 10.57935000
v -1.04146800 0.18615270 10.57935000
v -1.04146800 0.12418460 10.57935000
v -1.12911300 0.18615270 10.57935000
v -1.12911400 0.86229390 10.95030000
v -1.12911300 0.25028770 10.95029000
v -1.04146700 0.25028770 10.95029000
v -1.04146800 0.28383540 10.70218000
v -1.12911300 0.28383540 10.70218000
v -1.04146900 0.44721790 10.73871000
v -1.12911400 0.44721790 10.73871000
v -1.12911400 0.86229390 10.73871000
v -1.04146800 0.86229390 10.73871000
v -1.04146800 0.25855270 10.74690000
v -1.12911400 0.25855270 10.74690000
v -1.12911300 0.28383510 10.74690000
v -1.04146800 0.28383510 10.74690000
v -1.12911300 0.18748400 11.10212000
v -1.04146800 0.18748400 11.10212000
v -1.12911400 0.12418440 11.10212000
v -1.04146800 0.47799300 8.29453800
v -0.85106020 0.47799300 8.29453800
v -0.85106040 0.07730722 7.19826000
v -1.04146800 0.07730722 7.19826000
v -0.85106020 0.32848990 10.30045000
v -0.85106040 0.32848960 8.52244800
v -1.04146800 0.32848960 8.52244800
v -0.85106020 0.20795510 7.32890600
v -1.04146800 0.20795510 7.32890600
v -0.85106020 0.43454460 10.38399000
v -0.85106020 0.32848980 9.56720500
v -1.04146800 0.32848980 9.56720500
v -0.85106020 0.43454460 10.44043000
v -0.85106020 0.48199010 9.83417900
v -1.04146800 0.48199010 9.83417900
v -0.85106020 0.39913790 8.02436600
v -1.04146800 0.39913790 8.02436600
v -1.04146800 0.54389930 10.56823000
v -1.04146800 0.54389930 10.44043000
v -0.85106020 0.48199010 10.01857000
v -1.04146800 0.48199010 10.01857000
v -1.04146800 0.42926880 8.02436600
v -0.85106020 0.42926880 8.02436600
v -0.85106020 0.54389930 10.56823000
v -1.04146800 0.36216710 10.56823000
v -1.04146800 0.54389930 10.56823000
v -0.85106020 0.38709900 10.04908000
v -1.04146800 0.38709900 10.04908000
v -1.04146800 0.47799280 8.11660400
v -0.85106040 0.42926870 8.11660400
v -0.85106020 0.47799280 8.11660400
v -1.04146800 0.42926870 8.11660400
v -1.04146800 0.36216710 10.70218000
v -0.85106020 0.36216710 10.56823000
v -1.04146800 0.36216710 10.56823000
v -0.85106020 0.39913790 7.32890600
v -1.04146800 0.39913790 7.32890600
v -0.85106020 0.32848960 10.21932000
vt 0.98337 0.78004
vt 0.97886 0.85170
vt 0.66806 0.73832
vt 0.66806 0.71252
vt 0.88031 0.78002
vt 0.66806 0.56493
vt 0.88030 0.80222
vt 0.68464 0.82407
vt 0.68465 0.86246
vt 0.68473 0.87508
vt 0.68475 0.88092
vt 0.98348 0.88095
vt 0.16438 0.14121
vt 0.97886 0.77997
vt 0.88028 0.85174
vt 0.88036 0.87509
vt 0.88038 0.88093
vt 0.63712 0.74482
vt 0.63711 0.73832
vt 0.87321 0.34007
vt 0.93523 0.56490
vt 0.91088 0.71252
vt 0.68464 0.78001
vt 0.83861 0.78004
vt 0.01961 0.14121
vt 0.83872 0.88095
vt 0.83861 0.82410
vt 0.83870 0.87511
vt 0.01961 0.28880
vt 0.01961 0.31460
vt 0.83861 0.89177
vt 0.83861 0.86248
vt 0.01961 0.17340
vt 0.01961 0.22773
vt 0.01961 0.27817
vt 0.83863 0.88671
vt 0.83864 0.86871
vt 0.83861 0.85176
vt 0.83861 0.80224
vt 0.83575 0.95051
vt 0.83575 0.94386
vt 0.83575 0.93682
vt 0.83575 0.90003
vt 0.83480 0.87504
vt 0.16437 0.28880
vt 0.16437 0.31460
vt 0.98338 0.89177
vt 0.98338 0.86249
vt 0.98337 0.82410
vt 0.16437 0.17341
vt 0.16437 0.22773
vt 0.16437 0.27817
vt 0.98339 0.88671
vt 0.83474 0.86865
vt 0.98337 0.85176
vt 0.98337 0.80224
vt 0.98052 0.95051
vt 0.98052 0.94386
vt 0.98052 0.93682
vt 0.98052 0.90003
vt 0.97897 0.88088
vt 0.44959 0.56493
vt 0.97895 0.87504
vt 0.44959 0.71252
vt 0.44959 0.73832
vt 0.44959 0.74482
vt 0.97887 0.86242
vt 0.97886 0.82404
vt 0.44959 0.59712
vt 0.44959 0.65145
vt 0.44959 0.70188
vt 0.97888 0.88665
vt 0.97889 0.86865
vt 0.97886 0.80217
vt 0.44959 0.47762
vt 0.98021 0.94386
vt 0.98021 0.93682
vt 0.98021 0.90003
vt 0.90722 0.85172
vt 0.90722 0.77999
vt 0.90722 0.82405
vt 0.90732 0.88090
vt 0.52105 0.56493
vt 0.90730 0.87506
vt 0.52105 0.71252
vt 0.52105 0.73832
vt 0.90722 0.89172
vt 0.90722 0.86244
vt 0.52105 0.59712
vt 0.52105 0.65145
vt 0.52105 0.70188
vt 0.90723 0.88667
vt 0.90725 0.86867
vt 0.90722 0.80219
vt 0.52105 0.47762
vt 0.42179 0.38322
vt 0.42179 0.37618
vt 0.42179 0.33939
vt 0.97541 0.80192
vt 0.83998 0.82407
vt 0.97552 0.88063
vt 0.52105 0.56493
vt 0.97541 0.77972
vt 0.97550 0.87479
vt 0.83997 0.85173
vt 0.62775 0.71252
vt 0.62775 0.73832
vt 0.62775 0.74482
vt 0.83997 0.86245
vt 0.52105 0.59712
vt 0.52105 0.65145
vt 0.62775 0.70188
vt 0.83997 0.88668
vt 0.83999 0.86868
vt 0.47257 0.38979
vt 0.47257 0.38314
vt 0.47257 0.37616
vt 0.47257 0.33937
vt 0.66807 0.74482
vt 0.88028 0.86247
vt 0.66806 0.59712
vt 0.66806 0.65145
vt 0.66806 0.70188
vt 0.88029 0.88669
vt 0.88031 0.86869
vt 0.88029 0.82408
vt 0.51288 0.38980
vt 0.91657 0.34007
vt 0.49731 0.38315
vt 0.48911 0.37610
vt 0.89182 0.38390
vt 0.90003 0.37686
vt 0.75747 0.73832
vt 0.75747 0.71252
vt 0.41431 0.14110
vt 0.53375 0.77997
vt 0.53384 0.87504
vt 0.53386 0.88088
vt 0.53375 0.82403
vt 0.75747 0.74482
vt 0.53375 0.86242
vt 0.41431 0.17329
vt 0.41431 0.22762
vt 0.75747 0.70189
vt 0.53377 0.88665
vt 0.53378 0.86865
vt 0.53375 0.85170
vt 0.53375 0.80217
vt 0.52629 0.73832
vt 0.80005 0.71252
vt 0.82438 0.56490
vt 0.57363 0.77996
vt 0.57382 0.80221
vt 0.57382 0.85173
vt 0.57390 0.87508
vt 0.57392 0.88092
vt 0.52629 0.74482
vt 0.57382 0.86246
vt 0.57382 0.82407
vt 0.82438 0.59709
vt 0.82438 0.65142
vt 0.80005 0.70188
vt 0.57383 0.88669
vt 0.57385 0.86868
vt 0.82438 0.47759
vt 0.91656 0.38390
vt 0.91656 0.37686
vt 0.93523 0.59709
vt 0.93523 0.65142
vt 0.91088 0.70188
vt 0.68466 0.88669
vt 0.68468 0.86869
vt 0.68464 0.85174
vt 0.68464 0.80221
vt 0.93523 0.47759
vt 0.87321 0.38390
vt 0.87321 0.37686
vt 0.26073 0.17329
vt 0.26073 0.22762
vt 0.38017 0.86242
vt 0.38019 0.88665
vt 0.38027 0.88088
vt 0.26073 0.14110
vt 0.91106 0.73832
vt 0.91105 0.74482
vt 0.91106 0.71252
vt 0.38020 0.86865
vt 0.38026 0.87504
vt 0.91106 0.70188
vt 0.26073 0.05379
vt 0.38017 0.80217
vt 0.38017 0.82403
vt 0.38017 0.77997
vt 0.38017 0.85170
vt 0.90931 0.47759
vt 0.84729 0.38390
vt 0.84729 0.37686
vt 0.84729 0.34007
vt 0.00000 0.00000
vt 0.00000 0.00000
vt 0.05147 0.78237
vt 0.08131 0.78520
vt 0.03713 0.78520
vt 0.41431 0.05379
vt 0.08136 0.78237
vt 0.05147 0.78237
vt 0.03713 0.78521
vt 0.08131 0.78521
vt 0.08136 0.78237
vt 0.95708 0.56491
vt 0.95708 0.59709
vt 0.95708 0.65139
vt 0.95708 0.70180
vt 0.95708 0.47765
vt 0.52255 0.97432
vt 0.53786 0.97432
vt 0.54839 0.97621
vt 0.54656 0.97526
vt 0.52254 0.97715
vt 0.56407 0.98454
vt 0.57938 0.98454
vt 0.60522 0.98454
vt 0.53881 0.97432
vt 0.53880 0.97432
vt 0.98337 0.78004
vt 0.97886 0.85170
vt 0.66806 0.73832
vt 0.66806 0.71252
vt 0.88031 0.78002
vt 0.66806 0.56493
vt 0.88030 0.80222
vt 0.68464 0.82407
vt 0.68465 0.86246
vt 0.68473 0.87508
vt 0.68475 0.88092
vt 0.98348 0.88095
vt 0.01957 0.56493
vt 0.97886 0.77997
vt 0.88028 0.85174
vt 0.88036 0.87509
vt 0.88038 0.88093
vt 0.63712 0.74482
vt 0.63711 0.73832
vt 0.87321 0.34007
vt 0.97638 0.14110
vt 0.91088 0.71252
vt 0.68464 0.78001
vt 0.83575 0.95051
vt 0.83480 0.87504
vt 0.01957 0.71252
vt 0.01958 0.73832
vt 0.98338 0.89177
vt 0.98338 0.86249
vt 0.98337 0.82410
vt 0.01957 0.59712
vt 0.01957 0.65145
vt 0.01957 0.70189
vt 0.98339 0.88671
vt 0.83474 0.86865
vt 0.98337 0.85176
vt 0.98337 0.80224
vt 0.98052 0.95051
vt 0.98052 0.94386
vt 0.98052 0.93682
vt 0.98052 0.90003
vt 0.97897 0.88088
vt 0.01992 0.14121
vt 0.97895 0.87504
vt 0.01992 0.28880
vt 0.01992 0.31460
vt 0.01991 0.32110
vt 0.97887 0.86242
vt 0.97886 0.82404
vt 0.01992 0.17340
vt 0.01992 0.22773
vt 0.01992 0.27817
vt 0.97888 0.88665
vt 0.97889 0.86865
vt 0.97886 0.80217
vt 0.01992 0.05391
vt 0.98021 0.94386
vt 0.98021 0.93682
vt 0.98021 0.90003
vt 0.90722 0.85172
vt 0.90722 0.77999
vt 0.90722 0.82405
vt 0.90732 0.88090
vt 0.44959 0.56493
vt 0.90730 0.87506
vt 0.44959 0.71252
vt 0.44959 0.73832
vt 0.90722 0.89172
vt 0.90722 0.86244
vt 0.44959 0.59712
vt 0.44959 0.65145
vt 0.44959 0.70188
vt 0.90723 0.88667
vt 0.90725 0.86867
vt 0.90722 0.80219
vt 0.44959 0.47762
vt 0.42179 0.38322
vt 0.42179 0.37618
vt 0.42179 0.33939
vt 0.97541 0.80192
vt 0.83998 0.82407
vt 0.97552 0.88063
vt 0.52105 0.56493
vt 0.97541 0.77972
vt 0.97550 0.87479
vt 0.83997 0.85173
vt 0.62775 0.71252
vt 0.62775 0.73832
vt 0.62775 0.74482
vt 0.83997 0.86245
vt 0.52105 0.59712
vt 0.52105 0.65145
vt 0.62775 0.70188
vt 0.83997 0.88668
vt 0.83999 0.86868
vt 0.47257 0.38979
vt 0.47257 0.38314
vt 0.47257 0.37616
vt 0.66807 0.74482
vt 0.88028 0.86247
vt 0.66806 0.59712
vt 0.66806 0.65145
vt 0.66806 0.70188
vt 0.88029 0.88669
vt 0.88031 0.86869
vt 0.88029 0.82408
vt 0.51288 0.38980
vt 0.91657 0.34007
vt 0.49731 0.38315
vt 0.82522 0.05380
vt 0.90003 0.37686
vt 0.75747 0.73832
vt 0.75747 0.71252
vt 0.82522 0.14110
vt 0.53375 0.77997
vt 0.53384 0.87504
vt 0.53386 0.88088
vt 0.53375 0.82403
vt 0.75747 0.74482
vt 0.53375 0.86242
vt 0.82522 0.17329
vt 0.82522 0.22762
vt 0.75747 0.70189
vt 0.53377 0.88665
vt 0.53378 0.86865
vt 0.53375 0.85170
vt 0.53375 0.80217
vt 0.52629 0.73832
vt 0.80005 0.71252
vt 0.86553 0.14110
vt 0.57363 0.77996
vt 0.57382 0.80221
vt 0.57382 0.85173
vt 0.57390 0.87508
vt 0.57392 0.88092
vt 0.52629 0.74482
vt 0.57382 0.86246
vt 0.57382 0.82407
vt 0.86553 0.17329
vt 0.86553 0.22762
vt 0.80005 0.70188
vt 0.57383 0.88669
vt 0.57385 0.86868
vt 0.86553 0.05379
vt 0.91656 0.38390
vt 0.91656 0.37686
vt 0.97638 0.17329
vt 0.97638 0.22762
vt 0.91088 0.70188
vt 0.68466 0.88669
vt 0.68468 0.86869
vt 0.68464 0.85174
vt 0.68464 0.80221
vt 0.97638 0.05379
vt 0.87321 0.38390
vt 0.87321 0.37686
vt 0.67164 0.17329
vt 0.67164 0.22762
vt 0.38017 0.86242
vt 0.38019 0.88665
vt 0.38027 0.88088
vt 0.67164 0.14110
vt 0.91106 0.73832
vt 0.91105 0.74482
vt 0.91106 0.71252
vt 0.38020 0.86865
vt 0.38026 0.87504
vt 0.91106 0.70188
vt 0.67164 0.05379
vt 0.38017 0.80217
vt 0.38017 0.82403
vt 0.38017 0.77997
vt 0.38017 0.85170
vt 0.95046 0.05379
vt 0.84729 0.38390
vt 0.84729 0.37686
vt 0.84729 0.34007
vt 0.00000 0.00000
vt 0.00000 0.00000
vt 0.48911 0.37610
vt 0.05147 0.78237
vt 0.08131 0.78520
vt 0.03713 0.78520
vt 0.08136 0.78237
vt 0.05147 0.78237
vt 0.03713 0.78521
vt 0.08131 0.78521
vt 0.47257 0.33937
vt 0.89182 0.38390
vt 0.08136 0.78237
vt 0.95708 0.56491
vt 0.95708 0.59709
vt 0.95708 0.65139
vt 0.95708 0.70180
vt 0.95708 0.47765
vt 0.52255 0.97432
vt 0.53786 0.97432
vt 0.54839 0.97621
vt 0.54656 0.97526
vt 0.52254 0.97715
vt 0.56407 0.98454
vt 0.57938 0.98454
vt 0.60522 0.98454
vt 0.53881 0.97432
vt 0.53880 0.97432
vt 0.83861 0.78004
vt 0.83872 0.88095
vt 0.16434 0.56493
vt 0.83872 0.88095
vt 0.83870 0.87511
vt 0.83861 0.89177
vt 0.83861 0.86248
vt 0.83863 0.88671
vt 0.83864 0.86871
vt 0.83870 0.87511
vt 0.16434 0.71252
vt 0.16434 0.73832
vt 0.83861 0.89177
vt 0.83861 0.86248
vt 0.83861 0.82410
vt 0.16434 0.59712
vt 0.16434 0.65145
vt 0.16434 0.70188
vt 0.83863 0.88671
vt 0.83864 0.86871
vt 0.83861 0.85176
vt 0.83861 0.80224
vt 0.83575 0.94386
vt 0.83575 0.93682
vt 0.83575 0.90003
vt 0.98337 0.78004
vt 0.97886 0.85170
vt 0.66806 0.73832
vt 0.66806 0.71252
vt 0.88031 0.78002
vt 0.66806 0.56493
vt 0.88030 0.80222
vt 0.68464 0.82407
vt 0.68465 0.86246
vt 0.68473 0.87508
vt 0.68475 0.88092
vt 0.98348 0.88095
vt 0.16438 0.14121
vt 0.97886 0.77997
vt 0.88028 0.85174
vt 0.88036 0.87509
vt 0.88038 0.88093
vt 0.63712 0.74482
vt 0.63711 0.73832
vt 0.87321 0.34007
vt 0.93523 0.56490
vt 0.91088 0.71252
vt 0.68464 0.78001
vt 0.00000 0.00000
vt 0.83861 0.78004
vt 0.01961 0.14121
vt 0.83872 0.88095
vt 0.83861 0.82410
vt 0.83870 0.87511
vt 0.01961 0.28880
vt 0.01961 0.31460
vt 0.83861 0.89177
vt 0.83861 0.86248
vt 0.01961 0.17340
vt 0.83861 0.76160
vt 0.01961 0.22773
vt 0.01961 0.27817
vt 0.83863 0.88671
vt 0.83864 0.86871
vt 0.83861 0.85176
vt 0.83861 0.80224
vt 0.83575 0.95051
vt 0.83575 0.94386
vt 0.83575 0.93682
vt 0.83575 0.90003
vt 0.83480 0.87504
vt 0.16437 0.28880
vt 0.16437 0.31460
vt 0.98338 0.89177
vt 0.98338 0.86249
vt 0.98337 0.82410
vt 0.16437 0.17341
vt 0.98337 0.76160
vt 0.16437 0.22773
vt 0.16437 0.27817
vt 0.98339 0.88671
vt 0.83474 0.86865
vt 0.98337 0.85176
vt 0.98337 0.80224
vt 0.98052 0.95051
vt 0.98052 0.94386
vt 0.98052 0.93682
vt 0.98052 0.90003
vt 0.97897 0.88088
vt 0.44959 0.56493
vt 0.97895 0.87504
vt 0.44959 0.71252
vt 0.44959 0.73832
vt 0.44959 0.74482
vt 0.97887 0.86242
vt 0.97886 0.82404
vt 0.44959 0.59712
vt 0.97886 0.76154
vt 0.44959 0.65145
vt 0.44959 0.70188
vt 0.97888 0.88665
vt 0.97889 0.86865
vt 0.97886 0.80217
vt 0.44959 0.47762
vt 0.98021 0.94386
vt 0.98021 0.93682
vt 0.98021 0.90003
vt 0.90722 0.85172
vt 0.90722 0.77999
vt 0.90722 0.82405
vt 0.90732 0.88090
vt 0.52105 0.56493
vt 0.90730 0.87506
vt 0.52105 0.71252
vt 0.52105 0.73832
vt 0.90722 0.89172
vt 0.90722 0.86244
vt 0.52105 0.59712
vt 0.90722 0.76156
vt 0.52105 0.65145
vt 0.52105 0.70188
vt 0.90723 0.88667
vt 0.90725 0.86867
vt 0.90722 0.80219
vt 0.52105 0.47762
vt 0.42179 0.38322
vt 0.42179 0.37618
vt 0.42179 0.33939
vt 0.97541 0.80192
vt 0.83998 0.82407
vt 0.97552 0.88063
vt 0.52105 0.56493
vt 0.97541 0.77972
vt 0.97550 0.87479
vt 0.83997 0.85173
vt 0.62775 0.71252
vt 0.62775 0.73832
vt 0.62775 0.74482
vt 0.83997 0.86245
vt 0.52105 0.59712
vt 0.97541 0.76129
vt 0.52105 0.65145
vt 0.62775 0.70188
vt 0.83997 0.88668
vt 0.83999 0.86868
vt 0.47257 0.38979
vt 0.47257 0.38314
vt 0.47257 0.37616
vt 0.47257 0.33937
vt 0.66807 0.74482
vt 0.88028 0.86247
vt 0.66806 0.59712
vt 0.88031 0.76158
vt 0.66806 0.65145
vt 0.66806 0.70188
vt 0.88029 0.88669
vt 0.88031 0.86869
vt 0.88029 0.82408
vt 0.51288 0.38980
vt 0.91657 0.34007
vt 0.49731 0.38315
vt 0.48911 0.37610
vt 0.89182 0.38390
vt 0.90003 0.37686
vt 0.75747 0.73832
vt 0.75747 0.71252
vt 0.41431 0.14110
vt 0.53375 0.77997
vt 0.53384 0.87504
vt 0.53386 0.88088
vt 0.53375 0.82403
vt 0.75747 0.74482
vt 0.53375 0.86242
vt 0.41431 0.17329
vt 0.53375 0.76154
vt 0.41431 0.22762
vt 0.75747 0.70189
vt 0.53377 0.88665
vt 0.53378 0.86865
vt 0.53375 0.85170
vt 0.53375 0.80217
vt 0.52629 0.73832
vt 0.80005 0.71252
vt 0.82438 0.56490
vt 0.57363 0.77996
vt 0.57382 0.80221
vt 0.57382 0.85173
vt 0.57390 0.87508
vt 0.57392 0.88092
vt 0.52629 0.74482
vt 0.57382 0.86246
vt 0.57382 0.82407
vt 0.82438 0.59709
vt 0.57363 0.76152
vt 0.82438 0.65142
vt 0.80005 0.70188
vt 0.57383 0.88669
vt 0.57385 0.86868
vt 0.82438 0.47759
vt 0.91656 0.38390
vt 0.91656 0.37686
vt 0.93523 0.59709
vt 0.68464 0.76157
vt 0.93523 0.65142
vt 0.91088 0.70188
vt 0.68466 0.88669
vt 0.68468 0.86869
vt 0.68464 0.85174
vt 0.68464 0.80221
vt 0.93523 0.47759
vt 0.87321 0.38390
vt 0.87321 0.37686
vt 0.26073 0.17329
vt 0.26073 0.22762
vt 0.38017 0.86242
vt 0.38019 0.88665
vt 0.38027 0.88088
vt 0.38017 0.76154
vt 0.26073 0.14110
vt 0.91106 0.73832
vt 0.91105 0.74482
vt 0.91106 0.71252
vt 0.38020 0.86865
vt 0.38026 0.87504
vt 0.91106 0.70188
vt 0.26073 0.05379
vt 0.38017 0.80217
vt 0.38017 0.82403
vt 0.38017 0.77997
vt 0.38017 0.85170
vt 0.90931 0.47759
vt 0.84729 0.38390
vt 0.84729 0.37686
vt 0.84729 0.34007
vt 0.00000 0.00000
vt 0.00000 0.00000
vt 0.00000 0.00000
vt 0.05147 0.78237
vt 0.03713 0.77593
vt 0.08131 0.77593
vt 0.05147 0.78237
vt 0.08131 0.78520
vt 0.03713 0.78520
vt 0.41431 0.05379
vt 0.08136 0.78237
vt 0.05147 0.78237
vt 0.03713 0.78521
vt 0.03713 0.79448
vt 0.08131 0.78521
vt 0.08131 0.79448
vt 0.05147 0.78237
vt 0.08136 0.78237
vt 0.08136 0.78237
vt 0.08136 0.78237
vt 0.08165 0.79713
vt 0.95708 0.56491
vt 0.95708 0.59709
vt 0.95708 0.65139
vt 0.95708 0.70180
vt 0.95708 0.47765
vt 0.52255 0.97432
vt 0.53786 0.97432
vt 0.54839 0.97621
vt 0.54656 0.97526
vt 0.52254 0.97715
vt 0.56407 0.98454
vt 0.57938 0.98454
vt 0.60522 0.98454
vt 0.53881 0.97432
vt 0.53880 0.97432
vt 0.98337 0.78004
vt 0.97886 0.85170
vt 0.66806 0.73832
vt 0.66806 0.71252
vt 0.88031 0.78002
vt 0.66806 0.56493
vt 0.88030 0.80222
vt 0.68464 0.82407
vt 0.68465 0.86246
vt 0.68473 0.87508
vt 0.68475 0.88092
vt 0.98348 0.88095
vt 0.01957 0.56493
vt 0.97886 0.77997
vt 0.88028 0.85174
vt 0.88036 0.87509
vt 0.88038 0.88093
vt 0.63712 0.74482
vt 0.63711 0.73832
vt 0.87321 0.34007
vt 0.97638 0.14110
vt 0.91088 0.71252
vt 0.68464 0.78001
vt 0.00000 0.00000
vt 0.83575 0.95051
vt 0.83480 0.87504
vt 0.01957 0.71252
vt 0.01958 0.73832
vt 0.98338 0.89177
vt 0.98338 0.86249
vt 0.98337 0.82410
vt 0.01957 0.59712
vt 0.98337 0.76160
vt 0.01957 0.65145
vt 0.01957 0.70189
vt 0.98339 0.88671
vt 0.83474 0.86865
vt 0.98337 0.85176
vt 0.98337 0.80224
vt 0.98052 0.95051
vt 0.98052 0.94386
vt 0.98052 0.93682
vt 0.98052 0.90003
vt 0.97897 0.88088
vt 0.01992 0.14121
vt 0.97895 0.87504
vt 0.01992 0.28880
vt 0.01992 0.31460
vt 0.01991 0.32110
vt 0.97887 0.86242
vt 0.97886 0.82404
vt 0.01992 0.17340
vt 0.97886 0.76154
vt 0.01992 0.22773
vt 0.01992 0.27817
vt 0.97888 0.88665
vt 0.97889 0.86865
vt 0.97886 0.80217
vt 0.01992 0.05391
vt 0.98021 0.94386
vt 0.98021 0.93682
vt 0.98021 0.90003
vt 0.90722 0.85172
vt 0.90722 0.77999
vt 0.90722 0.82405
vt 0.90732 0.88090
vt 0.44959 0.56493
vt 0.90730 0.87506
vt 0.44959 0.71252
vt 0.44959 0.73832
vt 0.90722 0.89172
vt 0.90722 0.86244
vt 0.44959 0.59712
vt 0.90722 0.76156
vt 0.44959 0.65145
vt 0.44959 0.70188
vt 0.90723 0.88667
vt 0.90725 0.86867
vt 0.90722 0.80219
vt 0.44959 0.47762
vt 0.42179 0.38322
vt 0.42179 0.37618
vt 0.42179 0.33939
vt 0.97541 0.80192
vt 0.83998 0.82407
vt 0.97552 0.88063
vt 0.52105 0.56493
vt 0.97541 0.77972
vt 0.97550 0.87479
vt 0.83997 0.85173
vt 0.62775 0.71252
vt 0.62775 0.73832
vt 0.62775 0.74482
vt 0.83997 0.86245
vt 0.52105 0.59712
vt 0.97541 0.76129
vt 0.52105 0.65145
vt 0.62775 0.70188
vt 0.83997 0.88668
vt 0.83999 0.86868
vt 0.47257 0.38979
vt 0.47257 0.38314
vt 0.47257 0.37616
vt 0.66807 0.74482
vt 0.88028 0.86247
vt 0.66806 0.59712
vt 0.88031 0.76158
vt 0.66806 0.65145
vt 0.66806 0.70188
vt 0.88029 0.88669
vt 0.88031 0.86869
vt 0.88029 0.82408
vt 0.51288 0.38980
vt 0.91657 0.34007
vt 0.49731 0.38315
vt 0.82522 0.05380
vt 0.90003 0.37686
vt 0.75747 0.73832
vt 0.75747 0.71252
vt 0.82522 0.14110
vt 0.53375 0.77997
vt 0.53384 0.87504
vt 0.53386 0.88088
vt 0.53375 0.82403
vt 0.75747 0.74482
vt 0.53375 0.86242
vt 0.82522 0.17329
vt 0.53375 0.76154
vt 0.82522 0.22762
vt 0.75747 0.70189
vt 0.53377 0.88665
vt 0.53378 0.86865
vt 0.53375 0.85170
vt 0.53375 0.80217
vt 0.52629 0.73832
vt 0.80005 0.71252
vt 0.86553 0.14110
vt 0.57363 0.77996
vt 0.57382 0.80221
vt 0.57382 0.85173
vt 0.57390 0.87508
vt 0.57392 0.88092
vt 0.52629 0.74482
vt 0.57382 0.86246
vt 0.57382 0.82407
vt 0.86553 0.17329
vt 0.57363 0.76152
vt 0.86553 0.22762
vt 0.80005 0.70188
vt 0.57383 0.88669
vt 0.57385 0.86868
vt 0.86553 0.05379
vt 0.91656 0.38390
vt 0.91656 0.37686
vt 0.97638 0.17329
vt 0.68464 0.76157
vt 0.97638 0.22762
vt 0.91088 0.70188
vt 0.68466 0.88669
vt 0.68468 0.86869
vt 0.68464 0.85174
vt 0.68464 0.80221
vt 0.97638 0.05379
vt 0.87321 0.38390
vt 0.87321 0.37686
vt 0.67164 0.17329
vt 0.67164 0.22762
vt 0.38017 0.86242
vt 0.38019 0.88665
vt 0.38027 0.88088
vt 0.38017 0.76154
vt 0.67164 0.14110
vt 0.91106 0.73832
vt 0.91105 0.74482
vt 0.91106 0.71252
vt 0.38020 0.86865
vt 0.38026 0.87504
vt 0.91106 0.70188
vt 0.67164 0.05379
vt 0.38017 0.80217
vt 0.38017 0.82403
vt 0.38017 0.77997
vt 0.38017 0.85170
vt 0.95046 0.05379
vt 0.84729 0.38390
vt 0.84729 0.37686
vt 0.84729 0.34007
vt 0.00000 0.00000
vt 0.00000 0.00000
vt 0.00000 0.00000
vt 0.05147 0.78237
vt 0.48911 0.37610
vt 0.05147 0.78237
vt 0.03713 0.77593
vt 0.08131 0.77593
vt 0.05147 0.78237
vt 0.08131 0.78520
vt 0.03713 0.78520
vt 0.08136 0.78237
vt 0.05147 0.78237
vt 0.03713 0.78521
vt 0.03713 0.79448
vt 0.08131 0.78521
vt 0.08131 0.79448
vt 0.47257 0.33937
vt 0.89182 0.38390
vt 0.08136 0.78237
vt 0.08136 0.78237
vt 0.08136 0.78237
vt 0.08165 0.79713
vt 0.95708 0.56491
vt 0.95708 0.59709
vt 0.95708 0.65139
vt 0.95708 0.70180
vt 0.95708 0.47765
vt 0.52255 0.97432
vt 0.53786 0.97432
vt 0.54839 0.97621
vt 0.54656 0.97526
vt 0.52254 0.97715
vt 0.56407 0.98454
vt 0.57938 0.98454
vt 0.60522 0.98454
vt 0.53881 0.97432
vt 0.53880 0.97432
vt 0.83861 0.78004
vt 0.83872 0.88095
vt 0.16434 0.56493
vt 0.83872 0.88095
vt 0.83870 0.87511
vt 0.83861 0.89177
vt 0.83861 0.86248
vt 0.83863 0.88671
vt 0.83864 0.86871
vt 0.83870 0.87511
vt 0.16434 0.71252
vt 0.16434 0.73832
vt 0.83861 0.89177
vt 0.83861 0.86248
vt 0.83861 0.82410
vt 0.16434 0.59712
vt 0.83861 0.76160
vt 0.16434 0.65145
vt 0.16434 0.70188
vt 0.83863 0.88671
vt 0.83864 0.86871
vt 0.83861 0.85176
vt 0.83861 0.80224
vt 0.83575 0.94386
vt 0.83575 0.93682
vt 0.83575 0.90003
vt 0.29974 0.89452
vt 0.33437 0.90389
vt 0.35043 0.89452
vt 0.35971 0.87829
vt 0.35043 0.84332
vt 0.33437 0.83395
vt 0.29974 0.84332
vt 0.31640 0.87809
vt 0.33504 0.87070
vt 0.31649 0.87070
vt 0.33514 0.87073
vt 0.31640 0.87073
vt 0.31640 0.87073
vt 0.31640 0.87073
vt 0.31649 0.87813
vt 0.33504 0.87813
vt 0.29047 0.87829
vt 0.29047 0.85955
vt 0.31581 0.90389
vt 0.35971 0.85955
vt 0.31581 0.83395
vt 0.31649 0.87070
vt 0.33504 0.87813
vt 0.33514 0.87809
vt 0.33514 0.87809
vt 0.31640 0.87809
vt 0.31649 0.87070
vt 0.33504 0.87070
vt 0.33514 0.87809
vt 0.31649 0.87813
vt 0.33514 0.87073
vt 0.33514 0.87073
vt 0.33504 0.87813
vt 0.31649 0.87813
vt 0.31640 0.87073
vt 0.33514 0.87073
vt 0.33514 0.87073
vt 0.31640 0.87073
vt 0.33514 0.87073
vt 0.31649 0.87070
vt 0.33514 0.87809
vt 0.31640 0.87073
vt 0.31649 0.87070
vt 0.31640 0.87809
vt 0.35971 0.87829
vt 0.35043 0.89452
vt 0.33437 0.90389
vt 0.31649 0.87813
vt 0.29974 0.89452
vt 0.33437 0.90389
vt 0.35043 0.89452
vt 0.35971 0.87829
vt 0.35043 0.84332
vt 0.33437 0.83395
vt 0.29974 0.84332
vt 0.31640 0.87809
vt 0.33504 0.87070
vt 0.31649 0.87070
vt 0.33514 0.87073
vt 0.31640 0.87073
vt 0.31640 0.87073
vt 0.31640 0.87073
vt 0.31649 0.87813
vt 0.33504 0.87813
vt 0.29047 0.87829
vt 0.29047 0.85955
vt 0.31581 0.90389
vt 0.35971 0.85955
vt 0.31581 0.83395
vt 0.31649 0.87070
vt 0.33504 0.87813
vt 0.33514 0.87809
vt 0.33514 0.87809
vt 0.31640 0.87809
vt 0.31649 0.87070
vt 0.33504 0.87070
vt 0.33514 0.87809
vt 0.31649 0.87813
vt 0.33514 0.87073
vt 0.33514 0.87073
vt 0.33504 0.87813
vt 0.31649 0.87813
vt 0.31640 0.87073
vt 0.33514 0.87073
vt 0.33514 0.87073
vt 0.31640 0.87073
vt 0.33514 0.87073
vt 0.31649 0.87070
vt 0.33514 0.87809
vt 0.31640 0.87073
vt 0.31649 0.87070
vt 0.31640 0.87809
vt 0.35971 0.87829
vt 0.35043 0.89452
vt 0.33437 0.90389
vt 0.31649 0.87813
vt 0.13822 0.78918
vt 0.13295 0.78918
vt 0.08785 0.82157
vt 0.08785 0.76668
vt 0.09245 0.76668
vt 0.10159 0.77581
vt 0.10159 0.78918
vt 0.15023 0.78918
vt 0.15023 0.79129
vt 0.15668 0.79129
vt 0.15668 0.79470
vt 0.16912 0.79470
vt 0.18506 0.78477
vt 0.25812 0.78477
vt 0.27679 0.79498
vt 0.28969 0.79498
vt 0.29182 0.78834
vt 0.29973 0.78834
vt 0.21980 0.81581
vt 0.21980 0.81650
vt 0.21980 0.81765
vt 0.21980 0.81814
vt 0.31919 0.79931
vt 0.32813 0.79931
vt 0.32813 0.78660
vt 0.33749 0.78660
vt 0.13060 0.79263
vt 0.12982 0.79810
vt 0.13139 0.80200
vt 0.13529 0.80513
vt 0.13978 0.80513
vt 0.14310 0.80317
vt 0.14505 0.79908
vt 0.14485 0.79478
vt 0.14193 0.79127
vt 0.29750 0.79016
vt 0.29522 0.79374
vt 0.29555 0.79797
vt 0.29734 0.80122
vt 0.29978 0.80366
vt 0.30335 0.80529
vt 0.30744 0.80496
vt 0.31132 0.80269
vt 0.31295 0.79960
vt 0.28839 0.79862
vt 0.28220 0.79862
vt 0.28074 0.79862
vt 0.27342 0.79862
vt 0.27342 0.80546
vt 0.28220 0.81425
vt 0.28220 0.80366
vt 0.16434 0.81493
vt 0.16169 0.81516
vt 0.16169 0.82157
vt 0.16575 0.79878
vt 0.16169 0.79878
vt 0.16722 0.80773
vt 0.16722 0.79878
vt 0.13295 0.78918
vt 0.13060 0.79263
vt 0.13822 0.78918
vt 0.29973 0.78834
vt 0.30373 0.78424
vt 0.30940 0.78424
vt 0.31524 0.79166
vt 0.31919 0.79166
vt 0.31919 0.79931
vt 0.12982 0.79810
vt 0.13139 0.80200
vt 0.13529 0.80513
vt 0.13978 0.80513
vt 0.14310 0.80317
vt 0.14505 0.79908
vt 0.14485 0.79478
vt 0.14193 0.79127
vt 0.29750 0.79016
vt 0.29522 0.79374
vt 0.29555 0.79797
vt 0.29734 0.80122
vt 0.29978 0.80366
vt 0.30335 0.80529
vt 0.30744 0.80496
vt 0.31132 0.80269
vt 0.31295 0.79960
vt 0.28220 0.79862
vt 0.28074 0.79862
vt 0.27342 0.79862
vt 0.27342 0.80546
vt 0.28220 0.81425
vt 0.28220 0.80366
vt 0.16434 0.81493
vt 0.16169 0.81516
vt 0.16169 0.82157
vt 0.16575 0.79878
vt 0.16169 0.79878
vt 0.16722 0.80773
vt 0.16722 0.79878
vt 0.34005 0.82157
vt 0.34005 0.79254
vt 0.13822 0.81625
vt 0.22143 0.81982
vt 0.25538 0.82067
vt 0.08785 0.79374
vt 0.09245 0.79374
vt 0.10159 0.80288
vt 0.10159 0.81625
vt 0.15023 0.81625
vt 0.15023 0.81836
vt 0.15668 0.81836
vt 0.15668 0.82177
vt 0.16912 0.82177
vt 0.18506 0.81131
vt 0.25812 0.81131
vt 0.27679 0.82205
vt 0.28969 0.82205
vt 0.29182 0.81541
vt 0.29973 0.81541
vt 0.22143 0.81581
vt 0.22143 0.81650
vt 0.22143 0.81765
vt 0.22143 0.81814
vt 0.22143 0.81907
vt 0.32813 0.79931
vt 0.32813 0.78660
vt 0.33749 0.78660
vt 0.13822 0.78918
vt 0.13295 0.78918
vt 0.08785 0.82157
vt 0.08785 0.76668
vt 0.09245 0.76668
vt 0.10159 0.77581
vt 0.10159 0.78918
vt 0.15023 0.78918
vt 0.15023 0.79129
vt 0.15668 0.79129
vt 0.15668 0.79470
vt 0.16912 0.79470
vt 0.18506 0.78477
vt 0.25812 0.78477
vt 0.27679 0.79498
vt 0.28969 0.79498
vt 0.29182 0.78834
vt 0.29973 0.78834
vt 0.21980 0.81581
vt 0.21980 0.81650
vt 0.21980 0.81765
vt 0.21980 0.81814
vt 0.31919 0.79931
vt 0.32813 0.79931
vt 0.32813 0.78660
vt 0.33749 0.78660
vt 0.13060 0.79263
vt 0.12982 0.79810
vt 0.13139 0.80200
vt 0.13529 0.80513
vt 0.13978 0.80513
vt 0.14310 0.80317
vt 0.14505 0.79908
vt 0.14485 0.79478
vt 0.14193 0.79127
vt 0.29750 0.79016
vt 0.29522 0.79374
vt 0.29555 0.79797
vt 0.29734 0.80122
vt 0.29978 0.80366
vt 0.30335 0.80529
vt 0.30744 0.80496
vt 0.31132 0.80269
vt 0.31295 0.79960
vt 0.28839 0.79862
vt 0.28220 0.79862
vt 0.28074 0.79862
vt 0.27342 0.79862
vt 0.27342 0.80546
vt 0.28220 0.81425
vt 0.28220 0.80366
vt 0.16434 0.81493
vt 0.16169 0.81516
vt 0.16169 0.82157
vt 0.16575 0.79878
vt 0.16169 0.79878
vt 0.16722 0.80773
vt 0.16722 0.79878
vt 0.13295 0.78918
vt 0.13060 0.79263
vt 0.13822 0.78918
vt 0.29973 0.78834
vt 0.30373 0.78424
vt 0.30940 0.78424
vt 0.31524 0.79166
vt 0.31919 0.79166
vt 0.31919 0.79931
vt 0.12982 0.79810
vt 0.13139 0.80200
vt 0.13529 0.80513
vt 0.13978 0.80513
vt 0.14310 0.80317
vt 0.14505 0.79908
vt 0.14485 0.79478
vt 0.14193 0.79127
vt 0.29750 0.79016
vt 0.29522 0.79374
vt 0.29555 0.79797
vt 0.29734 0.80122
vt 0.29978 0.80366
vt 0.30335 0.80529
vt 0.30744 0.80496
vt 0.31132 0.80269
vt 0.31295 0.79960
vt 0.28220 0.79862
vt 0.28074 0.79862
vt 0.27342 0.79862
vt 0.27342 0.80546
vt 0.28220 0.81425
vt 0.28220 0.80366
vt 0.16434 0.81493
vt 0.16169 0.81516
vt 0.16169 0.82157
vt 0.16575 0.79878
vt 0.16169 0.79878
vt 0.16722 0.80773
vt 0.16722 0.79878
vt 0.34005 0.82157
vt 0.34005 0.79254
vt 0.13822 0.81625
vt 0.22143 0.81982
vt 0.25538 0.82067
vt 0.08785 0.79374
vt 0.09245 0.79374
vt 0.10159 0.80288
vt 0.10159 0.81625
vt 0.15023 0.81625
vt 0.15023 0.81836
vt 0.15668 0.81836
vt 0.15668 0.82177
vt 0.16912 0.82177
vt 0.18506 0.81131
vt 0.25812 0.81131
vt 0.27679 0.82205
vt 0.28969 0.82205
vt 0.29182 0.81541
vt 0.29973 0.81541
vt 0.22143 0.81581
vt 0.22143 0.81650
vt 0.22143 0.81765
vt 0.22143 0.81814
vt 0.22143 0.81907
vt 0.32813 0.79931
vt 0.32813 0.78660
vt 0.33749 0.78660
vt 0.29974 0.89452
vt 0.33437 0.90389
vt 0.35043 0.89452
vt 0.35971 0.87829
vt 0.35043 0.84332
vt 0.33437 0.83395
vt 0.29974 0.84332
vt 0.31640 0.87809
vt 0.33504 0.87070
vt 0.31649 0.87070
vt 0.33514 0.87073
vt 0.31640 0.87073
vt 0.31640 0.87073
vt 0.31640 0.87073
vt 0.31649 0.87813
vt 0.33504 0.87813
vt 0.29047 0.87829
vt 0.29047 0.85955
vt 0.31581 0.90389
vt 0.35971 0.85955
vt 0.31581 0.83395
vt 0.31649 0.87070
vt 0.33504 0.87813
vt 0.33514 0.87809
vt 0.33514 0.87809
vt 0.31640 0.87809
vt 0.31649 0.87070
vt 0.33504 0.87070
vt 0.33514 0.87809
vt 0.31649 0.87813
vt 0.33514 0.87073
vt 0.33514 0.87073
vt 0.33504 0.87813
vt 0.31649 0.87813
vt 0.31640 0.87073
vt 0.33514 0.87073
vt 0.33514 0.87073
vt 0.31640 0.87073
vt 0.33514 0.87073
vt 0.31649 0.87070
vt 0.33514 0.87809
vt 0.31640 0.87073
vt 0.31649 0.87070
vt 0.31640 0.87809
vt 0.35971 0.87829
vt 0.35043 0.89452
vt 0.33437 0.90389
vt 0.31649 0.87813
vt 0.29974 0.89452
vt 0.33437 0.90389
vt 0.35043 0.89452
vt 0.35971 0.87829
vt 0.35043 0.84332
vt 0.33437 0.83395
vt 0.29974 0.84332
vt 0.31640 0.87809
vt 0.33504 0.87070
vt 0.31649 0.87070
vt 0.33514 0.87073
vt 0.31640 0.87073
vt 0.31640 0.87073
vt 0.31640 0.87073
vt 0.31649 0.87813
vt 0.33504 0.87813
vt 0.29047 0.87829
vt 0.29047 0.85955
vt 0.31581 0.90389
vt 0.35971 0.85955
vt 0.31581 0.83395
vt 0.31649 0.87070
vt 0.33504 0.87813
vt 0.33514 0.87809
vt 0.33514 0.87809
vt 0.31640 0.87809
vt 0.31649 0.87070
vt 0.33504 0.87070
vt 0.33514 0.87809
vt 0.31649 0.87813
vt 0.33514 0.87073
vt 0.33514 0.87073
vt 0.33504 0.87813
vt 0.31649 0.87813
vt 0.31640 0.87073
vt 0.33514 0.87073
vt 0.33514 0.87073
vt 0.31640 0.87073
vt 0.33514 0.87073
vt 0.31649 0.87070
vt 0.33514 0.87809
vt 0.31640 0.87073
vt 0.31649 0.87070
vt 0.31640 0.87809
vt 0.35971 0.87829
vt 0.35043 0.89452
vt 0.33437 0.90389
vt 0.31649 0.87813
vt 0.13822 0.78918
vt 0.13295 0.78918
vt 0.08785 0.82157
vt 0.08785 0.76668
vt 0.09245 0.76668
vt 0.10159 0.77581
vt 0.10159 0.78918
vt 0.15023 0.78918
vt 0.15023 0.79129
vt 0.15668 0.79129
vt 0.15668 0.79470
vt 0.16912 0.79470
vt 0.18506 0.78563
vt 0.25812 0.78563
vt 0.27679 0.79498
vt 0.28969 0.79498
vt 0.29182 0.78834
vt 0.29973 0.78834
vt 0.21980 0.81581
vt 0.21980 0.81650
vt 0.21980 0.81765
vt 0.21980 0.81814
vt 0.31919 0.79931
vt 0.32813 0.79931
vt 0.32813 0.78660
vt 0.33749 0.78660
vt 0.22579 0.81982
vt 0.22541 0.81982
vt 0.22519 0.81982
vt 0.22364 0.81982
vt 0.22311 0.81982
vt 0.13060 0.79263
vt 0.12982 0.79810
vt 0.13139 0.80200
vt 0.13529 0.80513
vt 0.13978 0.80513
vt 0.14310 0.80317
vt 0.14505 0.79908
vt 0.14485 0.79478
vt 0.14193 0.79127
vt 0.29750 0.79016
vt 0.29522 0.79374
vt 0.29555 0.79797
vt 0.29734 0.80122
vt 0.29978 0.80366
vt 0.30335 0.80529
vt 0.30744 0.80496
vt 0.31132 0.80269
vt 0.31295 0.79960
vt 0.28839 0.79862
vt 0.28220 0.79862
vt 0.28074 0.79862
vt 0.27342 0.79862
vt 0.27342 0.80546
vt 0.28220 0.81425
vt 0.28220 0.80366
vt 0.16434 0.81493
vt 0.16169 0.81516
vt 0.16169 0.82157
vt 0.16575 0.79878
vt 0.16169 0.79878
vt 0.16722 0.80773
vt 0.16722 0.79878
vt 0.13295 0.78918
vt 0.13060 0.79263
vt 0.13822 0.78918
vt 0.29973 0.78834
vt 0.30373 0.78424
vt 0.30940 0.78424
vt 0.31524 0.79166
vt 0.31919 0.79166
vt 0.31919 0.79931
vt 0.12982 0.79810
vt 0.13139 0.80200
vt 0.13529 0.80513
vt 0.13978 0.80513
vt 0.14310 0.80317
vt 0.14505 0.79908
vt 0.14485 0.79478
vt 0.14193 0.79127
vt 0.29750 0.79016
vt 0.29522 0.79374
vt 0.29555 0.79797
vt 0.29734 0.80122
vt 0.29978 0.80366
vt 0.30335 0.80529
vt 0.30744 0.80496
vt 0.31132 0.80269
vt 0.31295 0.79960
vt 0.28220 0.79862
vt 0.28074 0.79862
vt 0.27342 0.79862
vt 0.27342 0.80546
vt 0.28220 0.81425
vt 0.28220 0.80366
vt 0.16434 0.81493
vt 0.16169 0.81516
vt 0.16169 0.82157
vt 0.16575 0.79878
vt 0.16169 0.79878
vt 0.16722 0.80773
vt 0.16722 0.79878
vt 0.34005 0.82157
vt 0.34005 0.79254
vt 0.21864 0.81982
vt 0.35485 0.82157
vt 0.36546 0.77438
vt 0.35485 0.77877
vt 0.33749 0.78660
vt 0.33749 0.78112
vt 0.34062 0.78112
vt 0.34062 0.77935
vt 0.32890 0.77429
vt 0.32890 0.76995
vt 0.34005 0.82157
vt 0.34005 0.79254
vt 0.36546 0.76995
vt 0.35485 0.82157
vt 0.36546 0.77438
vt 0.35485 0.77877
vt 0.13822 0.81625
vt 0.22143 0.81982
vt 0.25538 0.82067
vt 0.08785 0.79374
vt 0.09245 0.79374
vt 0.10159 0.80288
vt 0.10159 0.81625
vt 0.15023 0.81625
vt 0.15023 0.81836
vt 0.15668 0.81836
vt 0.15668 0.82177
vt 0.16912 0.82177
vt 0.18506 0.81131
vt 0.25812 0.81131
vt 0.27679 0.82205
vt 0.28969 0.82205
vt 0.29182 0.81541
vt 0.29973 0.81541
vt 0.22143 0.81581
vt 0.22143 0.81650
vt 0.22143 0.81765
vt 0.22143 0.81814
vt 0.22143 0.81907
vt 0.32813 0.79931
vt 0.32813 0.78660
vt 0.33749 0.78660
vt 0.13822 0.78918
vt 0.13295 0.78918
vt 0.08785 0.82157
vt 0.08785 0.76668
vt 0.09245 0.76668
vt 0.10159 0.77581
vt 0.10159 0.78918
vt 0.15023 0.78918
vt 0.15023 0.79129
vt 0.15668 0.79129
vt 0.15668 0.79470
vt 0.16912 0.79470
vt 0.18506 0.78563
vt 0.25812 0.78563
vt 0.27679 0.79498
vt 0.28969 0.79498
vt 0.29182 0.78834
vt 0.29973 0.78834
vt 0.21980 0.81581
vt 0.21980 0.81650
vt 0.21980 0.81765
vt 0.21980 0.81814
vt 0.31919 0.79931
vt 0.32813 0.79931
vt 0.32813 0.78660
vt 0.33749 0.78660
vt 0.22579 0.81982
vt 0.22541 0.81982
vt 0.22519 0.81982
vt 0.22364 0.81982
vt 0.22311 0.81982
vt 0.13060 0.79263
vt 0.12982 0.79810
vt 0.13139 0.80200
vt 0.13529 0.80513
vt 0.13978 0.80513
vt 0.14310 0.80317
vt 0.14505 0.79908
vt 0.14485 0.79478
vt 0.14193 0.79127
vt 0.29750 0.79016
vt 0.29522 0.79374
vt 0.29555 0.79797
vt 0.29734 0.80122
vt 0.29978 0.80366
vt 0.30335 0.80529
vt 0.30744 0.80496
vt 0.31132 0.80269
vt 0.31295 0.79960
vt 0.28839 0.79862
vt 0.28220 0.79862
vt 0.28074 0.79862
vt 0.27342 0.79862
vt 0.27342 0.80546
vt 0.28220 0.81425
vt 0.28220 0.80366
vt 0.16434 0.81493
vt 0.16169 0.81516
vt 0.16169 0.82157
vt 0.16575 0.79878
vt 0.16169 0.79878
vt 0.16722 0.80773
vt 0.16722 0.79878
vt 0.13295 0.78918
vt 0.13060 0.79263
vt 0.13822 0.78918
vt 0.29973 0.78834
vt 0.30373 0.78424
vt 0.30940 0.78424
vt 0.31524 0.79166
vt 0.31919 0.79166
vt 0.31919 0.79931
vt 0.12982 0.79810
vt 0.13139 0.80200
vt 0.13529 0.80513
vt 0.13978 0.80513
vt 0.14310 0.80317
vt 0.14505 0.79908
vt 0.14485 0.79478
vt 0.14193 0.79127
vt 0.29750 0.79016
vt 0.29522 0.79374
vt 0.29555 0.79797
vt 0.29734 0.80122
vt 0.29978 0.80366
vt 0.30335 0.80529
vt 0.30744 0.80496
vt 0.31132 0.80269
vt 0.31295 0.79960
vt 0.28220 0.79862
vt 0.28074 0.79862
vt 0.27342 0.79862
vt 0.27342 0.80546
vt 0.28220 0.81425
vt 0.28220 0.80366
vt 0.16434 0.81493
vt 0.16169 0.81516
vt 0.16169 0.82157
vt 0.16575 0.79878
vt 0.16169 0.79878
vt 0.16722 0.80773
vt 0.16722 0.79878
vt 0.34005 0.82157
vt 0.34005 0.79254
vt 0.21864 0.81982
vt 0.35485 0.82157
vt 0.36546 0.77438
vt 0.35485 0.77877
vt 0.33749 0.78660
vt 0.33749 0.78112
vt 0.34062 0.78112
vt 0.34062 0.77935
vt 0.32890 0.77429
vt 0.32890 0.76995
vt 0.34005 0.82157
vt 0.34005 0.79254
vt 0.36546 0.76995
vt 0.35485 0.82157
vt 0.36546 0.77438
vt 0.35485 0.77877
vt 0.13822 0.81625
vt 0.22143 0.81982
vt 0.25538 0.82067
vt 0.08785 0.79374
vt 0.09245 0.79374
vt 0.10159 0.80288
vt 0.10159 0.81625
vt 0.15023 0.81625
vt 0.15023 0.81836
vt 0.15668 0.81836
vt 0.15668 0.82177
vt 0.16912 0.82177
vt 0.18506 0.81131
vt 0.25812 0.81131
vt 0.27679 0.82205
vt 0.28969 0.82205
vt 0.29182 0.81541
vt 0.29973 0.81541
vt 0.22143 0.81581
vt 0.22143 0.81650
vt 0.22143 0.81765
vt 0.22143 0.81814
vt 0.22143 0.81907
vt 0.32813 0.79931
vt 0.32813 0.78660
vt 0.33749 0.78660
vt 0.05147 0.77625
vt 0.05147 0.78237
vt 0.05147 0.77625
vt 0.01961 0.05390
vt 0.16438 0.05391
vt 0.98346 0.87511
vt 0.88027 0.89175
vt 0.83996 0.89173
vt 0.98341 0.86871
vt 0.01961 0.32110
vt 0.16438 0.32110
vt 0.83471 0.80217
vt 0.83471 0.82403
vt 0.30544 0.74482
vt 0.30543 0.73832
vt 0.83482 0.88088
vt 0.30543 0.47762
vt 0.30543 0.56493
vt 0.83471 0.77997
vt 0.30543 0.59712
vt 0.83606 0.95051
vt 0.83606 0.94386
vt 0.98021 0.95051
vt 0.30543 0.65145
vt 0.83471 0.76154
vt 0.83606 0.93682
vt 0.30543 0.70188
vt 0.30543 0.71252
vt 0.83606 0.90003
vt 0.83471 0.85170
vt 0.83473 0.88665
vt 0.97887 0.89170
vt 0.83471 0.89170
vt 0.83471 0.86242
vt 0.83575 0.82405
vt 0.83575 0.85172
vt 0.35032 0.38987
vt 0.35032 0.38322
vt 0.42179 0.38987
vt 0.35032 0.37618
vt 0.35032 0.33939
vt 0.83575 0.76156
vt 0.83575 0.77999
vt 0.83576 0.86244
vt 0.83586 0.88090
vt 0.83577 0.88667
vt 0.83576 0.89172
vt 0.83578 0.86867
vt 0.52106 0.74482
vt 0.83575 0.80219
vt 0.83584 0.87506
vt 0.52105 0.73832
vt 0.62794 0.74482
vt 0.62794 0.73832
vt 0.52105 0.74482
vt 0.97541 0.82379
vt 0.86852 0.80192
vt 0.86852 0.82378
vt 0.86852 0.77972
vt 0.86862 0.88063
vt 0.86860 0.87479
vt 0.62794 0.65145
vt 0.62794 0.59712
vt 0.62794 0.47762
vt 0.52105 0.47762
vt 0.62794 0.56493
vt 0.36568 0.38985
vt 0.36568 0.38320
vt 0.36568 0.37616
vt 0.36568 0.33937
vt 0.86852 0.76129
vt 0.97544 0.86840
vt 0.86855 0.86840
vt 0.97543 0.88640
vt 0.86854 0.88640
vt 0.86852 0.86217
vt 0.97542 0.86217
vt 0.97541 0.85145
vt 0.86852 0.85145
vt 0.62794 0.70188
vt 0.52105 0.70188
vt 0.97541 0.89145
vt 0.86852 0.89145
vt 0.52105 0.71252
vt 0.62794 0.71252
vt 0.83999 0.80221
vt 0.83999 0.78000
vt 0.84006 0.88092
vt 0.84005 0.87508
vt 0.62775 0.59712
vt 0.62775 0.65145
vt 0.62775 0.56493
vt 0.66807 0.47762
vt 0.62775 0.47762
vt 0.84000 0.76157
vt 0.53375 0.89170
vt 0.38017 0.89170
vt 0.26072 0.27805
vt 0.41431 0.27805
vt 0.57363 0.89169
vt 0.78407 0.56490
vt 0.78407 0.59709
vt 0.60517 0.71252
vt 0.56485 0.71252
vt 0.60517 0.73832
vt 0.56485 0.73832
vt 0.78407 0.65142
vt 0.78407 0.70185
vt 0.82438 0.70185
vt 0.60516 0.74481
vt 0.56485 0.74482
vt 0.87893 0.70188
vt 0.83861 0.70188
vt 0.83861 0.71252
vt 0.87893 0.71252
vt 0.78407 0.47759
vt 0.68465 0.89174
vt 0.93523 0.70185
vt 0.84729 0.39055
vt 0.87321 0.39055
vt 0.63711 0.71252
vt 0.52629 0.71252
vt 0.87625 0.39054
vt 0.91656 0.39055
vt 0.75795 0.47762
vt 0.75794 0.56493
vt 0.68978 0.85177
vt 0.77965 0.82408
vt 0.77966 0.85174
vt 0.68977 0.82411
vt 0.68976 0.80225
vt 0.77963 0.78002
vt 0.77964 0.80222
vt 0.68975 0.78005
vt 0.75794 0.65145
vt 0.75794 0.70189
vt 0.77956 0.88093
vt 0.68968 0.88096
vt 0.68970 0.87512
vt 0.77958 0.87509
vt 0.75794 0.71252
vt 0.68975 0.86872
vt 0.77963 0.86869
vt 0.68977 0.86250
vt 0.77965 0.86247
vt 0.89519 0.89178
vt 0.98505 0.88669
vt 0.98507 0.89175
vt 0.89517 0.88673
vt 0.75794 0.73832
vt 0.75795 0.74482
vt 0.75794 0.59712
vt 0.77962 0.76158
vt 0.68974 0.76161
vt 0.98496 0.88093
vt 0.89508 0.88096
vt 0.84706 0.37686
vt 0.84706 0.34007
vt 0.93197 0.37686
vt 0.93197 0.34007
vt 0.84706 0.38390
vt 0.93197 0.38390
vt 0.84706 0.39055
vt 0.93197 0.39055
vt 0.05147 0.77625
vt 0.08136 0.77625
vt 0.05147 0.77625
vt 0.05147 0.77625
vt 0.08134 0.79320
vt 0.03715 0.79024
vt 0.03715 0.79320
vt 0.08134 0.79024
vt 0.08149 0.79002
vt 0.03730 0.77593
vt 0.08149 0.77593
vt 0.04673 0.78842
vt 0.03746 0.78547
vt 0.03746 0.78842
vt 0.04673 0.78547
vt 0.05147 0.77625
vt 0.08136 0.77625
vt 0.08136 0.77625
vt 0.08136 0.77625
vt 0.04940 0.76560
vt 0.04940 0.79713
vt 0.08165 0.76560
vt 0.97258 0.47765
vt 0.97258 0.56491
vt 0.97258 0.59709
vt 0.97258 0.65139
vt 0.97258 0.70180
vt 0.53786 0.97339
vt 0.52254 0.97339
vt 0.52255 0.97621
vt 0.54838 0.97528
vt 0.52254 0.97528
vt 0.52257 0.97526
vt 0.54653 0.97433
vt 0.52254 0.97433
vt 0.56407 0.97715
vt 0.52254 0.97622
vt 0.56407 0.97622
vt 0.53881 0.96694
vt 0.53975 0.97432
vt 0.53975 0.96694
vt 0.53787 0.97432
vt 0.53787 0.96694
vt 0.53880 0.96694
vt 0.50181 0.90159
vt 0.50158 0.90873
vt 0.45833 0.95265
vt 0.48158 0.95228
vt 0.47740 0.95244
vt 0.50066 0.92601
vt 0.37428 0.90159
vt 0.42184 0.95333
vt 0.39416 0.95290
vt 0.43635 0.95308
vt 0.50119 0.91742
vt 0.49893 0.94343
vt 0.49801 0.94577
vt 0.49172 0.95198
vt 0.49553 0.94958
vt 0.49403 0.95088
vt 0.49695 0.94781
vt 0.49957 0.94106
vt 0.49999 0.93687
vt 0.38606 0.95158
vt 0.37428 0.94356
vt 0.38879 0.95283
vt 0.60522 0.97717
vt 0.62921 0.97717
vt 0.57938 0.97717
vt 0.62921 0.98454
vt 0.52254 0.98454
vt 0.01957 0.47762
vt 0.16434 0.47762
vt 0.98346 0.87511
vt 0.88027 0.89175
vt 0.83996 0.89173
vt 0.98341 0.86871
vt 0.01957 0.74482
vt 0.16434 0.74482
vt 0.83471 0.80217
vt 0.83471 0.82403
vt 0.16406 0.32110
vt 0.16407 0.31460
vt 0.83482 0.88088
vt 0.16407 0.14121
vt 0.16407 0.05391
vt 0.83471 0.77997
vt 0.16407 0.17340
vt 0.98021 0.95051
vt 0.83606 0.95051
vt 0.83606 0.94386
vt 0.16407 0.22773
vt 0.83471 0.76154
vt 0.83606 0.93682
vt 0.16407 0.27817
vt 0.16407 0.28880
vt 0.83606 0.90003
vt 0.83471 0.85170
vt 0.83473 0.88665
vt 0.97887 0.89170
vt 0.83471 0.89170
vt 0.83471 0.86242
vt 0.52105 0.56493
vt 0.52105 0.47762
vt 0.83575 0.82405
vt 0.83575 0.85172
vt 0.42179 0.38987
vt 0.35032 0.38987
vt 0.35032 0.38322
vt 0.35032 0.37618
vt 0.52105 0.70188
vt 0.52105 0.71252
vt 0.52105 0.59712
vt 0.35032 0.33939
vt 0.83575 0.76156
vt 0.83575 0.77999
vt 0.83576 0.86244
vt 0.83586 0.88090
vt 0.83577 0.88667
vt 0.83576 0.89172
vt 0.52105 0.65145
vt 0.52105 0.73832
vt 0.83578 0.86867
vt 0.44958 0.74482
vt 0.52105 0.74482
vt 0.83575 0.80219
vt 0.83584 0.87506
vt 0.52105 0.74482
vt 0.52105 0.73832
vt 0.62794 0.74482
vt 0.62794 0.73832
vt 0.97541 0.82379
vt 0.86852 0.80192
vt 0.86852 0.82378
vt 0.86852 0.77972
vt 0.86862 0.88063
vt 0.86860 0.87479
vt 0.62794 0.65145
vt 0.62794 0.59712
vt 0.52105 0.47762
vt 0.62794 0.56493
vt 0.62794 0.47762
vt 0.36568 0.38985
vt 0.36568 0.38320
vt 0.36568 0.37616
vt 0.36568 0.33937
vt 0.86852 0.76129
vt 0.97544 0.86840
vt 0.86855 0.86840
vt 0.97543 0.88640
vt 0.86854 0.88640
vt 0.97541 0.85145
vt 0.97542 0.86217
vt 0.86852 0.86217
vt 0.86852 0.85145
vt 0.52105 0.70188
vt 0.62794 0.70188
vt 0.97541 0.89145
vt 0.86852 0.89145
vt 0.52105 0.71252
vt 0.62794 0.71252
vt 0.83999 0.80221
vt 0.83999 0.78000
vt 0.84006 0.88092
vt 0.84005 0.87508
vt 0.62775 0.65145
vt 0.62775 0.59712
vt 0.66807 0.47762
vt 0.62775 0.56493
vt 0.62775 0.47762
vt 0.84000 0.76157
vt 0.53375 0.89170
vt 0.38017 0.89170
vt 0.82522 0.27806
vt 0.67164 0.27806
vt 0.57363 0.89169
vt 0.56485 0.71252
vt 0.60517 0.73832
vt 0.56485 0.73832
vt 0.60517 0.71252
vt 0.86553 0.27806
vt 0.56485 0.74482
vt 0.60516 0.74481
vt 0.83861 0.71252
vt 0.83861 0.70188
vt 0.87893 0.70188
vt 0.87893 0.71252
vt 0.68465 0.89174
vt 0.97638 0.27806
vt 0.87321 0.39055
vt 0.84729 0.39055
vt 0.63711 0.71252
vt 0.52629 0.71252
vt 0.91656 0.39055
vt 0.87625 0.39054
vt 0.75795 0.47762
vt 0.75794 0.56493
vt 0.68977 0.82411
vt 0.68978 0.85177
vt 0.77965 0.82408
vt 0.77966 0.85174
vt 0.68975 0.78005
vt 0.68976 0.80225
vt 0.77963 0.78002
vt 0.77964 0.80222
vt 0.75794 0.70189
vt 0.75794 0.65145
vt 0.68970 0.87512
vt 0.68968 0.88096
vt 0.77956 0.88093
vt 0.77958 0.87509
vt 0.75794 0.71252
vt 0.68975 0.86872
vt 0.77963 0.86869
vt 0.68977 0.86250
vt 0.77965 0.86247
vt 0.89517 0.88673
vt 0.89519 0.89178
vt 0.98505 0.88669
vt 0.98507 0.89175
vt 0.75794 0.73832
vt 0.75795 0.74482
vt 0.75794 0.59712
vt 0.68974 0.76161
vt 0.77962 0.76158
vt 0.89508 0.88096
vt 0.98496 0.88093
vt 0.93197 0.37686
vt 0.93197 0.34007
vt 0.84706 0.34007
vt 0.84706 0.37686
vt 0.93197 0.38390
vt 0.84706 0.38390
vt 0.93197 0.39055
vt 0.84706 0.39055
vt 0.08136 0.77625
vt 0.05147 0.77625
vt 0.05147 0.77625
vt 0.05147 0.77625
vt 0.08134 0.79024
vt 0.08134 0.79320
vt 0.03715 0.79024
vt 0.03715 0.79320
vt 0.03730 0.77593
vt 0.08149 0.77593
vt 0.08149 0.79002
vt 0.04673 0.78547
vt 0.04673 0.78842
vt 0.03746 0.78547
vt 0.03746 0.78842
vt 0.05147 0.77625
vt 0.08136 0.77625
vt 0.08136 0.77625
vt 0.08136 0.77625
vt 0.08165 0.76560
vt 0.04940 0.79713
vt 0.04940 0.76560
vt 0.97258 0.47765
vt 0.97258 0.56491
vt 0.97258 0.59709
vt 0.97258 0.65139
vt 0.97258 0.70180
vt 0.53786 0.97339
vt 0.52254 0.97339
vt 0.54838 0.97528
vt 0.52255 0.97621
vt 0.52254 0.97528
vt 0.54653 0.97433
vt 0.52257 0.97526
vt 0.52254 0.97433
vt 0.56407 0.97622
vt 0.56407 0.97715
vt 0.52254 0.97622
vt 0.53881 0.96694
vt 0.53975 0.96694
vt 0.53975 0.97432
vt 0.53787 0.96694
vt 0.53880 0.96694
vt 0.53787 0.97432
vt 0.45833 0.95265
vt 0.50066 0.92601
vt 0.50119 0.91742
vt 0.37428 0.90159
vt 0.42184 0.95333
vt 0.43635 0.95308
vt 0.48158 0.95228
vt 0.49999 0.93687
vt 0.50181 0.90159
vt 0.39416 0.95290
vt 0.37428 0.94356
vt 0.38606 0.95158
vt 0.38879 0.95283
vt 0.50158 0.90873
vt 0.47740 0.95244
vt 0.49957 0.94106
vt 0.49893 0.94343
vt 0.49801 0.94577
vt 0.49695 0.94781
vt 0.49172 0.95198
vt 0.49553 0.94958
vt 0.49403 0.95088
vt 0.60522 0.97717
vt 0.62921 0.97717
vt 0.52254 0.98454
vt 0.57938 0.97717
vt 0.62921 0.98454
vt 0.98337 0.76160
vt 0.98337 0.78004
vt 0.98052 0.95051
vt 0.98052 0.94386
vt 0.16064 0.47762
vt 0.30540 0.56493
vt 0.16064 0.56493
vt 0.30540 0.47762
vt 0.98346 0.87511
vt 0.98348 0.88095
vt 0.98337 0.85176
vt 0.98338 0.86249
vt 0.98337 0.82410
vt 0.98052 0.93682
vt 0.16064 0.65145
vt 0.16064 0.59712
vt 0.30540 0.59712
vt 0.30541 0.65145
vt 0.98052 0.90003
vt 0.98339 0.88671
vt 0.98338 0.89177
vt 0.16064 0.71252
vt 0.16064 0.70189
vt 0.30541 0.70188
vt 0.30541 0.71252
vt 0.16064 0.73832
vt 0.30541 0.73832
vt 0.98341 0.86871
vt 0.98337 0.80224
vt 0.16064 0.74482
vt 0.30540 0.74482
vt 0.01961 0.05390
vt 0.16438 0.05391
vt 0.98346 0.87511
vt 0.83996 0.89173
vt 0.88027 0.89175
vt 0.98341 0.86871
vt 0.01961 0.32110
vt 0.16438 0.32110
vt 0.83471 0.82403
vt 0.83471 0.80217
vt 0.30543 0.73832
vt 0.30544 0.74482
vt 0.83482 0.88088
vt 0.30543 0.47762
vt 0.30543 0.56493
vt 0.83471 0.77997
vt 0.30543 0.59712
vt 0.83606 0.94386
vt 0.83606 0.95051
vt 0.98021 0.95051
vt 0.30543 0.65145
vt 0.83606 0.93682
vt 0.30543 0.70188
vt 0.30543 0.71252
vt 0.83606 0.90003
vt 0.83471 0.85170
vt 0.83473 0.88665
vt 0.83471 0.89170
vt 0.97887 0.89170
vt 0.83471 0.86242
vt 0.83575 0.85172
vt 0.83575 0.82405
vt 0.35032 0.38322
vt 0.35032 0.38987
vt 0.42179 0.38987
vt 0.35032 0.37618
vt 0.35032 0.33939
vt 0.83575 0.77999
vt 0.83576 0.86244
vt 0.83577 0.88667
vt 0.83586 0.88090
vt 0.83576 0.89172
vt 0.83578 0.86867
vt 0.52106 0.74482
vt 0.83575 0.80219
vt 0.83584 0.87506
vt 0.62794 0.73832
vt 0.62794 0.74482
vt 0.52105 0.73832
vt 0.52105 0.74482
vt 0.86852 0.82378
vt 0.86852 0.80192
vt 0.97541 0.82379
vt 0.86852 0.77972
vt 0.86862 0.88063
vt 0.86860 0.87479
vt 0.62794 0.59712
vt 0.62794 0.65145
vt 0.62794 0.47762
vt 0.62794 0.56493
vt 0.52105 0.47762
vt 0.36568 0.38320
vt 0.36568 0.38985
vt 0.36568 0.37616
vt 0.36568 0.33937
vt 0.86855 0.86840
vt 0.97544 0.86840
vt 0.86854 0.88640
vt 0.97543 0.88640
vt 0.86852 0.86217
vt 0.86852 0.85145
vt 0.97541 0.85145
vt 0.97542 0.86217
vt 0.62794 0.70188
vt 0.52105 0.70188
vt 0.86852 0.89145
vt 0.97541 0.89145
vt 0.62794 0.71252
vt 0.52105 0.71252
vt 0.83999 0.80221
vt 0.83999 0.78000
vt 0.84006 0.88092
vt 0.84005 0.87508
vt 0.62775 0.59712
vt 0.62775 0.65145
vt 0.62775 0.56493
vt 0.66807 0.47762
vt 0.62775 0.47762
vt 0.38017 0.89170
vt 0.53375 0.89170
vt 0.26072 0.27805
vt 0.41431 0.27805
vt 0.57363 0.89169
vt 0.78407 0.56490
vt 0.78407 0.59709
vt 0.60517 0.71252
vt 0.60517 0.73832
vt 0.56485 0.71252
vt 0.56485 0.73832
vt 0.78407 0.65142
vt 0.78407 0.70185
vt 0.82438 0.70185
vt 0.60516 0.74481
vt 0.56485 0.74482
vt 0.87893 0.70188
vt 0.87893 0.71252
vt 0.83861 0.71252
vt 0.83861 0.70188
vt 0.78407 0.47759
vt 0.68465 0.89174
vt 0.93523 0.70185
vt 0.84729 0.39055
vt 0.87321 0.39055
vt 0.52629 0.71252
vt 0.63711 0.71252
vt 0.91656 0.39055
vt 0.87625 0.39054
vt 0.75795 0.47762
vt 0.75794 0.56493
vt 0.77966 0.85174
vt 0.77965 0.82408
vt 0.68978 0.85177
vt 0.68977 0.82411
vt 0.77964 0.80222
vt 0.77963 0.78002
vt 0.68976 0.80225
vt 0.68975 0.78005
vt 0.75794 0.65145
vt 0.75794 0.70189
vt 0.77956 0.88093
vt 0.77958 0.87509
vt 0.68970 0.87512
vt 0.68968 0.88096
vt 0.75794 0.71252
vt 0.77963 0.86869
vt 0.68975 0.86872
vt 0.77965 0.86247
vt 0.68977 0.86250
vt 0.98507 0.89175
vt 0.98505 0.88669
vt 0.89519 0.89178
vt 0.89517 0.88673
vt 0.75794 0.73832
vt 0.75795 0.74482
vt 0.75794 0.59712
vt 0.98496 0.88093
vt 0.89508 0.88096
vt 0.93197 0.37686
vt 0.84706 0.34007
vt 0.84706 0.37686
vt 0.93197 0.34007
vt 0.93197 0.38390
vt 0.84706 0.38390
vt 0.84706 0.39055
vt 0.93197 0.39055
vt 0.05147 0.77625
vt 0.08136 0.77625
vt 0.05147 0.77625
vt 0.05147 0.77625
vt 0.03715 0.79320
vt 0.03715 0.79024
vt 0.08134 0.79320
vt 0.08134 0.79024
vt 0.03730 0.77593
vt 0.03746 0.78842
vt 0.03746 0.78547
vt 0.05147 0.77625
vt 0.08136 0.77625
vt 0.08136 0.77625
vt 0.08136 0.77625
vt 0.04940 0.76560
vt 0.08165 0.76560
vt 0.97258 0.47765
vt 0.97258 0.56491
vt 0.97258 0.59709
vt 0.97258 0.65139
vt 0.97258 0.70180
vt 0.52254 0.97339
vt 0.53786 0.97339
vt 0.52255 0.97621
vt 0.52254 0.97528
vt 0.54838 0.97528
vt 0.52257 0.97526
vt 0.52254 0.97433
vt 0.54653 0.97433
vt 0.52254 0.97622
vt 0.56407 0.97715
vt 0.56407 0.97622
vt 0.53881 0.96694
vt 0.53975 0.97432
vt 0.53975 0.96694
vt 0.53787 0.97432
vt 0.53787 0.96694
vt 0.53880 0.96694
vt 0.43635 0.95308
vt 0.38606 0.95158
vt 0.38879 0.95283
vt 0.39416 0.95290
vt 0.42184 0.95333
vt 0.45833 0.95265
vt 0.50066 0.92601
vt 0.50119 0.91742
vt 0.48158 0.95228
vt 0.49999 0.93687
vt 0.37428 0.94356
vt 0.50158 0.90873
vt 0.47740 0.95244
vt 0.49957 0.94106
vt 0.49893 0.94343
vt 0.49801 0.94577
vt 0.49695 0.94781
vt 0.49172 0.95198
vt 0.49553 0.94958
vt 0.49403 0.95088
vt 0.52254 0.98454
vt 0.57938 0.97717
vt 0.62921 0.97717
vt 0.62921 0.98454
vt 0.60522 0.97717
vt 0.01957 0.47762
vt 0.16434 0.47762
vt 0.98346 0.87511
vt 0.88027 0.89175
vt 0.83996 0.89173
vt 0.98341 0.86871
vt 0.01957 0.74482
vt 0.16434 0.74482
vt 0.83471 0.80217
vt 0.83471 0.82403
vt 0.16406 0.32110
vt 0.16407 0.31460
vt 0.83482 0.88088
vt 0.16407 0.14121
vt 0.16407 0.05391
vt 0.83471 0.77997
vt 0.16407 0.17340
vt 0.98021 0.95051
vt 0.83606 0.95051
vt 0.83606 0.94386
vt 0.16407 0.22773
vt 0.83606 0.93682
vt 0.16407 0.28880
vt 0.16407 0.27817
vt 0.83606 0.90003
vt 0.83471 0.85170
vt 0.83473 0.88665
vt 0.97887 0.89170
vt 0.83471 0.89170
vt 0.83471 0.86242
vt 0.52105 0.56493
vt 0.52105 0.47762
vt 0.83575 0.82405
vt 0.83575 0.85172
vt 0.42179 0.38987
vt 0.35032 0.38987
vt 0.35032 0.38322
vt 0.35032 0.37618
vt 0.52105 0.71252
vt 0.52105 0.70188
vt 0.52105 0.59712
vt 0.35032 0.33939
vt 0.83575 0.77999
vt 0.83576 0.86244
vt 0.83586 0.88090
vt 0.83577 0.88667
vt 0.83576 0.89172
vt 0.52105 0.65145
vt 0.52105 0.73832
vt 0.83578 0.86867
vt 0.44958 0.74482
vt 0.52105 0.74482
vt 0.83575 0.80219
vt 0.83584 0.87506
vt 0.52105 0.73832
vt 0.52105 0.74482
vt 0.62794 0.74482
vt 0.62794 0.73832
vt 0.97541 0.82379
vt 0.86852 0.80192
vt 0.86852 0.82378
vt 0.86852 0.77972
vt 0.86860 0.87479
vt 0.86862 0.88063
vt 0.62794 0.65145
vt 0.62794 0.59712
vt 0.52105 0.47762
vt 0.62794 0.56493
vt 0.62794 0.47762
vt 0.36568 0.38985
vt 0.36568 0.38320
vt 0.36568 0.37616
vt 0.36568 0.33937
vt 0.97544 0.86840
vt 0.86855 0.86840
vt 0.97543 0.88640
vt 0.86854 0.88640
vt 0.97541 0.85145
vt 0.86852 0.85145
vt 0.86852 0.86217
vt 0.97542 0.86217
vt 0.52105 0.70188
vt 0.62794 0.70188
vt 0.97541 0.89145
vt 0.86852 0.89145
vt 0.52105 0.71252
vt 0.62794 0.71252
vt 0.83999 0.80221
vt 0.83999 0.78000
vt 0.84005 0.87508
vt 0.84006 0.88092
vt 0.62775 0.65145
vt 0.62775 0.59712
vt 0.66807 0.47762
vt 0.62775 0.56493
vt 0.62775 0.47762
vt 0.53375 0.89170
vt 0.38017 0.89170
vt 0.82522 0.27806
vt 0.67164 0.27806
vt 0.57363 0.89169
vt 0.56485 0.71252
vt 0.56485 0.73832
vt 0.60517 0.73832
vt 0.60517 0.71252
vt 0.86553 0.27806
vt 0.56485 0.74482
vt 0.60516 0.74481
vt 0.83861 0.71252
vt 0.87893 0.71252
vt 0.87893 0.70188
vt 0.83861 0.70188
vt 0.68465 0.89174
vt 0.97638 0.27806
vt 0.87321 0.39055
vt 0.84729 0.39055
vt 0.63711 0.71252
vt 0.52629 0.71252
vt 0.91656 0.39055
vt 0.87625 0.39054
vt 0.75795 0.47762
vt 0.75794 0.56493
vt 0.68978 0.85177
vt 0.68977 0.82411
vt 0.77965 0.82408
vt 0.77966 0.85174
vt 0.68976 0.80225
vt 0.68975 0.78005
vt 0.77963 0.78002
vt 0.77964 0.80222
vt 0.75794 0.65145
vt 0.75794 0.70189
vt 0.68970 0.87512
vt 0.77958 0.87509
vt 0.77956 0.88093
vt 0.68968 0.88096
vt 0.75794 0.71252
vt 0.68975 0.86872
vt 0.77963 0.86869
vt 0.68977 0.86250
vt 0.77965 0.86247
vt 0.89519 0.89178
vt 0.89517 0.88673
vt 0.98505 0.88669
vt 0.98507 0.89175
vt 0.75794 0.73832
vt 0.75795 0.74482
vt 0.75794 0.59712
vt 0.89508 0.88096
vt 0.98496 0.88093
vt 0.93197 0.34007
vt 0.93197 0.37686
vt 0.84706 0.34007
vt 0.84706 0.37686
vt 0.93197 0.38390
vt 0.84706 0.38390
vt 0.93197 0.39055
vt 0.84706 0.39055
vt 0.08136 0.77625
vt 0.05147 0.77625
vt 0.05147 0.77625
vt 0.05147 0.77625
vt 0.08134 0.79320
vt 0.08134 0.79024
vt 0.03715 0.79024
vt 0.03715 0.79320
vt 0.03730 0.77593
vt 0.03746 0.78547
vt 0.03746 0.78842
vt 0.05147 0.77625
vt 0.08136 0.77625
vt 0.08136 0.77625
vt 0.08136 0.77625
vt 0.08165 0.76560
vt 0.04940 0.76560
vt 0.97258 0.47765
vt 0.97258 0.56491
vt 0.97258 0.59709
vt 0.97258 0.65139
vt 0.97258 0.70180
vt 0.53786 0.97339
vt 0.52254 0.97339
vt 0.52255 0.97621
vt 0.54838 0.97528
vt 0.52254 0.97528
vt 0.52257 0.97526
vt 0.54653 0.97433
vt 0.52254 0.97433
vt 0.56407 0.97715
vt 0.56407 0.97622
vt 0.52254 0.97622
vt 0.53975 0.96694
vt 0.53881 0.96694
vt 0.53975 0.97432
vt 0.53880 0.96694
vt 0.53787 0.96694
vt 0.53787 0.97432
vt 0.50066 0.92601
vt 0.47740 0.95244
vt 0.45833 0.95265
vt 0.42184 0.95333
vt 0.39416 0.95290
vt 0.48158 0.95228
vt 0.43635 0.95308
vt 0.50158 0.90873
vt 0.50119 0.91742
vt 0.49893 0.94343
vt 0.49801 0.94577
vt 0.49172 0.95198
vt 0.49553 0.94958
vt 0.49403 0.95088
vt 0.49695 0.94781
vt 0.49957 0.94106
vt 0.49999 0.93687
vt 0.38606 0.95158
vt 0.37428 0.94356
vt 0.38879 0.95283
vt 0.57938 0.97717
vt 0.60522 0.97717
vt 0.62921 0.98454
vt 0.62921 0.97717
vt 0.52254 0.98454
vt 0.98337 0.78004
vt 0.98052 0.95051
vt 0.98052 0.94386
vt 0.16064 0.47762
vt 0.16064 0.56493
vt 0.30540 0.56493
vt 0.30540 0.47762
vt 0.98346 0.87511
vt 0.98348 0.88095
vt 0.98337 0.85176
vt 0.98338 0.86249
vt 0.98337 0.82410
vt 0.98052 0.93682
vt 0.16064 0.65145
vt 0.30541 0.65145
vt 0.30540 0.59712
vt 0.16064 0.59712
vt 0.98052 0.90003
vt 0.98338 0.89177
vt 0.98339 0.88671
vt 0.16064 0.71252
vt 0.30541 0.71252
vt 0.30541 0.70188
vt 0.16064 0.70189
vt 0.16064 0.73832
vt 0.30541 0.73832
vt 0.98341 0.86871
vt 0.98337 0.80224
vt 0.16064 0.74482
vt 0.30540 0.74482
vt 0.33514 0.87809
vt 0.31640 0.87809
vt 0.31649 0.87813
vt 0.33504 0.87813
vt 0.31649 0.87070
vt 0.33504 0.87070
vt 0.33514 0.87073
vt 0.33514 0.87809
vt 0.31640 0.87809
vt 0.31649 0.87813
vt 0.33504 0.87070
vt 0.33504 0.87813
vt 0.31649 0.87813
vt 0.31649 0.87070
vt 0.33504 0.87070
vt 0.31640 0.87073
vt 0.33514 0.87073
vt 0.33514 0.87073
vt 0.33514 0.87809
vt 0.31640 0.87809
vt 0.31640 0.87073
vt 0.33514 0.87073
vt 0.33514 0.87809
vt 0.31640 0.87809
vt 0.33514 0.87809
vt 0.31640 0.87809
vt 0.31640 0.87073
vt 0.33514 0.87073
vt 0.31649 0.87070
vt 0.33504 0.87070
vt 0.33504 0.87813
vt 0.31649 0.87813
vt 0.31649 0.87813
vt 0.31649 0.87070
vt 0.33504 0.87813
vt 0.33504 0.87070
vt 0.31640 0.87809
vt 0.31640 0.87073
vt 0.33504 0.87070
vt 0.33504 0.87813
vt 0.31649 0.87813
vt 0.31649 0.87070
vt 0.33504 0.87813
vt 0.33504 0.87070
vt 0.33504 0.87813
vt 0.33504 0.87070
vt 0.29047 0.85955
vt 0.29974 0.89452
vt 0.35043 0.84332
vt 0.35971 0.85955
vt 0.33437 0.83395
vt 0.29047 0.87829
vt 0.31581 0.90389
vt 0.31581 0.83395
vt 0.29974 0.84332
vt 0.33514 0.87809
vt 0.31640 0.87073
vt 0.31640 0.87809
vt 0.31640 0.87809
vt 0.33514 0.87809
vt 0.31640 0.87073
vt 0.33514 0.87073
vt 0.33514 0.87809
vt 0.31640 0.87809
vt 0.31649 0.87813
vt 0.31649 0.87070
vt 0.33504 0.87813
vt 0.33504 0.87070
vt 0.31649 0.87813
vt 0.31649 0.87070
vt 0.33504 0.87070
vt 0.33504 0.87813
vt 0.33514 0.87809
vt 0.31640 0.87809
vt 0.31649 0.87813
vt 0.33504 0.87813
vt 0.31649 0.87070
vt 0.33504 0.87070
vt 0.33514 0.87809
vt 0.33514 0.87073
vt 0.31640 0.87809
vt 0.31649 0.87813
vt 0.33504 0.87813
vt 0.33504 0.87070
vt 0.31649 0.87070
vt 0.31649 0.87813
vt 0.33504 0.87070
vt 0.31640 0.87073
vt 0.33514 0.87073
vt 0.33514 0.87809
vt 0.33514 0.87073
vt 0.31640 0.87809
vt 0.31640 0.87073
vt 0.33514 0.87809
vt 0.33514 0.87073
vt 0.31640 0.87809
vt 0.33514 0.87809
vt 0.31640 0.87073
vt 0.31640 0.87809
vt 0.33514 0.87073
vt 0.31649 0.87070
vt 0.33504 0.87813
vt 0.33504 0.87070
vt 0.31649 0.87813
vt 0.33504 0.87813
vt 0.31649 0.87070
vt 0.31649 0.87813
vt 0.33504 0.87070
vt 0.31640 0.87073
vt 0.31640 0.87809
vt 0.33504 0.87813
vt 0.33504 0.87070
vt 0.33504 0.87813
vt 0.31649 0.87070
vt 0.31649 0.87813
vt 0.33504 0.87070
vt 0.33504 0.87813
vt 0.33504 0.87070
vt 0.29047 0.85955
vt 0.29047 0.87829
vt 0.29974 0.89452
vt 0.35043 0.84332
vt 0.33437 0.83395
vt 0.31581 0.83395
vt 0.29974 0.84332
vt 0.35971 0.85955
vt 0.31581 0.90389
vt 0.31640 0.87073
vt 0.33514 0.87809
vt 0.31640 0.87809
vt 0.31640 0.87809
vt 0.33514 0.87809
vt 0.31640 0.87073
vt 0.33514 0.87809
vt 0.33514 0.87073
vt 0.31640 0.87809
vt 0.33504 0.87813
vt 0.31649 0.87070
vt 0.31649 0.87813
vt 0.33504 0.87070
vt 0.31649 0.87813
vt 0.33504 0.87813
vt 0.33504 0.87070
vt 0.31649 0.87070
vt 0.21864 0.81581
vt 0.21980 0.81511
vt 0.21864 0.81511
vt 0.21864 0.81650
vt 0.21864 0.81765
vt 0.21864 0.81814
vt 0.21864 0.81907
vt 0.21980 0.81907
vt 0.21864 0.82047
vt 0.21980 0.82047
vt 0.21980 0.81982
vt 0.21864 0.81982
vt 0.16912 0.82177
vt 0.15668 0.82177
vt 0.08785 0.79374
vt 0.09245 0.79374
vt 0.18506 0.81131
vt 0.10159 0.80288
vt 0.25812 0.81131
vt 0.10159 0.81625
vt 0.27679 0.82205
vt 0.15023 0.81625
vt 0.13822 0.81625
vt 0.28969 0.82205
vt 0.15023 0.81836
vt 0.31919 0.79931
vt 0.22143 0.82047
vt 0.29182 0.81541
vt 0.15668 0.81836
vt 0.20048 0.82067
vt 0.20048 0.82067
vt 0.25538 0.82067
vt 0.29973 0.81541
vt 0.13295 0.81625
vt 0.13295 0.81625
vt 0.22143 0.81511
vt 0.21864 0.81581
vt 0.21980 0.81511
vt 0.21864 0.81511
vt 0.21864 0.81650
vt 0.21864 0.81765
vt 0.21864 0.81814
vt 0.21864 0.81907
vt 0.21980 0.81907
vt 0.21864 0.82047
vt 0.21980 0.81982
vt 0.21980 0.82047
vt 0.21864 0.81982
vt 0.16912 0.82177
vt 0.15668 0.82177
vt 0.09245 0.79374
vt 0.08785 0.79374
vt 0.18506 0.81131
vt 0.10159 0.80288
vt 0.25812 0.81131
vt 0.10159 0.81625
vt 0.27679 0.82205
vt 0.15023 0.81625
vt 0.13822 0.81625
vt 0.28969 0.82205
vt 0.15023 0.81836
vt 0.31919 0.79931
vt 0.22143 0.82047
vt 0.29182 0.81541
vt 0.15668 0.81836
vt 0.20048 0.82067
vt 0.20048 0.82067
vt 0.25538 0.82067
vt 0.29973 0.81541
vt 0.13295 0.81625
vt 0.13295 0.81625
vt 0.22143 0.81511
vt 0.33514 0.87809
vt 0.31640 0.87809
vt 0.31649 0.87813
vt 0.33504 0.87813
vt 0.31649 0.87070
vt 0.33504 0.87070
vt 0.33514 0.87073
vt 0.33514 0.87809
vt 0.31640 0.87809
vt 0.31649 0.87813
vt 0.33504 0.87070
vt 0.33504 0.87813
vt 0.31649 0.87813
vt 0.31649 0.87070
vt 0.33504 0.87070
vt 0.31640 0.87073
vt 0.33514 0.87073
vt 0.33514 0.87073
vt 0.33514 0.87809
vt 0.31640 0.87809
vt 0.31640 0.87073
vt 0.33514 0.87073
vt 0.33514 0.87809
vt 0.31640 0.87809
vt 0.33514 0.87809
vt 0.31640 0.87809
vt 0.31640 0.87073
vt 0.33514 0.87073
vt 0.31649 0.87070
vt 0.33504 0.87070
vt 0.33504 0.87813
vt 0.31649 0.87813
vt 0.31649 0.87813
vt 0.31649 0.87070
vt 0.33504 0.87813
vt 0.33504 0.87070
vt 0.31640 0.87809
vt 0.31640 0.87073
vt 0.33504 0.87070
vt 0.33504 0.87813
vt 0.31649 0.87813
vt 0.31649 0.87070
vt 0.33504 0.87813
vt 0.33504 0.87070
vt 0.33504 0.87813
vt 0.33504 0.87070
vt 0.31581 0.90389
vt 0.29974 0.89452
vt 0.29047 0.87829
vt 0.29974 0.84332
vt 0.35043 0.84332
vt 0.35971 0.85955
vt 0.31581 0.83395
vt 0.33437 0.83395
vt 0.29047 0.85955
vt 0.33514 0.87809
vt 0.31640 0.87073
vt 0.31640 0.87809
vt 0.31640 0.87809
vt 0.33514 0.87809
vt 0.31640 0.87073
vt 0.33514 0.87073
vt 0.33514 0.87809
vt 0.31640 0.87809
vt 0.31649 0.87813
vt 0.31649 0.87070
vt 0.33504 0.87813
vt 0.33504 0.87070
vt 0.31649 0.87813
vt 0.31649 0.87070
vt 0.33504 0.87070
vt 0.33504 0.87813
vt 0.33514 0.87809
vt 0.31640 0.87809
vt 0.31649 0.87813
vt 0.33504 0.87813
vt 0.31649 0.87070
vt 0.33504 0.87070
vt 0.33514 0.87809
vt 0.33514 0.87073
vt 0.31640 0.87809
vt 0.31649 0.87813
vt 0.33504 0.87813
vt 0.33504 0.87070
vt 0.31649 0.87070
vt 0.31649 0.87813
vt 0.33504 0.87070
vt 0.31640 0.87073
vt 0.33514 0.87073
vt 0.33514 0.87809
vt 0.33514 0.87073
vt 0.31640 0.87809
vt 0.31640 0.87073
vt 0.33514 0.87809
vt 0.33514 0.87073
vt 0.31640 0.87809
vt 0.33514 0.87809
vt 0.31640 0.87073
vt 0.31640 0.87809
vt 0.33514 0.87073
vt 0.31649 0.87070
vt 0.33504 0.87813
vt 0.33504 0.87070
vt 0.31649 0.87813
vt 0.33504 0.87813
vt 0.31649 0.87070
vt 0.31649 0.87813
vt 0.33504 0.87070
vt 0.31640 0.87073
vt 0.31640 0.87809
vt 0.33504 0.87813
vt 0.33504 0.87070
vt 0.33504 0.87813
vt 0.31649 0.87070
vt 0.31649 0.87813
vt 0.33504 0.87070
vt 0.33504 0.87813
vt 0.33504 0.87070
vt 0.29047 0.87829
vt 0.29974 0.89452
vt 0.35043 0.84332
vt 0.29974 0.84332
vt 0.29047 0.85955
vt 0.31581 0.83395
vt 0.33437 0.83395
vt 0.35971 0.85955
vt 0.31581 0.90389
vt 0.31640 0.87073
vt 0.33514 0.87809
vt 0.31640 0.87809
vt 0.31640 0.87809
vt 0.33514 0.87809
vt 0.31640 0.87073
vt 0.33514 0.87809
vt 0.33514 0.87073
vt 0.31640 0.87809
vt 0.33504 0.87813
vt 0.31649 0.87070
vt 0.31649 0.87813
vt 0.33504 0.87070
vt 0.31649 0.87813
vt 0.33504 0.87813
vt 0.33504 0.87070
vt 0.31649 0.87070
vt 0.21864 0.81581
vt 0.21980 0.81511
vt 0.21864 0.81511
vt 0.21864 0.81650
vt 0.21864 0.81765
vt 0.21864 0.81814
vt 0.21864 0.81907
vt 0.21980 0.81907
vt 0.21864 0.82047
vt 0.21980 0.82047
vt 0.21980 0.81982
vt 0.21864 0.81982
vt 0.22364 0.81907
vt 0.22519 0.81907
vt 0.22579 0.81907
vt 0.22646 0.81982
vt 0.22646 0.81907
vt 0.22311 0.81907
vt 0.21864 0.81907
vt 0.22541 0.81907
vt 0.22218 0.81511
vt 0.22143 0.81692
vt 0.22218 0.81692
vt 0.22143 0.81511
vt 0.36546 0.76995
vt 0.16912 0.82177
vt 0.15668 0.82177
vt 0.08785 0.79374
vt 0.09245 0.79374
vt 0.18506 0.81131
vt 0.10159 0.80288
vt 0.25812 0.81131
vt 0.10159 0.81625
vt 0.27679 0.82205
vt 0.15023 0.81625
vt 0.13822 0.81625
vt 0.28969 0.82205
vt 0.15023 0.81836
vt 0.31919 0.79931
vt 0.22143 0.82047
vt 0.29182 0.81541
vt 0.15668 0.81836
vt 0.20048 0.82067
vt 0.20048 0.82067
vt 0.25538 0.82067
vt 0.29973 0.81541
vt 0.13295 0.81625
vt 0.13295 0.81625
vt 0.22143 0.81511
vt 0.21864 0.81581
vt 0.21980 0.81511
vt 0.21864 0.81511
vt 0.21864 0.81650
vt 0.21864 0.81765
vt 0.21864 0.81814
vt 0.21864 0.81907
vt 0.21980 0.81907
vt 0.21864 0.82047
vt 0.21980 0.81982
vt 0.21980 0.82047
vt 0.21864 0.81982
vt 0.22519 0.81907
vt 0.22364 0.81907
vt 0.22579 0.81907
vt 0.22646 0.81982
vt 0.22646 0.81907
vt 0.21864 0.81907
vt 0.22311 0.81907
vt 0.22541 0.81907
vt 0.22218 0.81692
vt 0.22143 0.81692
vt 0.22218 0.81511
vt 0.22143 0.81511
vt 0.36546 0.76995
vt 0.16912 0.82177
vt 0.15668 0.82177
vt 0.09245 0.79374
vt 0.08785 0.79374
vt 0.18506 0.81131
vt 0.10159 0.80288
vt 0.25812 0.81131
vt 0.10159 0.81625
vt 0.27679 0.82205
vt 0.15023 0.81625
vt 0.13822 0.81625
vt 0.28969 0.82205
vt 0.15023 0.81836
vt 0.31919 0.79931
vt 0.22143 0.82047
vt 0.29182 0.81541
vt 0.15668 0.81836
vt 0.20048 0.82067
vt 0.20048 0.82067
vt 0.25538 0.82067
vt 0.29973 0.81541
vt 0.13295 0.81625
vt 0.13295 0.81625
vt 0.22143 0.81511
vt 0.05147 0.78237
vt 0.05147 0.77625
vt 0.03730 0.79002
vt 0.08136 0.78237
vt 0.08136 0.77625
vt 0.56407 0.97717
vt 0.52254 0.97717
vt 0.05147 0.77625
vt 0.05147 0.78237
vt 0.03730 0.79002
vt 0.08136 0.78237
vt 0.08136 0.77625
vt 0.56407 0.97717
vt 0.52254 0.97717
vt 0.83861 0.76160
vt 0.83861 0.78004
vt 0.83575 0.94386
vt 0.83575 0.95051
vt 0.83861 0.85176
vt 0.83861 0.82410
vt 0.83575 0.93682
vt 0.83575 0.90003
vt 0.83861 0.80224
vt 0.83861 0.76160
vt 0.98337 0.76160
vt 0.83471 0.76154
vt 0.97886 0.76154
vt 0.83575 0.76156
vt 0.90722 0.76156
vt 0.86852 0.76129
vt 0.97541 0.76129
vt 0.84000 0.76157
vt 0.88031 0.76158
vt 0.38017 0.76154
vt 0.53375 0.76154
vt 0.57363 0.76152
vt 0.68464 0.76157
vt 0.77962 0.76158
vt 0.68974 0.76161
vt 0.08131 0.77593
vt 0.03713 0.77593
vt 0.05147 0.77625
vt 0.05147 0.78237
vt 0.03713 0.79448
vt 0.08131 0.79448
vt 0.03730 0.79002
vt 0.08149 0.79002
vt 0.08149 0.77593
vt 0.04673 0.78842
vt 0.04673 0.78547
vt 0.08136 0.78237
vt 0.08136 0.77625
vt 0.04940 0.79713
vt 0.08165 0.79713
vt 0.50181 0.90159
vt 0.37428 0.90159
vt 0.56407 0.97717
vt 0.52254 0.97717
vt 0.98337 0.76160
vt 0.83861 0.76160
vt 0.97886 0.76154
vt 0.83471 0.76154
vt 0.90722 0.76156
vt 0.83575 0.76156
vt 0.97541 0.76129
vt 0.86852 0.76129
vt 0.88031 0.76158
vt 0.84000 0.76157
vt 0.53375 0.76154
vt 0.38017 0.76154
vt 0.57363 0.76152
vt 0.68464 0.76157
vt 0.68974 0.76161
vt 0.77962 0.76158
vt 0.08131 0.77593
vt 0.03713 0.77593
vt 0.05147 0.78237
vt 0.05147 0.77625
vt 0.08131 0.79448
vt 0.03713 0.79448
vt 0.08149 0.79002
vt 0.08149 0.77593
vt 0.03730 0.79002
vt 0.04673 0.78547
vt 0.04673 0.78842
vt 0.08136 0.78237
vt 0.08136 0.77625
vt 0.04940 0.79713
vt 0.08165 0.79713
vt 0.37428 0.90159
vt 0.50181 0.90159
vt 0.56407 0.97717
vt 0.52254 0.97717
vt 0.98337 0.76160
vt 0.83861 0.76160
vt 0.83861 0.78004
vt 0.83575 0.95051
vt 0.83575 0.94386
vt 0.83861 0.85176
vt 0.83861 0.82410
vt 0.83575 0.93682
vt 0.83575 0.90003
vt 0.83861 0.80224
vt 0.31649 0.87070
vt 0.31649 0.87070
vt 0.31640 0.87073
vt 0.31640 0.87073
vt 0.31649 0.87070
vt 0.33504 0.87070
vt 0.31640 0.87073
vt 0.33504 0.87070
vt 0.33504 0.87813
vt 0.33504 0.87813
vt 0.33504 0.87813
vt 0.31640 0.87073
vt 0.31649 0.87070
vt 0.31640 0.87073
vt 0.33504 0.87813
vt 0.31640 0.87073
vt 0.33504 0.87070
vt 0.33514 0.87809
vt 0.31640 0.87073
vt 0.33504 0.87070
vt 0.31649 0.87070
vt 0.31640 0.87073
vt 0.31640 0.87073
vt 0.33504 0.87813
vt 0.33504 0.87813
vt 0.33504 0.87813
vt 0.33514 0.87809
vt 0.33504 0.87070
vt 0.31640 0.87073
vt 0.33504 0.87813
vt 0.31640 0.87073
vt 0.33504 0.87070
vt 0.31640 0.87073
vt 0.31649 0.87070
vt 0.31649 0.87070
vt 0.31649 0.87070
vt 0.31649 0.87070
vt 0.31640 0.87073
vt 0.33514 0.87809
vt 0.31649 0.87070
vt 0.31640 0.87073
vt 0.31640 0.87073
vt 0.33514 0.87809
vt 0.33504 0.87813
vt 0.33504 0.87813
vt 0.33504 0.87813
vt 0.31640 0.87809
vt 0.31640 0.87073
vt 0.33504 0.87813
vt 0.31640 0.87073
vt 0.31640 0.87073
vt 0.31649 0.87070
vt 0.31649 0.87070
vt 0.33514 0.87809
vt 0.33514 0.87809
vt 0.33504 0.87813
vt 0.31640 0.87073
vt 0.31640 0.87073
vt 0.31649 0.87070
vt 0.31640 0.87809
vt 0.33504 0.87813
vt 0.33514 0.87809
vt 0.31649 0.87070
vt 0.31649 0.87070
vt 0.33514 0.87809
vt 0.31649 0.87070
vt 0.31640 0.87073
vt 0.31640 0.87073
vt 0.31640 0.87073
vt 0.31640 0.87073
vt 0.33504 0.87813
vt 0.33504 0.87813
vt 0.12982 0.79810
vt 0.13060 0.79263
vt 0.13060 0.79263
vt 0.12982 0.79810
vt 0.14485 0.79478
vt 0.14485 0.79478
vt 0.14193 0.79127
vt 0.14193 0.79127
vt 0.27342 0.80546
vt 0.28220 0.81425
vt 0.16722 0.80773
vt 0.16722 0.79878
vt 0.27342 0.80546
vt 0.27342 0.80546
vt 0.27342 0.79862
vt 0.30335 0.80529
vt 0.30744 0.80496
vt 0.30335 0.80529
vt 0.30744 0.80496
vt 0.14193 0.79127
vt 0.14193 0.79127
vt 0.13822 0.78918
vt 0.13822 0.78918
vt 0.12982 0.79810
vt 0.12982 0.79810
vt 0.13139 0.80200
vt 0.13139 0.80200
vt 0.30744 0.80496
vt 0.31132 0.80269
vt 0.31132 0.80269
vt 0.30744 0.80496
vt 0.29973 0.78834
vt 0.29973 0.78834
vt 0.29750 0.79016
vt 0.29750 0.79016
vt 0.21980 0.81581
vt 0.21864 0.81581
vt 0.13139 0.80200
vt 0.13529 0.80513
vt 0.13139 0.80200
vt 0.13529 0.80513
vt 0.31132 0.80269
vt 0.31132 0.80269
vt 0.31295 0.79960
vt 0.31295 0.79960
vt 0.29750 0.79016
vt 0.29750 0.79016
vt 0.29522 0.79374
vt 0.29522 0.79374
vt 0.21980 0.81650
vt 0.21864 0.81650
vt 0.13529 0.80513
vt 0.13978 0.80513
vt 0.13529 0.80513
vt 0.13978 0.80513
vt 0.13295 0.78918
vt 0.13295 0.78918
vt 0.13060 0.79263
vt 0.13060 0.79263
vt 0.31919 0.79931
vt 0.31295 0.79960
vt 0.31919 0.79931
vt 0.31295 0.79960
vt 0.29522 0.79374
vt 0.29522 0.79374
vt 0.29555 0.79797
vt 0.29555 0.79797
vt 0.21980 0.81765
vt 0.21864 0.81765
vt 0.13978 0.80513
vt 0.14310 0.80317
vt 0.14310 0.80317
vt 0.13978 0.80513
vt 0.29555 0.79797
vt 0.29734 0.80122
vt 0.29734 0.80122
vt 0.29555 0.79797
vt 0.21980 0.81814
vt 0.21864 0.81814
vt 0.14310 0.80317
vt 0.14310 0.80317
vt 0.14505 0.79908
vt 0.14505 0.79908
vt 0.29734 0.80122
vt 0.29978 0.80366
vt 0.29978 0.80366
vt 0.29734 0.80122
vt 0.14505 0.79908
vt 0.14485 0.79478
vt 0.14485 0.79478
vt 0.14505 0.79908
vt 0.29978 0.80366
vt 0.30335 0.80529
vt 0.29978 0.80366
vt 0.30335 0.80529
vt 0.27342 0.80546
vt 0.28220 0.81425
vt 0.27342 0.79862
vt 0.16722 0.80773
vt 0.16722 0.79878
vt 0.16722 0.79878
vt 0.16722 0.79878
vt 0.16575 0.79878
vt 0.16575 0.79878
vt 0.28220 0.80366
vt 0.28220 0.81425
vt 0.28220 0.80366
vt 0.28220 0.81425
vt 0.16169 0.82157
vt 0.16169 0.81516
vt 0.16169 0.81516
vt 0.16169 0.82157
vt 0.28220 0.79862
vt 0.28220 0.79862
vt 0.16434 0.81493
vt 0.16169 0.82157
vt 0.16434 0.81493
vt 0.16169 0.82157
vt 0.16169 0.79878
vt 0.16169 0.79878
vt 0.28220 0.79862
vt 0.28220 0.79862
vt 0.28074 0.79862
vt 0.28074 0.79862
vt 0.16169 0.79878
vt 0.16169 0.79878
vt 0.27342 0.79862
vt 0.27342 0.79862
vt 0.16722 0.80773
vt 0.16722 0.80773
vt 0.16912 0.82177
vt 0.16912 0.82177
vt 0.09245 0.79374
vt 0.09245 0.79374
vt 0.22143 0.81650
vt 0.18506 0.81131
vt 0.18506 0.81131
vt 0.10159 0.80288
vt 0.10159 0.80288
vt 0.22143 0.81765
vt 0.25812 0.81131
vt 0.25812 0.81131
vt 0.22143 0.81814
vt 0.27679 0.82205
vt 0.27679 0.82205
vt 0.15023 0.81625
vt 0.15023 0.81625
vt 0.32813 0.79931
vt 0.31919 0.79931
vt 0.28969 0.82205
vt 0.28969 0.82205
vt 0.15023 0.81836
vt 0.15023 0.81836
vt 0.32813 0.79931
vt 0.32813 0.78660
vt 0.32813 0.79931
vt 0.29182 0.81541
vt 0.29182 0.81541
vt 0.15668 0.81836
vt 0.15668 0.82177
vt 0.15668 0.81836
vt 0.15668 0.82177
vt 0.32813 0.78660
vt 0.33749 0.78660
vt 0.32813 0.78660
vt 0.10159 0.81625
vt 0.10159 0.81625
vt 0.22143 0.81581
vt 0.13060 0.79263
vt 0.12982 0.79810
vt 0.13060 0.79263
vt 0.12982 0.79810
vt 0.14485 0.79478
vt 0.14193 0.79127
vt 0.14485 0.79478
vt 0.14193 0.79127
vt 0.27342 0.80546
vt 0.28220 0.81425
vt 0.16722 0.79878
vt 0.16722 0.80773
vt 0.27342 0.80546
vt 0.27342 0.80546
vt 0.27342 0.79862
vt 0.30744 0.80496
vt 0.30335 0.80529
vt 0.30744 0.80496
vt 0.30335 0.80529
vt 0.14193 0.79127
vt 0.13822 0.78918
vt 0.14193 0.79127
vt 0.13822 0.78918
vt 0.12982 0.79810
vt 0.13139 0.80200
vt 0.12982 0.79810
vt 0.13139 0.80200
vt 0.31132 0.80269
vt 0.31132 0.80269
vt 0.30744 0.80496
vt 0.30744 0.80496
vt 0.29973 0.78834
vt 0.29750 0.79016
vt 0.29973 0.78834
vt 0.29750 0.79016
vt 0.21980 0.81581
vt 0.21864 0.81581
vt 0.13139 0.80200
vt 0.13529 0.80513
vt 0.13529 0.80513
vt 0.13139 0.80200
vt 0.31132 0.80269
vt 0.31295 0.79960
vt 0.31132 0.80269
vt 0.31295 0.79960
vt 0.29750 0.79016
vt 0.29522 0.79374
vt 0.29750 0.79016
vt 0.29522 0.79374
vt 0.21980 0.81650
vt 0.21864 0.81650
vt 0.13978 0.80513
vt 0.13529 0.80513
vt 0.13978 0.80513
vt 0.13529 0.80513
vt 0.13295 0.78918
vt 0.13060 0.79263
vt 0.13295 0.78918
vt 0.13060 0.79263
vt 0.31919 0.79931
vt 0.31919 0.79931
vt 0.31295 0.79960
vt 0.31295 0.79960
vt 0.29522 0.79374
vt 0.29555 0.79797
vt 0.29522 0.79374
vt 0.29555 0.79797
vt 0.21980 0.81765
vt 0.21864 0.81765
vt 0.14310 0.80317
vt 0.14310 0.80317
vt 0.13978 0.80513
vt 0.13978 0.80513
vt 0.29555 0.79797
vt 0.29555 0.79797
vt 0.29734 0.80122
vt 0.29734 0.80122
vt 0.21980 0.81814
vt 0.21864 0.81814
vt 0.14310 0.80317
vt 0.14505 0.79908
vt 0.14310 0.80317
vt 0.14505 0.79908
vt 0.29734 0.80122
vt 0.29734 0.80122
vt 0.29978 0.80366
vt 0.29978 0.80366
vt 0.14505 0.79908
vt 0.14505 0.79908
vt 0.14485 0.79478
vt 0.14485 0.79478
vt 0.30335 0.80529
vt 0.29978 0.80366
vt 0.30335 0.80529
vt 0.29978 0.80366
vt 0.27342 0.80546
vt 0.27342 0.79862
vt 0.28220 0.81425
vt 0.16722 0.80773
vt 0.16722 0.79878
vt 0.16722 0.79878
vt 0.16575 0.79878
vt 0.16722 0.79878
vt 0.16575 0.79878
vt 0.28220 0.80366
vt 0.28220 0.80366
vt 0.28220 0.81425
vt 0.28220 0.81425
vt 0.16169 0.82157
vt 0.16169 0.82157
vt 0.16169 0.81516
vt 0.16169 0.81516
vt 0.28220 0.79862
vt 0.28220 0.79862
vt 0.16434 0.81493
vt 0.16434 0.81493
vt 0.16169 0.82157
vt 0.16169 0.82157
vt 0.16169 0.79878
vt 0.16169 0.79878
vt 0.28220 0.79862
vt 0.28074 0.79862
vt 0.28220 0.79862
vt 0.28074 0.79862
vt 0.16169 0.79878
vt 0.16169 0.79878
vt 0.27342 0.79862
vt 0.27342 0.79862
vt 0.16722 0.80773
vt 0.16722 0.80773
vt 0.16912 0.82177
vt 0.16912 0.82177
vt 0.09245 0.79374
vt 0.09245 0.79374
vt 0.22143 0.81650
vt 0.18506 0.81131
vt 0.18506 0.81131
vt 0.10159 0.80288
vt 0.10159 0.80288
vt 0.22143 0.81765
vt 0.25812 0.81131
vt 0.25812 0.81131
vt 0.22143 0.81814
vt 0.27679 0.82205
vt 0.27679 0.82205
vt 0.15023 0.81625
vt 0.15023 0.81625
vt 0.32813 0.79931
vt 0.31919 0.79931
vt 0.28969 0.82205
vt 0.28969 0.82205
vt 0.15023 0.81836
vt 0.15023 0.81836
vt 0.32813 0.79931
vt 0.32813 0.78660
vt 0.32813 0.79931
vt 0.29182 0.81541
vt 0.29182 0.81541
vt 0.15668 0.82177
vt 0.15668 0.81836
vt 0.15668 0.82177
vt 0.15668 0.81836
vt 0.33749 0.78660
vt 0.32813 0.78660
vt 0.32813 0.78660
vt 0.10159 0.81625
vt 0.10159 0.81625
vt 0.22143 0.81581
vt 0.33504 0.87070
vt 0.31649 0.87070
vt 0.31649 0.87070
vt 0.31640 0.87073
vt 0.31640 0.87073
vt 0.33504 0.87813
vt 0.33504 0.87813
vt 0.33504 0.87070
vt 0.31640 0.87073
vt 0.33514 0.87809
vt 0.33504 0.87070
vt 0.33504 0.87813
vt 0.33504 0.87813
vt 0.31640 0.87073
vt 0.31640 0.87073
vt 0.31649 0.87070
vt 0.31640 0.87073
vt 0.31649 0.87070
vt 0.31640 0.87073
vt 0.33504 0.87813
vt 0.33504 0.87813
vt 0.33504 0.87813
vt 0.31640 0.87809
vt 0.31640 0.87073
vt 0.31640 0.87073
vt 0.33514 0.87809
vt 0.31649 0.87070
vt 0.31649 0.87070
vt 0.31640 0.87073
vt 0.31640 0.87073
vt 0.31640 0.87809
vt 0.33514 0.87809
vt 0.31640 0.87073
vt 0.31640 0.87073
vt 0.33514 0.87809
vt 0.31649 0.87070
vt 0.31649 0.87070
vt 0.31640 0.87809
vt 0.33514 0.87809
vt 0.31640 0.87073
vt 0.33514 0.87809
vt 0.31640 0.87809
vt 0.31649 0.87070
vt 0.33514 0.87809
vt 0.31640 0.87073
vt 0.31640 0.87073
vt 0.31640 0.87809
vt 0.33504 0.87813
vt 0.33514 0.87809
vt 0.33514 0.87809
vt 0.31640 0.87809
vt 0.31649 0.87070
vt 0.31649 0.87070
vt 0.31649 0.87070
vt 0.31640 0.87073
vt 0.31640 0.87073
vt 0.31640 0.87073
vt 0.31640 0.87073
vt 0.33504 0.87813
vt 0.33504 0.87813
vt 0.33504 0.87070
vt 0.33504 0.87813
vt 0.31640 0.87073
vt 0.33504 0.87813
vt 0.31640 0.87073
vt 0.31640 0.87073
vt 0.31640 0.87073
vt 0.31649 0.87070
vt 0.31649 0.87070
vt 0.31649 0.87070
vt 0.33504 0.87070
vt 0.31649 0.87070
vt 0.31640 0.87073
vt 0.31640 0.87073
vt 0.33504 0.87813
vt 0.33504 0.87813
vt 0.33504 0.87070
vt 0.33514 0.87809
vt 0.12982 0.79810
vt 0.13060 0.79263
vt 0.13060 0.79263
vt 0.12982 0.79810
vt 0.14485 0.79478
vt 0.14485 0.79478
vt 0.14193 0.79127
vt 0.14193 0.79127
vt 0.27342 0.80546
vt 0.28220 0.81425
vt 0.16722 0.80773
vt 0.16722 0.79878
vt 0.27342 0.80546
vt 0.27342 0.80546
vt 0.27342 0.79862
vt 0.30335 0.80529
vt 0.30744 0.80496
vt 0.30335 0.80529
vt 0.30744 0.80496
vt 0.14193 0.79127
vt 0.14193 0.79127
vt 0.13822 0.78918
vt 0.13822 0.78918
vt 0.12982 0.79810
vt 0.12982 0.79810
vt 0.13139 0.80200
vt 0.13139 0.80200
vt 0.30744 0.80496
vt 0.31132 0.80269
vt 0.31132 0.80269
vt 0.30744 0.80496
vt 0.29973 0.78834
vt 0.29973 0.78834
vt 0.29750 0.79016
vt 0.29750 0.79016
vt 0.21980 0.81581
vt 0.21864 0.81581
vt 0.13139 0.80200
vt 0.13529 0.80513
vt 0.13139 0.80200
vt 0.13529 0.80513
vt 0.31132 0.80269
vt 0.31132 0.80269
vt 0.31295 0.79960
vt 0.31295 0.79960
vt 0.29750 0.79016
vt 0.29750 0.79016
vt 0.29522 0.79374
vt 0.29522 0.79374
vt 0.21980 0.81650
vt 0.21864 0.81650
vt 0.13529 0.80513
vt 0.13978 0.80513
vt 0.13529 0.80513
vt 0.13978 0.80513
vt 0.13295 0.78918
vt 0.13295 0.78918
vt 0.13060 0.79263
vt 0.13060 0.79263
vt 0.31919 0.79931
vt 0.31295 0.79960
vt 0.31919 0.79931
vt 0.31295 0.79960
vt 0.29522 0.79374
vt 0.29522 0.79374
vt 0.29555 0.79797
vt 0.29555 0.79797
vt 0.21980 0.81765
vt 0.21864 0.81765
vt 0.13978 0.80513
vt 0.14310 0.80317
vt 0.14310 0.80317
vt 0.13978 0.80513
vt 0.29555 0.79797
vt 0.29734 0.80122
vt 0.29734 0.80122
vt 0.29555 0.79797
vt 0.21980 0.81814
vt 0.21864 0.81814
vt 0.14310 0.80317
vt 0.14310 0.80317
vt 0.14505 0.79908
vt 0.14505 0.79908
vt 0.29734 0.80122
vt 0.29978 0.80366
vt 0.29978 0.80366
vt 0.29734 0.80122
vt 0.14505 0.79908
vt 0.14485 0.79478
vt 0.14485 0.79478
vt 0.14505 0.79908
vt 0.29978 0.80366
vt 0.30335 0.80529
vt 0.29978 0.80366
vt 0.30335 0.80529
vt 0.27342 0.80546
vt 0.28220 0.81425
vt 0.27342 0.79862
vt 0.16722 0.80773
vt 0.16722 0.79878
vt 0.16722 0.79878
vt 0.16722 0.79878
vt 0.16575 0.79878
vt 0.16575 0.79878
vt 0.28220 0.80366
vt 0.28220 0.81425
vt 0.28220 0.80366
vt 0.28220 0.81425
vt 0.16169 0.82157
vt 0.16169 0.81516
vt 0.16169 0.81516
vt 0.16169 0.82157
vt 0.28220 0.79862
vt 0.28220 0.79862
vt 0.16434 0.81493
vt 0.16169 0.82157
vt 0.16434 0.81493
vt 0.16169 0.82157
vt 0.16169 0.79878
vt 0.16169 0.79878
vt 0.28220 0.79862
vt 0.28220 0.79862
vt 0.28074 0.79862
vt 0.28074 0.79862
vt 0.16169 0.79878
vt 0.16169 0.79878
vt 0.27342 0.79862
vt 0.27342 0.79862
vt 0.16722 0.80773
vt 0.16722 0.80773
vt 0.33749 0.78660
vt 0.33749 0.78660
vt 0.34005 0.79254
vt 0.34005 0.79254
vt 0.35485 0.77877
vt 0.36546 0.77438
vt 0.22311 0.81907
vt 0.22311 0.81982
vt 0.22364 0.81982
vt 0.22364 0.81907
vt 0.35485 0.77877
vt 0.35485 0.77877
vt 0.35485 0.82157
vt 0.22579 0.81982
vt 0.22579 0.81907
vt 0.34005 0.79254
vt 0.34005 0.82157
vt 0.34005 0.82157
vt 0.34005 0.79254
vt 0.22519 0.81982
vt 0.22541 0.81982
vt 0.22541 0.81907
vt 0.22519 0.81907
vt 0.36546 0.77438
vt 0.36546 0.77438
vt 0.36546 0.76995
vt 0.16912 0.82177
vt 0.16912 0.82177
vt 0.09245 0.79374
vt 0.09245 0.79374
vt 0.22143 0.81650
vt 0.18506 0.81131
vt 0.18506 0.81131
vt 0.10159 0.80288
vt 0.10159 0.80288
vt 0.22143 0.81765
vt 0.25812 0.81131
vt 0.25812 0.81131
vt 0.22143 0.81814
vt 0.27679 0.82205
vt 0.27679 0.82205
vt 0.15023 0.81625
vt 0.15023 0.81625
vt 0.32813 0.79931
vt 0.31919 0.79931
vt 0.28969 0.82205
vt 0.28969 0.82205
vt 0.15023 0.81836
vt 0.15023 0.81836
vt 0.32813 0.79931
vt 0.32813 0.78660
vt 0.32813 0.79931
vt 0.29182 0.81541
vt 0.29182 0.81541
vt 0.15668 0.81836
vt 0.15668 0.82177
vt 0.15668 0.81836
vt 0.15668 0.82177
vt 0.32813 0.78660
vt 0.33749 0.78660
vt 0.32813 0.78660
vt 0.10159 0.81625
vt 0.10159 0.81625
vt 0.22143 0.81581
vt 0.13060 0.79263
vt 0.12982 0.79810
vt 0.13060 0.79263
vt 0.12982 0.79810
vt 0.14485 0.79478
vt 0.14193 0.79127
vt 0.14485 0.79478
vt 0.14193 0.79127
vt 0.27342 0.80546
vt 0.28220 0.81425
vt 0.16722 0.79878
vt 0.16722 0.80773
vt 0.27342 0.80546
vt 0.27342 0.80546
vt 0.27342 0.79862
vt 0.30744 0.80496
vt 0.30335 0.80529
vt 0.30744 0.80496
vt 0.30335 0.80529
vt 0.14193 0.79127
vt 0.13822 0.78918
vt 0.14193 0.79127
vt 0.13822 0.78918
vt 0.12982 0.79810
vt 0.13139 0.80200
vt 0.12982 0.79810
vt 0.13139 0.80200
vt 0.31132 0.80269
vt 0.31132 0.80269
vt 0.30744 0.80496
vt 0.30744 0.80496
vt 0.29973 0.78834
vt 0.29750 0.79016
vt 0.29973 0.78834
vt 0.29750 0.79016
vt 0.21980 0.81581
vt 0.21864 0.81581
vt 0.13139 0.80200
vt 0.13529 0.80513
vt 0.13529 0.80513
vt 0.13139 0.80200
vt 0.31132 0.80269
vt 0.31295 0.79960
vt 0.31132 0.80269
vt 0.31295 0.79960
vt 0.29750 0.79016
vt 0.29522 0.79374
vt 0.29750 0.79016
vt 0.29522 0.79374
vt 0.21980 0.81650
vt 0.21864 0.81650
vt 0.13978 0.80513
vt 0.13529 0.80513
vt 0.13978 0.80513
vt 0.13529 0.80513
vt 0.13295 0.78918
vt 0.13060 0.79263
vt 0.13295 0.78918
vt 0.13060 0.79263
vt 0.31295 0.79960
vt 0.31919 0.79931
vt 0.31919 0.79931
vt 0.31295 0.79960
vt 0.29522 0.79374
vt 0.29555 0.79797
vt 0.29522 0.79374
vt 0.29555 0.79797
vt 0.21980 0.81765
vt 0.21864 0.81765
vt 0.14310 0.80317
vt 0.14310 0.80317
vt 0.13978 0.80513
vt 0.13978 0.80513
vt 0.29555 0.79797
vt 0.29555 0.79797
vt 0.29734 0.80122
vt 0.29734 0.80122
vt 0.21980 0.81814
vt 0.21864 0.81814
vt 0.14310 0.80317
vt 0.14505 0.79908
vt 0.14310 0.80317
vt 0.14505 0.79908
vt 0.29734 0.80122
vt 0.29734 0.80122
vt 0.29978 0.80366
vt 0.29978 0.80366
vt 0.14505 0.79908
vt 0.14505 0.79908
vt 0.14485 0.79478
vt 0.14485 0.79478
vt 0.30335 0.80529
vt 0.29978 0.80366
vt 0.30335 0.80529
vt 0.29978 0.80366
vt 0.27342 0.80546
vt 0.27342 0.79862
vt 0.28220 0.81425
vt 0.16722 0.80773
vt 0.16722 0.79878
vt 0.16722 0.79878
vt 0.16575 0.79878
vt 0.16722 0.79878
vt 0.16575 0.79878
vt 0.28220 0.80366
vt 0.28220 0.80366
vt 0.28220 0.81425
vt 0.28220 0.81425
vt 0.16169 0.82157
vt 0.16169 0.82157
vt 0.16169 0.81516
vt 0.16169 0.81516
vt 0.28220 0.79862
vt 0.28220 0.79862
vt 0.16434 0.81493
vt 0.16434 0.81493
vt 0.16169 0.82157
vt 0.16169 0.82157
vt 0.16169 0.79878
vt 0.16169 0.79878
vt 0.28220 0.79862
vt 0.28074 0.79862
vt 0.28220 0.79862
vt 0.28074 0.79862
vt 0.16169 0.79878
vt 0.16169 0.79878
vt 0.27342 0.79862
vt 0.27342 0.79862
vt 0.16722 0.80773
vt 0.16722 0.80773
vt 0.33749 0.78660
vt 0.34005 0.79254
vt 0.33749 0.78660
vt 0.34005 0.79254
vt 0.36546 0.77438
vt 0.35485 0.77877
vt 0.22311 0.81907
vt 0.22364 0.81982
vt 0.22311 0.81982
vt 0.22364 0.81907
vt 0.35485 0.82157
vt 0.35485 0.77877
vt 0.35485 0.77877
vt 0.22579 0.81982
vt 0.22579 0.81907
vt 0.34005 0.79254
vt 0.34005 0.79254
vt 0.34005 0.82157
vt 0.34005 0.82157
vt 0.22519 0.81982
vt 0.22519 0.81907
vt 0.22541 0.81907
vt 0.22541 0.81982
vt 0.36546 0.77438
vt 0.36546 0.77438
vt 0.36546 0.76995
vt 0.16912 0.82177
vt 0.16912 0.82177
vt 0.09245 0.79374
vt 0.09245 0.79374
vt 0.22143 0.81650
vt 0.18506 0.81131
vt 0.18506 0.81131
vt 0.10159 0.80288
vt 0.10159 0.80288
vt 0.22143 0.81765
vt 0.25812 0.81131
vt 0.25812 0.81131
vt 0.22143 0.81814
vt 0.27679 0.82205
vt 0.27679 0.82205
vt 0.15023 0.81625
vt 0.15023 0.81625
vt 0.32813 0.79931
vt 0.31919 0.79931
vt 0.28969 0.82205
vt 0.28969 0.82205
vt 0.15023 0.81836
vt 0.15023 0.81836
vt 0.32813 0.79931
vt 0.32813 0.78660
vt 0.32813 0.79931
vt 0.29182 0.81541
vt 0.29182 0.81541
vt 0.15668 0.82177
vt 0.15668 0.81836
vt 0.15668 0.82177
vt 0.15668 0.81836
vt 0.33749 0.78660
vt 0.32813 0.78660
vt 0.32813 0.78660
vt 0.10159 0.81625
vt 0.10159 0.81625
vt 0.22143 0.81581
vn 0.03735480 0.99930210 0.00000000
vn 0.07403806 0.99725540 0.00000000
vn 0.97069650 0.24030890 0.00000000
vn 0.99917960 0.04049820 0.00000000
vn 0.03735480 0.99930210 0.00000000
vn 0.99999900 0.00140389 0.00000000
vn 0.04892232 0.99880270 0.00000000
vn 0.05459782 0.99850850 0.00000000
vn 0.17566700 0.98444970 0.00000000
vn 0.40748590 0.91321160 0.00000000
vn 0.54006480 0.84162350 0.00000000
vn 0.54037810 0.84142240 0.00000000
vn 0.99999900 0.00140389 0.00000000
vn 0.03735480 0.99930210 0.00000000
vn 0.07403806 0.99725540 0.00000000
vn 0.40728500 0.91330120 0.00000000
vn 0.54037810 0.84142240 0.00000000
vn 0.83354040 0.55245850 0.00000000
vn 0.97068230 0.24036640 0.00000000
vn 0.82652560 -0.56289930 0.00000000
vn 0.99999900 0.00140389 0.00000000
vn 0.99917960 0.04049820 0.00000000
vn 0.03735480 0.99930210 0.00000000
vn 0.03735480 0.99930210 0.00000000
vn 0.99999900 0.00140389 0.00000000
vn 0.54067740 0.84123000 0.00000000
vn 0.05459782 0.99850850 0.00000000
vn 0.40709820 0.91338440 0.00000000
vn 0.99917960 0.04049820 0.00000000
vn 0.97070360 0.24028010 0.00000000
vn 0.83370870 0.55220460 0.00000000
vn 0.17542510 0.98449280 0.00000000
vn 0.99997870 0.00653102 0.00000000
vn 0.99982220 0.01886054 0.00000000
vn 0.99935470 0.03592122 0.00000000
vn 0.68847990 0.72525540 0.00000000
vn 0.30711250 0.95167330 0.00000000
vn 0.07403806 0.99725540 0.00000000
vn 0.04892232 0.99880270 0.00000000
vn 0.99996610 -0.00824022 0.00000000
vn 0.97555830 -0.21974100 0.00000000
vn 0.87164070 -0.49014530 0.00000000
vn 0.82652560 -0.56289930 0.00000000
vn 0.40728500 0.91330120 0.00000000
vn 0.99917960 0.04049820 0.00000000
vn 0.97069650 0.24030890 0.00000000
vn 0.83362450 0.55233150 0.00000000
vn 0.17554350 0.98447170 0.00000000
vn 0.05459782 0.99850850 0.00000000
vn 0.99997870 0.00653102 0.00000000
vn 0.99982220 0.01886054 0.00000000
vn 0.99935470 0.03592122 0.00000000
vn 0.68811960 0.72559730 0.00000000
vn 0.30732380 0.95160500 0.00000000
vn 0.07403806 0.99725540 0.00000000
vn 0.04892232 0.99880270 0.00000000
vn 0.99996610 -0.00824022 0.00000000
vn 0.97555830 -0.21974100 0.00000000
vn 0.87164070 -0.49014530 0.00000000
vn 0.82652560 -0.56289930 0.00000000
vn 0.54037810 0.84142240 0.00000000
vn 0.99999900 0.00140389 0.00000000
vn 0.40728500 0.91330120 0.00000000
vn 0.99917960 0.04049820 0.00000000
vn 0.97069650 0.24030890 0.00000000
vn 0.83362450 0.55233150 0.00000000
vn 0.17554350 0.98447170 0.00000000
vn 0.05459782 0.99850850 0.00000000
vn 0.99997870 0.00653102 0.00000000
vn 0.99982220 0.01886054 0.00000000
vn 0.99935470 0.03592122 0.00000000
vn 0.68811960 0.72559730 0.00000000
vn 0.30732380 0.95160500 0.00000000
vn 0.04892232 0.99880270 0.00000000
vn 0.99996610 -0.00824022 0.00000000
vn 0.97555830 -0.21974100 0.00000000
vn 0.87164070 -0.49014530 0.00000000
vn 0.82652560 -0.56289930 0.00000000
vn 0.07403806 0.99725540 0.00000000
vn 0.03735480 0.99930210 0.00000000
vn 0.05459782 0.99850850 0.00000000
vn 0.54037810 0.84142240 0.00000000
vn 0.99999900 0.00140389 0.00000000
vn 0.40728500 0.91330120 0.00000000
vn 0.99917960 0.04049820 0.00000000
vn 0.97069650 0.24030890 0.00000000
vn 0.83362450 0.55233150 0.00000000
vn 0.17554350 0.98447170 0.00000000
vn 0.99997870 0.00653102 0.00000000
vn 0.99982220 0.01886054 0.00000000
vn 0.99935470 0.03592122 0.00000000
vn 0.68811960 0.72559730 0.00000000
vn 0.30732380 0.95160500 0.00000000
vn 0.04892232 0.99880270 0.00000000
vn 0.99996610 -0.00824022 0.00000000
vn 0.97555830 -0.21974100 0.00000000
vn 0.87164070 -0.49014530 0.00000000
vn 0.82652560 -0.56289930 0.00000000
vn 0.04892232 0.99880270 0.00000000
vn 0.05459782 0.99850850 0.00000000
vn 0.54037810 0.84142240 0.00000000
vn 0.99999900 0.00140389 0.00000000
vn 0.03735480 0.99930210 0.00000000
vn 0.40728500 0.91330120 0.00000000
vn 0.07403806 0.99725540 0.00000000
vn 0.99917960 0.04049820 0.00000000
vn 0.97069650 0.24030890 0.00000000
vn 0.83362450 0.55233150 0.00000000
vn 0.17554350 0.98447170 0.00000000
vn 0.99997870 0.00653102 0.00000000
vn 0.99982220 0.01886054 0.00000000
vn 0.99935470 0.03592122 0.00000000
vn 0.68811960 0.72559730 0.00000000
vn 0.30732380 0.95160500 0.00000000
vn 0.99996610 -0.00824022 0.00000000
vn 0.97555830 -0.21974100 0.00000000
vn 0.87164070 -0.49014530 0.00000000
vn 0.82652560 -0.56289930 0.00000000
vn 0.83362450 0.55233150 0.00000000
vn 0.17554350 0.98447170 0.00000000
vn 0.99997870 0.00653102 0.00000000
vn 0.99982220 0.01886054 0.00000000
vn 0.99935470 0.03592122 0.00000000
vn 0.68811960 0.72559730 0.00000000
vn 0.30732380 0.95160500 0.00000000
vn 0.05459782 0.99850850 0.00000000
vn 0.99999830 -0.00186168 0.00000000
vn 0.82652560 -0.56289930 0.00000000
vn 0.99502940 -0.09958228 0.00000000
vn 0.88630720 -0.46309780 0.00000000
vn 0.99502940 -0.09958228 0.00000000
vn 0.88630720 -0.46309780 0.00000000
vn 0.97069650 0.24030890 0.00000000
vn 0.99917960 0.04049820 0.00000000
vn 0.99999900 0.00140389 0.00000000
vn 0.03735480 0.99930210 0.00000000
vn 0.40728500 0.91330120 0.00000000
vn 0.54037810 0.84142240 0.00000000
vn 0.05459782 0.99850850 0.00000000
vn 0.83362450 0.55233150 0.00000000
vn 0.17554350 0.98447170 0.00000000
vn 0.99997870 0.00653102 0.00000000
vn 0.99982220 0.01886054 0.00000000
vn 0.99935470 0.03592122 0.00000000
vn 0.68811960 0.72559730 0.00000000
vn 0.30732380 0.95160500 0.00000000
vn 0.07403806 0.99725540 0.00000000
vn 0.04892232 0.99880270 0.00000000
vn 0.97069650 0.24030890 0.00000000
vn 0.99917960 0.04049820 0.00000000
vn 0.99999900 0.00140389 0.00000000
vn 0.03735480 0.99930210 0.00000000
vn 0.04892232 0.99880270 0.00000000
vn 0.07403806 0.99725540 0.00000000
vn 0.40728500 0.91330120 0.00000000
vn 0.54037810 0.84142240 0.00000000
vn 0.83362450 0.55233150 0.00000000
vn 0.17554350 0.98447170 0.00000000
vn 0.05459782 0.99850850 0.00000000
vn 0.99997870 0.00653102 0.00000000
vn 0.99982220 0.01886054 0.00000000
vn 0.99935470 0.03592122 0.00000000
vn 0.68811960 0.72559730 0.00000000
vn 0.30732380 0.95160500 0.00000000
vn 0.99996610 -0.00824022 0.00000000
vn 0.97555830 -0.21974100 0.00000000
vn 0.87164070 -0.49014530 0.00000000
vn 0.99997870 0.00653102 0.00000000
vn 0.99982220 0.01886054 0.00000000
vn 0.99935470 0.03592122 0.00000000
vn 0.68772770 0.72596880 0.00000000
vn 0.30754400 0.95153390 0.00000000
vn 0.07403806 0.99725540 0.00000000
vn 0.04892232 0.99880270 0.00000000
vn 0.99996610 -0.00824022 0.00000000
vn 0.97555830 -0.21974100 0.00000000
vn 0.87164070 -0.49014530 0.00000000
vn 0.99997870 0.00653102 0.00000000
vn 0.99982220 0.01886054 0.00000000
vn 0.17554350 0.98447170 0.00000000
vn 0.68811960 0.72559730 0.00000000
vn 0.54037810 0.84142240 0.00000000
vn 0.99999900 0.00140389 0.00000000
vn 0.97069650 0.24030890 0.00000000
vn 0.83362450 0.55233150 0.00000000
vn 0.99917960 0.04049820 0.00000000
vn 0.30732380 0.95160500 0.00000000
vn 0.40728500 0.91330120 0.00000000
vn 0.99935470 0.03592122 0.00000000
vn 1.00000000 0.00000000 0.00000000
vn 0.04892232 0.99880270 0.00000000
vn 0.05459782 0.99850850 0.00000000
vn 0.03735480 0.99930210 0.00000000
vn 0.07403806 0.99725540 0.00000000
vn 0.99996610 -0.00824022 0.00000000
vn 0.97555830 -0.21974100 0.00000000
vn 0.87164070 -0.49014530 0.00000000
vn 0.82652560 -0.56289930 0.00000000
vn 0.57735030 0.57735030 0.57735030
vn 0.57735030 0.57735030 0.57735030
vn 0.00000000 -0.83983130 -0.54284760
vn 0.00000000 1.00000000 0.00000000
vn 0.00000000 1.00000000 0.00000000
vn 0.99999830 -0.00186168 0.00000000
vn 0.00000000 -0.97962320 0.20084430
vn 0.00000000 -0.97970370 -0.20045150
vn 0.00000000 -1.00000000 0.00000000
vn 0.00000000 -1.00000000 0.00000000
vn 0.00000000 -0.83971180 0.54303230
vn 0.99999900 0.00140389 0.00000000
vn 0.99997870 0.00653102 0.00000000
vn 0.99982220 0.01886054 0.00000000
vn 0.99962350 0.02743670 0.00000000
vn 1.00000000 0.00000000 0.00000000
vn 0.00000000 0.00000000 -1.00000000
vn 0.00000000 0.00000000 -1.00000000
vn 0.00000000 0.00000000 -1.00000000
vn 0.00000000 0.00000000 -1.00000000
vn 0.00000000 0.00000000 -1.00000000
vn -0.99995900 -0.00906418 0.00000000
vn -0.99995900 -0.00906418 0.00000000
vn -0.99995900 -0.00906418 0.00000000
vn 0.00000000 1.00000000 0.00000000
vn 0.00000000 -1.00000000 0.00000000
vn 0.03735480 0.99930210 0.00000000
vn 0.07403806 0.99725540 0.00000000
vn 0.97069650 0.24030890 0.00000000
vn 0.99917960 0.04049820 0.00000000
vn 0.03735480 0.99930210 0.00000000
vn 0.99999900 0.00140389 0.00000000
vn 0.04892232 0.99880270 0.00000000
vn 0.05459782 0.99850850 0.00000000
vn 0.17566700 0.98444970 0.00000000
vn 0.40746040 0.91322290 0.00000000
vn 0.54006480 0.84162350 0.00000000
vn 0.54037810 0.84142240 0.00000000
vn 0.99999900 0.00140389 0.00000000
vn 0.03735480 0.99930210 0.00000000
vn 0.07403806 0.99725540 0.00000000
vn 0.40728500 0.91330120 0.00000000
vn 0.54037810 0.84142240 0.00000000
vn 0.83354040 0.55245850 0.00000000
vn 0.97068230 0.24036640 0.00000000
vn 0.82652560 -0.56289930 0.00000000
vn 0.99999900 0.00140389 0.00000000
vn 0.99917960 0.04049820 0.00000000
vn 0.03735480 0.99930210 0.00000000
vn 0.99996610 -0.00824022 0.00000000
vn 0.40728500 0.91330120 0.00000000
vn 0.99917960 0.04049820 0.00000000
vn 0.97069650 0.24030890 0.00000000
vn 0.83362450 0.55233150 0.00000000
vn 0.17554350 0.98447170 0.00000000
vn 0.05459782 0.99850850 0.00000000
vn 0.99997870 0.00653102 0.00000000
vn 0.99982220 0.01886054 0.00000000
vn 0.99935470 0.03592122 0.00000000
vn 0.68811960 0.72559730 0.00000000
vn 0.30732380 0.95160500 0.00000000
vn 0.07403806 0.99725540 0.00000000
vn 0.04892232 0.99880270 0.00000000
vn 0.99996610 -0.00824022 0.00000000
vn 0.97555830 -0.21974100 0.00000000
vn 0.87164070 -0.49014530 0.00000000
vn 0.82652560 -0.56289930 0.00000000
vn 0.54037810 0.84142240 0.00000000
vn 0.99999900 0.00140389 0.00000000
vn 0.40728500 0.91330120 0.00000000
vn 0.99917960 0.04049820 0.00000000
vn 0.97069650 0.24030890 0.00000000
vn 0.83362450 0.55233150 0.00000000
vn 0.17554350 0.98447170 0.00000000
vn 0.05459782 0.99850850 0.00000000
vn 0.99997870 0.00653102 0.00000000
vn 0.99982220 0.01886054 0.00000000
vn 0.99935470 0.03592122 0.00000000
vn 0.68811960 0.72559730 0.00000000
vn 0.30732380 0.95160500 0.00000000
vn 0.04892232 0.99880270 0.00000000
vn 0.99996610 -0.00824022 0.00000000
vn 0.97555830 -0.21974100 0.00000000
vn 0.87164070 -0.49014530 0.00000000
vn 0.82652560 -0.56289930 0.00000000
vn 0.07403806 0.99725540 0.00000000
vn 0.03735480 0.99930210 0.00000000
vn 0.05459782 0.99850850 0.00000000
vn 0.54037810 0.84142240 0.00000000
vn 0.99999900 0.00140389 0.00000000
vn 0.40728500 0.91330120 0.00000000
vn 0.99917960 0.04049820 0.00000000
vn 0.97069650 0.24030890 0.00000000
vn 0.83362450 0.55233150 0.00000000
vn 0.17554350 0.98447170 0.00000000
vn 0.99997870 0.00653102 0.00000000
vn 0.99982220 0.01886054 0.00000000
vn 0.99935470 0.03592122 0.00000000
vn 0.68811960 0.72559730 0.00000000
vn 0.30732380 0.95160500 0.00000000
vn 0.04892232 0.99880270 0.00000000
vn 0.99996610 -0.00824022 0.00000000
vn 0.97555830 -0.21974100 0.00000000
vn 0.87164070 -0.49014530 0.00000000
vn 0.82652560 -0.56289930 0.00000000
vn 0.04892232 0.99880270 0.00000000
vn 0.05459782 0.99850850 0.00000000
vn 0.54037810 0.84142240 0.00000000
vn 0.99999900 0.00140389 0.00000000
vn 0.03735480 0.99930210 0.00000000
vn 0.40728500 0.91330120 0.00000000
vn 0.07403806 0.99725540 0.00000000
vn 0.99917960 0.04049820 0.00000000
vn 0.97069650 0.24030890 0.00000000
vn 0.83362450 0.55233150 0.00000000
vn 0.17554350 0.98447170 0.00000000
vn 0.99997870 0.00653102 0.00000000
vn 0.99982220 0.01886054 0.00000000
vn 0.99935470 0.03592122 0.00000000
vn 0.68811960 0.72559730 0.00000000
vn 0.30732380 0.95160500 0.00000000
vn 0.99996610 -0.00824022 0.00000000
vn 0.97555830 -0.21974100 0.00000000
vn 0.87164070 -0.49014530 0.00000000
vn 0.83362450 0.55233150 0.00000000
vn 0.17554350 0.98447170 0.00000000
vn 0.99997870 0.00653102 0.00000000
vn 0.99982220 0.01886054 0.00000000
vn 0.99935470 0.03592122 0.00000000
vn 0.68811960 0.72559730 0.00000000
vn 0.30732380 0.95160500 0.00000000
vn 0.05459782 0.99850850 0.00000000
vn 0.99999830 -0.00186168 0.00000000
vn 0.82652560 -0.56289930 0.00000000
vn 0.99502940 -0.09958228 0.00000000
vn 0.99999830 -0.00186168 0.00000000
vn 0.88630720 -0.46309780 0.00000000
vn 0.97069650 0.24030890 0.00000000
vn 0.99917960 0.04049820 0.00000000
vn 0.99999900 0.00140389 0.00000000
vn 0.03735480 0.99930210 0.00000000
vn 0.40728500 0.91330120 0.00000000
vn 0.54037810 0.84142240 0.00000000
vn 0.05459782 0.99850850 0.00000000
vn 0.83362450 0.55233150 0.00000000
vn 0.17554350 0.98447170 0.00000000
vn 0.99997870 0.00653102 0.00000000
vn 0.99982220 0.01886054 0.00000000
vn 0.99935470 0.03592122 0.00000000
vn 0.68811960 0.72559730 0.00000000
vn 0.30732380 0.95160500 0.00000000
vn 0.07403806 0.99725540 0.00000000
vn 0.04892232 0.99880270 0.00000000
vn 0.97069650 0.24030890 0.00000000
vn 0.99917960 0.04049820 0.00000000
vn 0.99999900 0.00140389 0.00000000
vn 0.03735480 0.99930210 0.00000000
vn 0.04892232 0.99880270 0.00000000
vn 0.07403806 0.99725540 0.00000000
vn 0.40728500 0.91330120 0.00000000
vn 0.54037810 0.84142240 0.00000000
vn 0.83362450 0.55233150 0.00000000
vn 0.17554350 0.98447170 0.00000000
vn 0.05459782 0.99850850 0.00000000
vn 0.99997870 0.00653102 0.00000000
vn 0.99982220 0.01886054 0.00000000
vn 0.99935470 0.03592122 0.00000000
vn 0.68811960 0.72559730 0.00000000
vn 0.30732380 0.95160500 0.00000000
vn 0.99996610 -0.00824022 0.00000000
vn 0.97555830 -0.21974100 0.00000000
vn 0.87164070 -0.49014530 0.00000000
vn 0.99997870 0.00653102 0.00000000
vn 0.99982220 0.01886054 0.00000000
vn 0.99935470 0.03592122 0.00000000
vn 0.68772770 0.72596880 0.00000000
vn 0.30754400 0.95153390 0.00000000
vn 0.07403806 0.99725540 0.00000000
vn 0.04892232 0.99880270 0.00000000
vn 0.99996610 -0.00824022 0.00000000
vn 0.97555830 -0.21974100 0.00000000
vn 0.87164070 -0.49014530 0.00000000
vn 0.99997870 0.00653102 0.00000000
vn 0.99982220 0.01886054 0.00000000
vn 0.17554350 0.98447170 0.00000000
vn 0.68811960 0.72559730 0.00000000
vn 0.54037810 0.84142240 0.00000000
vn 0.99999900 0.00140389 0.00000000
vn 0.97069650 0.24030890 0.00000000
vn 0.83362450 0.55233150 0.00000000
vn 0.99917960 0.04049820 0.00000000
vn 0.30732380 0.95160500 0.00000000
vn 0.40728500 0.91330120 0.00000000
vn 0.99935470 0.03592122 0.00000000
vn 1.00000000 0.00000000 0.00000000
vn 0.04892232 0.99880270 0.00000000
vn 0.05459782 0.99850850 0.00000000
vn 0.03735480 0.99930210 0.00000000
vn 0.07403806 0.99725540 0.00000000
vn 0.99996610 -0.00824022 0.00000000
vn 0.97555830 -0.21974100 0.00000000
vn 0.87164070 -0.49014530 0.00000000
vn 0.82652560 -0.56289930 0.00000000
vn 0.57735030 0.57735030 0.57735030
vn 0.57735030 0.57735030 0.57735030
vn 0.88630720 -0.46309780 0.00000000
vn 0.00000000 -0.83983130 0.54284760
vn 0.00000000 1.00000000 0.00000000
vn 0.00000000 1.00000000 0.00000000
vn 0.00000000 -0.97962320 -0.20084430
vn 0.00000000 -0.97970370 0.20045150
vn 0.00000000 -1.00000000 0.00000000
vn 0.00000000 -1.00000000 0.00000000
vn 0.82652560 -0.56289930 0.00000000
vn 0.99502940 -0.09958228 0.00000000
vn 0.00000000 -0.83971180 -0.54303230
vn 0.99999900 0.00140389 0.00000000
vn 0.99997870 0.00653102 0.00000000
vn 0.99982220 0.01886054 0.00000000
vn 0.99962350 0.02743670 0.00000000
vn 1.00000000 0.00000000 0.00000000
vn 0.00000000 0.00000000 1.00000000
vn 0.00000000 0.00000000 1.00000000
vn 0.00000000 0.00000000 1.00000000
vn 0.00000000 0.00000000 1.00000000
vn 0.00000000 0.00000000 1.00000000
vn -0.99995900 -0.00906418 0.00000000
vn -0.99995900 -0.00906418 0.00000000
vn -0.99995900 -0.00906418 0.00000000
vn 0.00000000 1.00000000 0.00000000
vn 0.00000000 -1.00000000 0.00000000
vn 0.03735480 0.99930210 0.00000000
vn 0.54037810 0.84142240 0.00000000
vn 0.99999900 0.00140389 0.00000000
vn 0.54067740 0.84123000 0.00000000
vn 0.40709820 0.91338440 0.00000000
vn 0.83370870 0.55220460 0.00000000
vn 0.17542510 0.98449280 0.00000000
vn 0.68847990 0.72525540 0.00000000
vn 0.30711250 0.95167330 0.00000000
vn 0.40728500 0.91330120 0.00000000
vn 0.99917960 0.04049820 0.00000000
vn 0.97069650 0.24030890 0.00000000
vn 0.83362450 0.55233150 0.00000000
vn 0.17554350 0.98447170 0.00000000
vn 0.05459782 0.99850850 0.00000000
vn 0.99997870 0.00653102 0.00000000
vn 0.99982220 0.01886054 0.00000000
vn 0.99935470 0.03592122 0.00000000
vn 0.68811960 0.72559730 0.00000000
vn 0.30732380 0.95160500 0.00000000
vn 0.07403806 0.99725540 0.00000000
vn 0.04892232 0.99880270 0.00000000
vn 0.97555830 -0.21974100 0.00000000
vn 0.87164070 -0.49014530 0.00000000
vn 0.82652560 -0.56289930 0.00000000
vn -0.03735480 0.99930210 0.00000000
vn -0.07403806 0.99725540 0.00000000
vn -0.97069650 0.24030890 0.00000000
vn -0.99917960 0.04049820 0.00000000
vn -0.03735480 0.99930210 0.00000000
vn -0.99999900 0.00140389 0.00000000
vn -0.04892232 0.99880270 0.00000000
vn -0.05459782 0.99850850 0.00000000
vn -0.17566700 0.98444970 0.00000000
vn -0.40746040 0.91322290 0.00000000
vn -0.54006480 0.84162350 0.00000000
vn -0.54037810 0.84142240 0.00000000
vn -0.99999900 0.00140389 0.00000000
vn -0.03735480 0.99930210 0.00000000
vn -0.07403806 0.99725540 0.00000000
vn -0.40728500 0.91330120 0.00000000
vn -0.54037810 0.84142240 0.00000000
vn -0.83354040 0.55245850 0.00000000
vn -0.97068230 0.24036640 0.00000000
vn -0.82652560 -0.56289930 0.00000000
vn -0.99999900 0.00140389 0.00000000
vn -0.99917960 0.04049820 0.00000000
vn -0.03735480 0.99930210 0.00000000
vn 0.57735030 0.57735030 0.57735030
vn -0.03735480 0.99930210 0.00000000
vn -0.99999900 0.00140389 0.00000000
vn -0.54067740 0.84123000 0.00000000
vn -0.05459782 0.99850850 0.00000000
vn -0.40709820 0.91338440 0.00000000
vn -0.99917960 0.04049820 0.00000000
vn -0.97070360 0.24028010 0.00000000
vn -0.83370870 0.55220460 0.00000000
vn -0.17542510 0.98449280 0.00000000
vn -0.99997870 0.00653102 0.00000000
vn 0.00000000 1.00000000 0.00000000
vn -0.99982220 0.01886054 0.00000000
vn -0.99935470 0.03592122 0.00000000
vn -0.68847990 0.72525540 0.00000000
vn -0.30711250 0.95167330 0.00000000
vn -0.07403806 0.99725540 0.00000000
vn -0.04892232 0.99880270 0.00000000
vn -0.99996610 -0.00824022 0.00000000
vn -0.97555830 -0.21974100 0.00000000
vn -0.87164070 -0.49014530 0.00000000
vn -0.82652560 -0.56289930 0.00000000
vn -0.40728500 0.91330120 0.00000000
vn -0.99917960 0.04049820 0.00000000
vn -0.97069650 0.24030890 0.00000000
vn -0.83362450 0.55233150 0.00000000
vn -0.17554350 0.98447170 0.00000000
vn -0.05459782 0.99850850 0.00000000
vn -0.99997870 0.00653102 0.00000000
vn 0.00000000 1.00000000 0.00000000
vn -0.99982220 0.01886054 0.00000000
vn -0.99935470 0.03592122 0.00000000
vn -0.68811960 0.72559730 0.00000000
vn -0.30732380 0.95160500 0.00000000
vn -0.07403806 0.99725540 0.00000000
vn -0.04892232 0.99880270 0.00000000
vn -0.99996610 -0.00824022 0.00000000
vn -0.97555830 -0.21974100 0.00000000
vn -0.87164070 -0.49014530 0.00000000
vn -0.82652560 -0.56289930 0.00000000
vn -0.54037810 0.84142240 0.00000000
vn -0.99999900 0.00140389 0.00000000
vn -0.40728500 0.91330120 0.00000000
vn -0.99917960 0.04049820 0.00000000
vn -0.97069650 0.24030890 0.00000000
vn -0.83362450 0.55233150 0.00000000
vn -0.17554350 0.98447170 0.00000000
vn -0.05459782 0.99850850 0.00000000
vn -0.99997870 0.00653102 0.00000000
vn 0.00000000 1.00000000 0.00000000
vn -0.99982220 0.01886054 0.00000000
vn -0.99935470 0.03592122 0.00000000
vn -0.68811960 0.72559730 0.00000000
vn -0.30732380 0.95160500 0.00000000
vn -0.04892232 0.99880270 0.00000000
vn -0.99996610 -0.00824022 0.00000000
vn -0.97555830 -0.21974100 0.00000000
vn -0.87164070 -0.49014530 0.00000000
vn -0.82652560 -0.56289930 0.00000000
vn -0.07403806 0.99725540 0.00000000
vn -0.03735480 0.99930210 0.00000000
vn -0.05459782 0.99850850 0.00000000
vn -0.54037810 0.84142240 0.00000000
vn -0.99999900 0.00140389 0.00000000
vn -0.40728500 0.91330120 0.00000000
vn -0.99917960 0.04049820 0.00000000
vn -0.97069650 0.24030890 0.00000000
vn -0.83362450 0.55233150 0.00000000
vn -0.17554350 0.98447170 0.00000000
vn -0.99997870 0.00653102 0.00000000
vn 0.00000000 1.00000000 0.00000000
vn -0.99982220 0.01886054 0.00000000
vn -0.99935470 0.03592122 0.00000000
vn -0.68811960 0.72559730 0.00000000
vn -0.30732380 0.95160500 0.00000000
vn -0.04892232 0.99880270 0.00000000
vn -0.99996610 -0.00824022 0.00000000
vn -0.97555830 -0.21974100 0.00000000
vn -0.87164070 -0.49014530 0.00000000
vn -0.82652560 -0.56289930 0.00000000
vn -0.04892232 0.99880270 0.00000000
vn -0.05459782 0.99850850 0.00000000
vn -0.54037810 0.84142240 0.00000000
vn -0.99999900 0.00140389 0.00000000
vn -0.03735480 0.99930210 0.00000000
vn -0.40728500 0.91330120 0.00000000
vn -0.07403806 0.99725540 0.00000000
vn -0.99917960 0.04049820 0.00000000
vn -0.97069650 0.24030890 0.00000000
vn -0.83362450 0.55233150 0.00000000
vn -0.17554350 0.98447170 0.00000000
vn -0.99997870 0.00653102 0.00000000
vn 0.00000000 1.00000000 0.00000000
vn -0.99982220 0.01886054 0.00000000
vn -0.99935470 0.03592122 0.00000000
vn -0.68811960 0.72559730 0.00000000
vn -0.30732380 0.95160500 0.00000000
vn -0.99996610 -0.00824022 0.00000000
vn -0.97555830 -0.21974100 0.00000000
vn -0.87164070 -0.49014530 0.00000000
vn -0.82652560 -0.56289930 0.00000000
vn -0.83362450 0.55233150 0.00000000
vn -0.17554350 0.98447170 0.00000000
vn -0.99997870 0.00653102 0.00000000
vn 0.00000000 1.00000000 0.00000000
vn -0.99982220 0.01886054 0.00000000
vn -0.99935470 0.03592122 0.00000000
vn -0.68811960 0.72559730 0.00000000
vn -0.30732380 0.95160500 0.00000000
vn -0.05459782 0.99850850 0.00000000
vn -0.99999830 -0.00186168 0.00000000
vn -0.82652560 -0.56289930 0.00000000
vn -0.99502940 -0.09958228 0.00000000
vn -0.88630720 -0.46309780 0.00000000
vn -0.99502940 -0.09958228 0.00000000
vn -0.88630720 -0.46309780 0.00000000
vn -0.97069650 0.24030890 0.00000000
vn -0.99917960 0.04049820 0.00000000
vn -0.99999900 0.00140389 0.00000000
vn -0.03735480 0.99930210 0.00000000
vn -0.40728500 0.91330120 0.00000000
vn -0.54037810 0.84142240 0.00000000
vn -0.05459782 0.99850850 0.00000000
vn -0.83362450 0.55233150 0.00000000
vn -0.17554350 0.98447170 0.00000000
vn -0.99997870 0.00653102 0.00000000
vn 0.00000000 1.00000000 0.00000000
vn -0.99982220 0.01886054 0.00000000
vn -0.99935470 0.03592122 0.00000000
vn -0.68811960 0.72559730 0.00000000
vn -0.30732380 0.95160500 0.00000000
vn -0.07403806 0.99725540 0.00000000
vn -0.04892232 0.99880270 0.00000000
vn -0.97069650 0.24030890 0.00000000
vn -0.99917960 0.04049820 0.00000000
vn -0.99999900 0.00140389 0.00000000
vn -0.03735480 0.99930210 0.00000000
vn -0.04892232 0.99880270 0.00000000
vn -0.07403806 0.99725540 0.00000000
vn -0.40728500 0.91330120 0.00000000
vn -0.54037810 0.84142240 0.00000000
vn -0.83362450 0.55233150 0.00000000
vn -0.17554350 0.98447170 0.00000000
vn -0.05459782 0.99850850 0.00000000
vn -0.99997870 0.00653102 0.00000000
vn 0.00000000 1.00000000 0.00000000
vn -0.99982220 0.01886054 0.00000000
vn -0.99935470 0.03592122 0.00000000
vn -0.68811960 0.72559730 0.00000000
vn -0.30732380 0.95160500 0.00000000
vn -0.99996610 -0.00824022 0.00000000
vn -0.97555830 -0.21974100 0.00000000
vn -0.87164070 -0.49014530 0.00000000
vn -0.99997870 0.00653102 0.00000000
vn 0.00000000 1.00000000 0.00000000
vn -0.99982220 0.01886054 0.00000000
vn -0.99935470 0.03592122 0.00000000
vn -0.68772770 0.72596880 0.00000000
vn -0.30754400 0.95153390 0.00000000
vn -0.07403806 0.99725540 0.00000000
vn -0.04892232 0.99880270 0.00000000
vn -0.99996610 -0.00824022 0.00000000
vn -0.97555830 -0.21974100 0.00000000
vn -0.87164070 -0.49014530 0.00000000
vn -0.99997870 0.00653102 0.00000000
vn -0.99982220 0.01886054 0.00000000
vn -0.17554350 0.98447170 0.00000000
vn -0.68811960 0.72559730 0.00000000
vn -0.54037810 0.84142240 0.00000000
vn 0.00000000 1.00000000 0.00000000
vn -0.99999900 0.00140389 0.00000000
vn -0.97069650 0.24030890 0.00000000
vn -0.83362450 0.55233150 0.00000000
vn -0.99917960 0.04049820 0.00000000
vn -0.30732380 0.95160500 0.00000000
vn -0.40728500 0.91330120 0.00000000
vn -0.99935470 0.03592122 0.00000000
vn -1.00000000 0.00000000 0.00000000
vn -0.04892232 0.99880270 0.00000000
vn -0.05459782 0.99850850 0.00000000
vn -0.03735480 0.99930210 0.00000000
vn -0.07403806 0.99725540 0.00000000
vn -0.99996610 -0.00824022 0.00000000
vn -0.97555830 -0.21974100 0.00000000
vn -0.87164070 -0.49014530 0.00000000
vn -0.82652560 -0.56289930 0.00000000
vn 0.57735030 0.57735030 0.57735030
vn 0.57735030 0.57735030 0.57735030
vn 0.57735030 0.57735030 0.57735030
vn 0.00000000 -0.83983130 -0.54284760
vn 0.00000000 1.00000000 0.00000000
vn 0.00000000 1.00000000 0.00000000
vn 0.00000000 -0.50930710 -0.86058490
vn 0.00000000 1.00000000 0.00000000
vn 0.00000000 1.00000000 0.00000000
vn -0.99999830 -0.00186168 0.00000000
vn 0.00000000 -0.97962320 0.20084430
vn 0.00000000 -0.97970370 -0.20045150
vn 0.00000000 -1.00000000 0.00000000
vn 0.00000000 -1.00000000 0.00000000
vn 0.00000000 -1.00000000 0.00000000
vn 0.00000000 -1.00000000 0.00000000
vn 0.00000000 -0.47774840 -0.87849680
vn 0.00000000 -0.83971180 0.54303230
vn 0.00000000 -0.50936560 0.86055020
vn 0.00000000 -0.47774840 0.87849680
vn 0.00000000 -1.00000000 0.00000000
vn -0.99999900 0.00140389 0.00000000
vn -0.99997870 0.00653102 0.00000000
vn -0.99982220 0.01886054 0.00000000
vn -0.99962350 0.02743670 0.00000000
vn -1.00000000 0.00000000 0.00000000
vn 0.00000000 0.00000000 -1.00000000
vn 0.00000000 0.00000000 -1.00000000
vn 0.00000000 0.00000000 -1.00000000
vn 0.00000000 0.00000000 -1.00000000
vn 0.00000000 0.00000000 -1.00000000
vn 0.99995900 -0.00906418 0.00000000
vn 0.99995900 -0.00906418 0.00000000
vn 0.99995900 -0.00906418 0.00000000
vn 0.00000000 1.00000000 0.00000000
vn 0.00000000 -1.00000000 0.00000000
vn -0.03735480 0.99930210 0.00000000
vn -0.07403806 0.99725540 0.00000000
vn -0.97069650 0.24030890 0.00000000
vn -0.99917960 0.04049820 0.00000000
vn -0.03735480 0.99930210 0.00000000
vn -0.99999900 0.00140389 0.00000000
vn -0.04892232 0.99880270 0.00000000
vn -0.05459782 0.99850850 0.00000000
vn -0.17566700 0.98444970 0.00000000
vn -0.40748590 0.91321160 0.00000000
vn -0.54006480 0.84162350 0.00000000
vn -0.54037810 0.84142240 0.00000000
vn -0.99999900 0.00140389 0.00000000
vn -0.03735480 0.99930210 0.00000000
vn -0.07403806 0.99725540 0.00000000
vn -0.40728500 0.91330120 0.00000000
vn -0.54037810 0.84142240 0.00000000
vn -0.83354040 0.55245850 0.00000000
vn -0.97068230 0.24036640 0.00000000
vn -0.82652560 -0.56289930 0.00000000
vn -0.99999900 0.00140389 0.00000000
vn -0.99917960 0.04049820 0.00000000
vn -0.03735480 0.99930210 0.00000000
vn 0.57735030 0.57735030 0.57735030
vn -0.99996610 -0.00824022 0.00000000
vn -0.40728500 0.91330120 0.00000000
vn -0.99917960 0.04049820 0.00000000
vn -0.97069650 0.24030890 0.00000000
vn -0.83362450 0.55233150 0.00000000
vn -0.17554350 0.98447170 0.00000000
vn -0.05459782 0.99850850 0.00000000
vn -0.99997870 0.00653102 0.00000000
vn 0.00000000 1.00000000 0.00000000
vn -0.99982220 0.01886054 0.00000000
vn -0.99935470 0.03592122 0.00000000
vn -0.68811960 0.72559730 0.00000000
vn -0.30732380 0.95160500 0.00000000
vn -0.07403806 0.99725540 0.00000000
vn -0.04892232 0.99880270 0.00000000
vn -0.99996610 -0.00824022 0.00000000
vn -0.97555830 -0.21974100 0.00000000
vn -0.87164070 -0.49014530 0.00000000
vn -0.82652560 -0.56289930 0.00000000
vn -0.54037810 0.84142240 0.00000000
vn -0.99999900 0.00140389 0.00000000
vn -0.40728500 0.91330120 0.00000000
vn -0.99917960 0.04049820 0.00000000
vn -0.97069650 0.24030890 0.00000000
vn -0.83362450 0.55233150 0.00000000
vn -0.17554350 0.98447170 0.00000000
vn -0.05459782 0.99850850 0.00000000
vn -0.99997870 0.00653102 0.00000000
vn 0.00000000 1.00000000 0.00000000
vn -0.99982220 0.01886054 0.00000000
vn -0.99935470 0.03592122 0.00000000
vn -0.68811960 0.72559730 0.00000000
vn -0.30732380 0.95160500 0.00000000
vn -0.04892232 0.99880270 0.00000000
vn -0.99996610 -0.00824022 0.00000000
vn -0.97555830 -0.21974100 0.00000000
vn -0.87164070 -0.49014530 0.00000000
vn -0.82652560 -0.56289930 0.00000000
vn -0.07403806 0.99725540 0.00000000
vn -0.03735480 0.99930210 0.00000000
vn -0.05459782 0.99850850 0.00000000
vn -0.54037810 0.84142240 0.00000000
vn -0.99999900 0.00140389 0.00000000
vn -0.40728500 0.91330120 0.00000000
vn -0.99917960 0.04049820 0.00000000
vn -0.97069650 0.24030890 0.00000000
vn -0.83362450 0.55233150 0.00000000
vn -0.17554350 0.98447170 0.00000000
vn -0.99997870 0.00653102 0.00000000
vn 0.00000000 1.00000000 0.00000000
vn -0.99982220 0.01886054 0.00000000
vn -0.99935470 0.03592122 0.00000000
vn -0.68811960 0.72559730 0.00000000
vn -0.30732380 0.95160500 0.00000000
vn -0.04892232 0.99880270 0.00000000
vn -0.99996610 -0.00824022 0.00000000
vn -0.97555830 -0.21974100 0.00000000
vn -0.87164070 -0.49014530 0.00000000
vn -0.82652560 -0.56289930 0.00000000
vn -0.04892232 0.99880270 0.00000000
vn -0.05459782 0.99850850 0.00000000
vn -0.54037810 0.84142240 0.00000000
vn -0.99999900 0.00140389 0.00000000
vn -0.03735480 0.99930210 0.00000000
vn -0.40728500 0.91330120 0.00000000
vn -0.07403806 0.99725540 0.00000000
vn -0.99917960 0.04049820 0.00000000
vn -0.97069650 0.24030890 0.00000000
vn -0.83362450 0.55233150 0.00000000
vn -0.17554350 0.98447170 0.00000000
vn -0.99997870 0.00653102 0.00000000
vn 0.00000000 1.00000000 0.00000000
vn -0.99982220 0.01886054 0.00000000
vn -0.99935470 0.03592122 0.00000000
vn -0.68811960 0.72559730 0.00000000
vn -0.30732380 0.95160500 0.00000000
vn -0.99996610 -0.00824022 0.00000000
vn -0.97555830 -0.21974100 0.00000000
vn -0.87164070 -0.49014530 0.00000000
vn -0.83362450 0.55233150 0.00000000
vn -0.17554350 0.98447170 0.00000000
vn -0.99997870 0.00653102 0.00000000
vn 0.00000000 1.00000000 0.00000000
vn -0.99982220 0.01886054 0.00000000
vn -0.99935470 0.03592122 0.00000000
vn -0.68811960 0.72559730 0.00000000
vn -0.30732380 0.95160500 0.00000000
vn -0.05459782 0.99850850 0.00000000
vn -0.99999830 -0.00186168 0.00000000
vn -0.82652560 -0.56289930 0.00000000
vn -0.99502940 -0.09958228 0.00000000
vn -0.99999830 -0.00186168 0.00000000
vn -0.88630720 -0.46309780 0.00000000
vn -0.97069650 0.24030890 0.00000000
vn -0.99917960 0.04049820 0.00000000
vn -0.99999900 0.00140389 0.00000000
vn -0.03735480 0.99930210 0.00000000
vn -0.40728500 0.91330120 0.00000000
vn -0.54037810 0.84142240 0.00000000
vn -0.05459782 0.99850850 0.00000000
vn -0.83362450 0.55233150 0.00000000
vn -0.17554350 0.98447170 0.00000000
vn -0.99997870 0.00653102 0.00000000
vn 0.00000000 1.00000000 0.00000000
vn -0.99982220 0.01886054 0.00000000
vn -0.99935470 0.03592122 0.00000000
vn -0.68811960 0.72559730 0.00000000
vn -0.30732380 0.95160500 0.00000000
vn -0.07403806 0.99725540 0.00000000
vn -0.04892232 0.99880270 0.00000000
vn -0.97069650 0.24030890 0.00000000
vn -0.99917960 0.04049820 0.00000000
vn -0.99999900 0.00140389 0.00000000
vn -0.03735480 0.99930210 0.00000000
vn -0.04892232 0.99880270 0.00000000
vn -0.07403806 0.99725540 0.00000000
vn -0.40728500 0.91330120 0.00000000
vn -0.54037810 0.84142240 0.00000000
vn -0.83362450 0.55233150 0.00000000
vn -0.17554350 0.98447170 0.00000000
vn -0.05459782 0.99850850 0.00000000
vn -0.99997870 0.00653102 0.00000000
vn 0.00000000 1.00000000 0.00000000
vn -0.99982220 0.01886054 0.00000000
vn -0.99935470 0.03592122 0.00000000
vn -0.68811960 0.72559730 0.00000000
vn -0.30732380 0.95160500 0.00000000
vn -0.99996610 -0.00824022 0.00000000
vn -0.97555830 -0.21974100 0.00000000
vn -0.87164070 -0.49014530 0.00000000
vn -0.99997870 0.00653102 0.00000000
vn 0.00000000 1.00000000 0.00000000
vn -0.99982220 0.01886054 0.00000000
vn -0.99935470 0.03592122 0.00000000
vn -0.68772770 0.72596880 0.00000000
vn -0.30754400 0.95153390 0.00000000
vn -0.07403806 0.99725540 0.00000000
vn -0.04892232 0.99880270 0.00000000
vn -0.99996610 -0.00824022 0.00000000
vn -0.97555830 -0.21974100 0.00000000
vn -0.87164070 -0.49014530 0.00000000
vn -0.99997870 0.00653102 0.00000000
vn -0.99982220 0.01886054 0.00000000
vn -0.17554350 0.98447170 0.00000000
vn -0.68811960 0.72559730 0.00000000
vn -0.54037810 0.84142240 0.00000000
vn 0.00000000 1.00000000 0.00000000
vn -0.99999900 0.00140389 0.00000000
vn -0.97069650 0.24030890 0.00000000
vn -0.83362450 0.55233150 0.00000000
vn -0.99917960 0.04049820 0.00000000
vn -0.30732380 0.95160500 0.00000000
vn -0.40728500 0.91330120 0.00000000
vn -0.99935470 0.03592122 0.00000000
vn -1.00000000 0.00000000 0.00000000
vn -0.04892232 0.99880270 0.00000000
vn -0.05459782 0.99850850 0.00000000
vn -0.03735480 0.99930210 0.00000000
vn -0.07403806 0.99725540 0.00000000
vn -0.99996610 -0.00824022 0.00000000
vn -0.97555830 -0.21974100 0.00000000
vn -0.87164070 -0.49014530 0.00000000
vn -0.82652560 -0.56289930 0.00000000
vn 0.57735030 0.57735030 0.57735030
vn 0.57735030 0.57735030 0.57735030
vn 0.57735030 0.57735030 0.57735030
vn 0.00000000 -0.85958630 0.51099070
vn -0.88630720 -0.46309780 0.00000000
vn 0.00000000 -0.83983130 0.54284760
vn 0.00000000 1.00000000 0.00000000
vn 0.00000000 1.00000000 0.00000000
vn 0.00000000 -0.50930710 0.86058490
vn 0.00000000 1.00000000 0.00000000
vn 0.00000000 1.00000000 0.00000000
vn 0.00000000 -0.97962320 -0.20084430
vn 0.00000000 -0.97970370 0.20045150
vn 0.00000000 -1.00000000 0.00000000
vn 0.00000000 -1.00000000 0.00000000
vn 0.00000000 -1.00000000 0.00000000
vn 0.00000000 -1.00000000 0.00000000
vn -0.82652560 -0.56289930 0.00000000
vn -0.99502940 -0.09958228 0.00000000
vn 0.00000000 -0.83971180 -0.54303230
vn 0.00000000 -0.50936560 -0.86055020
vn 0.00000000 -0.47774840 -0.87849680
vn 0.00000000 -1.00000000 0.00000000
vn -0.99999900 0.00140389 0.00000000
vn -0.99997870 0.00653102 0.00000000
vn -0.99982220 0.01886054 0.00000000
vn -0.99962350 0.02743670 0.00000000
vn -1.00000000 0.00000000 0.00000000
vn 0.00000000 0.00000000 1.00000000
vn 0.00000000 0.00000000 1.00000000
vn 0.00000000 0.00000000 1.00000000
vn 0.00000000 0.00000000 1.00000000
vn 0.00000000 0.00000000 1.00000000
vn 0.99995900 -0.00906418 0.00000000
vn 0.99995900 -0.00906418 0.00000000
vn 0.99995900 -0.00906418 0.00000000
vn 0.00000000 1.00000000 0.00000000
vn 0.00000000 -1.00000000 0.00000000
vn -0.03735480 0.99930210 0.00000000
vn -0.54037810 0.84142240 0.00000000
vn -0.99999900 0.00140389 0.00000000
vn -0.54067740 0.84123000 0.00000000
vn -0.40709820 0.91338440 0.00000000
vn -0.83370870 0.55220460 0.00000000
vn -0.17542510 0.98449280 0.00000000
vn -0.68847990 0.72525540 0.00000000
vn -0.30711250 0.95167330 0.00000000
vn -0.40728500 0.91330120 0.00000000
vn -0.99917960 0.04049820 0.00000000
vn -0.97069650 0.24030890 0.00000000
vn -0.83362450 0.55233150 0.00000000
vn -0.17554350 0.98447170 0.00000000
vn -0.05459782 0.99850850 0.00000000
vn -0.99997870 0.00653102 0.00000000
vn 0.00000000 1.00000000 0.00000000
vn -0.99982220 0.01886054 0.00000000
vn -0.99935470 0.03592122 0.00000000
vn -0.68811960 0.72559730 0.00000000
vn -0.30732380 0.95160500 0.00000000
vn -0.07403806 0.99725540 0.00000000
vn -0.04892232 0.99880270 0.00000000
vn -0.97555830 -0.21974100 0.00000000
vn -0.87164070 -0.49014530 0.00000000
vn -0.82652560 -0.56289930 0.00000000
vn -1.00000000 0.00000000 0.00000000
vn -1.00000000 0.00000000 0.00000000
vn -1.00000000 0.00000000 0.00000000
vn -1.00000000 0.00000000 0.00000000
vn -1.00000000 0.00000000 0.00000000
vn -1.00000000 0.00000000 0.00000000
vn -1.00000000 0.00000000 0.00000000
vn 0.00000000 0.25881970 -0.96592570
vn 0.00000000 0.96592550 -0.25882020
vn 0.00000000 0.96592570 0.25881960
vn 0.00000000 0.25882220 0.96592500
vn 0.00000000 0.25882220 0.96592500
vn 0.00000000 -0.25882220 0.96592500
vn 0.00000000 -0.70710590 0.70710780
vn 0.00000000 -0.96592600 -0.25881840
vn 0.00000000 -0.96592600 -0.25881840
vn -1.00000000 0.00000000 0.00000000
vn -1.00000000 0.00000000 0.00000000
vn -1.00000000 0.00000000 0.00000000
vn -1.00000000 0.00000000 0.00000000
vn -1.00000000 0.00000000 0.00000000
vn 0.00000000 0.96592550 -0.25882020
vn 0.00000000 -0.70710650 -0.70710710
vn 0.00000000 0.25881970 -0.96592570
vn 0.00000000 0.25881970 -0.96592570
vn 0.00000000 -0.25881950 -0.96592570
vn 0.00000000 0.96592570 -0.25881960
vn 0.00000000 -0.96592580 -0.25881900
vn 0.00000000 -0.70710840 0.70710520
vn 0.00000000 0.96592570 -0.25881960
vn 0.00000000 -0.25881950 -0.96592570
vn 0.00000000 0.25881970 -0.96592570
vn 0.00000000 -0.96592580 -0.25881900
vn 0.00000000 -0.96592580 -0.25881900
vn 0.00000000 -0.70710840 0.70710520
vn 0.00000000 -0.70710840 0.70710520
vn 0.00000000 -0.25881500 0.96592690
vn 0.00000000 0.70710840 0.70710520
vn 0.00000000 0.70710840 0.70710520
vn 0.00000000 0.70710590 -0.70710780
vn 0.00000000 -0.25881950 -0.96592570
vn 0.00000000 -0.25881950 -0.96592570
vn 0.00000000 -0.96592580 -0.25881900
vn 0.00000000 -0.70710840 0.70710520
vn -1.00000000 0.00000000 0.00000000
vn -1.00000000 0.00000000 0.00000000
vn -1.00000000 0.00000000 0.00000000
vn 0.00000000 0.70710590 -0.70710780
vn 1.00000000 0.00000000 0.00000012
vn 1.00000000 0.00000000 0.00000012
vn 1.00000000 0.00000000 0.00000012
vn 1.00000000 0.00000000 0.00000012
vn 1.00000000 0.00000000 0.00000012
vn 1.00000000 0.00000000 0.00000012
vn 1.00000000 0.00000000 0.00000012
vn 0.00000000 0.25881970 -0.96592570
vn 0.00000000 0.96592560 -0.25882000
vn 0.00000000 0.96592580 0.25881950
vn 0.00000000 0.25882220 0.96592500
vn 0.00000000 0.25882220 0.96592500
vn 0.00000000 -0.25882240 0.96592490
vn 0.00000000 -0.70710590 0.70710780
vn 0.00000000 -0.96592600 -0.25881860
vn 0.00000000 -0.96592600 -0.25881860
vn 1.00000000 0.00000000 0.00000012
vn 1.00000000 0.00000000 0.00000012
vn 1.00000000 0.00000000 0.00000012
vn 1.00000000 0.00000000 0.00000012
vn 1.00000000 0.00000000 0.00000012
vn 0.00000000 0.96592560 -0.25882000
vn 0.00000000 -0.70710650 -0.70710710
vn 0.00000000 0.25881970 -0.96592570
vn 0.00000000 0.25881970 -0.96592570
vn 0.00000000 -0.25881950 -0.96592570
vn 0.00000000 0.96592560 -0.25881970
vn 0.00000000 -0.96592580 -0.25881920
vn 0.00000000 -0.70710840 0.70710520
vn 0.00000000 0.96592560 -0.25881970
vn 0.00000000 -0.25881950 -0.96592570
vn 0.00000000 0.25881970 -0.96592570
vn 0.00000000 -0.96592580 -0.25881920
vn 0.00000000 -0.96592580 -0.25881920
vn 0.00000000 -0.70710840 0.70710520
vn 0.00000000 -0.70710840 0.70710520
vn 0.00000000 -0.25881510 0.96592690
vn 0.00000000 0.70710840 0.70710520
vn 0.00000000 0.70710840 0.70710520
vn 0.00000000 0.70710590 -0.70710780
vn 0.00000000 -0.25881950 -0.96592570
vn 0.00000000 -0.25881950 -0.96592570
vn 0.00000000 -0.96592580 -0.25881920
vn 0.00000000 -0.70710840 0.70710520
vn 1.00000000 0.00000000 0.00000012
vn 1.00000000 0.00000000 0.00000012
vn 1.00000000 0.00000000 0.00000012
vn 0.00000000 0.70710590 -0.70710780
vn 1.00000000 -0.00000130 -0.00000240
vn 1.00000000 -0.00000130 -0.00000240
vn 1.00000000 -0.00000130 -0.00000240
vn 1.00000000 -0.00000130 -0.00000240
vn 1.00000000 -0.00000130 -0.00000240
vn 1.00000000 -0.00000130 -0.00000240
vn 1.00000000 -0.00000130 -0.00000240
vn 1.00000000 -0.00000130 -0.00000240
vn 1.00000000 -0.00000130 -0.00000240
vn 1.00000000 -0.00000130 -0.00000240
vn 1.00000000 -0.00000130 -0.00000240
vn 1.00000000 -0.00000130 -0.00000240
vn 1.00000000 -0.00000130 -0.00000240
vn 1.00000000 -0.00000130 -0.00000240
vn 1.00000000 -0.00000130 -0.00000240
vn 1.00000000 -0.00000130 -0.00000240
vn 1.00000000 0.00000000 -0.00000050
vn 1.00000000 0.00000000 -0.00000050
vn 0.00000000 -0.69858960 -0.71552270
vn 0.00000000 -1.00000000 0.00000294
vn 0.00000000 -0.61877010 0.78557220
vn 0.00000000 -1.00000000 0.00000000
vn 1.00000000 0.00000000 -0.00000042
vn 1.00000000 0.00000000 -0.00000042
vn 1.00000000 0.00000000 -0.00000042
vn 1.00000000 0.00000000 -0.00000042
vn 0.00000000 -0.14142890 -0.98994850
vn 0.00000000 -0.14142890 -0.98994850
vn 1.00000000 -0.00000130 -0.00000240
vn 1.00000000 -0.00000130 -0.00000240
vn 1.00000000 -0.00000130 -0.00000240
vn 1.00000000 -0.00000130 -0.00000240
vn 1.00000000 -0.00000130 -0.00000240
vn 1.00000000 -0.00000130 -0.00000240
vn 1.00000000 -0.00000130 -0.00000240
vn 1.00000000 0.00000000 -0.00000050
vn 1.00000000 0.00000000 -0.00000050
vn 1.00000000 0.00000000 -0.00000042
vn 1.00000000 0.00000000 -0.00000042
vn 1.00000000 0.00000000 -0.00000042
vn 1.00000000 0.00000000 -0.00000042
vn 1.00000000 0.00000000 -0.00000042
vn 1.00000000 0.00000000 -0.00000042
vn 1.00000000 0.00000000 -0.00000042
vn 1.00000000 -0.00000130 -0.00000240
vn 1.00000000 -0.00000130 -0.00000240
vn 1.00000000 -0.00000130 -0.00000240
vn 1.00000000 -0.00000130 -0.00000240
vn 1.00000000 -0.00000130 -0.00000240
vn 0.00000000 -0.70710590 0.70710770
vn 1.00000000 0.00000000 -0.00000042
vn 1.00000000 -0.00000130 -0.00000240
vn 1.00000000 -0.00000130 -0.00000240
vn 1.00000000 -0.00000130 0.00000000
vn 1.00000000 -0.00000130 -0.00000240
vn 1.00000000 -0.00000130 -0.00000240
vn 1.00000000 -0.00000130 -0.00000240
vn 1.00000000 -0.00000130 -0.00000240
vn 1.00000000 0.00002104 0.00006040
vn 1.00000000 0.00002104 0.00006040
vn 1.00000000 0.00002104 0.00006040
vn 1.00000000 -0.00000020 0.00000064
vn 1.00000000 -0.00000020 0.00000064
vn 1.00000000 -0.00000020 0.00000064
vn 1.00000000 -0.00000020 0.00000064
vn 1.00000000 -0.00000020 0.00000064
vn 1.00000000 -0.00000020 0.00000064
vn 1.00000000 0.00002104 0.00006040
vn 1.00000000 0.00002104 0.00006040
vn 1.00000000 0.00002104 0.00006040
vn 1.00000000 0.00002104 0.00006040
vn 1.00000000 0.00002104 0.00006040
vn 1.00000000 0.00002104 0.00006040
vn 1.00000000 0.00002104 0.00006040
vn 1.00000000 0.00002104 0.00006040
vn 1.00000000 -0.00000020 0.00000064
vn 1.00000000 -0.00000020 0.00000064
vn 1.00000000 -0.00000020 0.00000064
vn 1.00000000 -0.00000020 0.00000064
vn 1.00000000 -0.00000020 0.00000064
vn 1.00000000 -0.00000020 0.00000064
vn 1.00000000 -0.00000020 0.00000064
vn 1.00000000 -0.00000020 0.00000064
vn 1.00000000 -0.00000020 0.00000064
vn 1.00000000 -0.00001491 0.00000230
vn 1.00000000 -0.00001491 0.00000230
vn 0.00000000 -0.00000211 1.00000000
vn 0.00000000 -0.70710590 0.70710770
vn 0.00000000 -0.70710590 0.70710770
vn 1.00000000 -0.00001491 0.00000230
vn 1.00000000 -0.00000130 -0.00000428
vn 1.00000000 -0.00000130 -0.00000428
vn 1.00000000 -0.00000130 -0.00000428
vn 1.00000000 0.00000435 0.00000828
vn 1.00000000 0.00000435 0.00000828
vn 0.00000000 0.00001062 -1.00000000
vn 0.00000000 0.00001062 -1.00000000
vn 1.00000000 0.00000000 -0.00000042
vn 1.00000000 0.00000000 -0.00000042
vn 0.00000000 -1.00000000 0.00000000
vn 0.00000000 -1.00000000 0.00000000
vn 0.00000000 0.00000000 -1.00000000
vn 0.00000000 -1.00000000 0.00000000
vn 0.00000000 -1.00000000 0.00000000
vn 0.00000000 -0.70710460 0.70710900
vn 0.00000000 0.00000000 1.00000000
vn 0.00000000 -1.00000000 0.00000000
vn 0.00000000 0.00000000 1.00000000
vn 0.00000000 -1.00000000 -0.00000129
vn 0.00000000 -1.00000000 0.00000134
vn 0.00000000 -1.00000000 0.00000134
vn 0.00000000 -0.83615220 -0.54849750
vn 0.00000000 -1.00000000 0.00000011
vn 0.00000000 -0.86691950 0.49844820
vn 0.00000000 -1.00000000 0.00000000
vn 0.00000000 -0.30610360 -0.95199830
vn 0.00000000 -1.00000000 0.00000000
vn 0.00000000 -1.00000000 0.00000294
vn 0.00000000 -1.00000000 0.00000294
vn 0.00000000 -0.61877240 0.78557030
vn 0.00000000 -1.00000000 0.00000000
vn 0.00000000 0.00000000 1.00000000
vn 0.00000000 -1.00000000 0.00000000
vn 0.00000000 0.00000000 -1.00000000
vn 0.00000000 -1.00000000 0.00000000
vn -1.00000000 -0.00000130 -0.00000240
vn -1.00000000 -0.00000130 -0.00000240
vn -1.00000000 -0.00000130 -0.00000240
vn -1.00000000 -0.00000130 -0.00000240
vn -1.00000000 -0.00000130 -0.00000240
vn -1.00000000 -0.00000130 -0.00000240
vn -1.00000000 -0.00000130 -0.00000240
vn -1.00000000 -0.00000130 -0.00000240
vn -1.00000000 -0.00000130 -0.00000240
vn -1.00000000 -0.00000130 -0.00000240
vn -1.00000000 -0.00000130 -0.00000240
vn -1.00000000 -0.00000130 -0.00000240
vn -1.00000000 -0.00000130 -0.00000240
vn -1.00000000 -0.00000130 -0.00000240
vn -1.00000000 -0.00000130 -0.00000240
vn -1.00000000 -0.00000130 -0.00000240
vn -1.00000000 0.00000000 -0.00000100
vn -1.00000000 0.00000000 -0.00000100
vn 0.00000000 -0.69858960 -0.71552270
vn 0.00000000 -1.00000000 0.00000294
vn 0.00000000 -0.61877010 0.78557220
vn 0.00000000 -1.00000000 0.00000000
vn -1.00000000 0.00000000 -0.00000045
vn -1.00000000 0.00000000 -0.00000045
vn -1.00000000 0.00000000 -0.00000045
vn -1.00000000 0.00000000 -0.00000045
vn 0.00000000 -0.14142630 -0.98994880
vn 0.00000000 -0.14142630 -0.98994880
vn -1.00000000 -0.00000130 -0.00000240
vn -1.00000000 -0.00000130 -0.00000240
vn -1.00000000 -0.00000130 -0.00000240
vn -1.00000000 -0.00000130 -0.00000240
vn -1.00000000 -0.00000130 -0.00000240
vn -1.00000000 -0.00000130 -0.00000240
vn -1.00000000 -0.00000130 -0.00000240
vn -1.00000000 0.00000000 -0.00000100
vn -1.00000000 0.00000000 -0.00000100
vn -1.00000000 0.00000000 -0.00000045
vn -1.00000000 0.00000000 -0.00000045
vn -1.00000000 0.00000000 -0.00000045
vn -1.00000000 0.00000000 -0.00000045
vn -1.00000000 0.00000000 -0.00000045
vn -1.00000000 0.00000000 -0.00000045
vn -1.00000000 0.00000000 -0.00000045
vn -1.00000000 -0.00000130 -0.00000240
vn -1.00000000 -0.00000130 -0.00000240
vn -1.00000000 -0.00000130 -0.00000240
vn -1.00000000 -0.00000130 -0.00000240
vn -1.00000000 -0.00000130 -0.00000240
vn 0.00000000 -0.70710660 0.70710700
vn -1.00000000 0.00000000 -0.00000045
vn -1.00000000 -0.00000130 -0.00000240
vn -1.00000000 -0.00000130 -0.00000240
vn -1.00000000 -0.00000130 0.00000000
vn -1.00000000 -0.00000130 -0.00000240
vn -1.00000000 -0.00000130 -0.00000240
vn -1.00000000 -0.00000130 -0.00000240
vn -1.00000000 -0.00000130 -0.00000240
vn -1.00000000 0.00002104 0.00006011
vn -1.00000000 0.00002104 0.00006011
vn -1.00000000 0.00002104 0.00006011
vn -1.00000000 -0.00000020 0.00000090
vn -1.00000000 -0.00000020 0.00000090
vn -1.00000000 -0.00000020 0.00000090
vn -1.00000000 -0.00000020 0.00000090
vn -1.00000000 -0.00000020 0.00000090
vn -1.00000000 -0.00000020 0.00000090
vn -1.00000000 0.00002104 0.00006011
vn -1.00000000 0.00002104 0.00006011
vn -1.00000000 0.00002104 0.00006011
vn -1.00000000 0.00002104 0.00006011
vn -1.00000000 0.00002104 0.00006011
vn -1.00000000 0.00002104 0.00006011
vn -1.00000000 0.00002104 0.00006011
vn -1.00000000 0.00002104 0.00006011
vn -1.00000000 -0.00000020 0.00000090
vn -1.00000000 -0.00000020 0.00000090
vn -1.00000000 -0.00000020 0.00000090
vn -1.00000000 -0.00000020 0.00000090
vn -1.00000000 -0.00000020 0.00000090
vn -1.00000000 -0.00000020 0.00000090
vn -1.00000000 -0.00000020 0.00000090
vn -1.00000000 -0.00000020 0.00000090
vn -1.00000000 -0.00000020 0.00000090
vn -1.00000000 -0.00001491 0.00000222
vn -1.00000000 -0.00001491 0.00000222
vn 0.00000000 0.00000000 1.00000000
vn 0.00000000 -0.70710660 0.70710700
vn 0.00000000 -0.70710660 0.70710700
vn -1.00000000 -0.00001491 0.00000222
vn -1.00000000 -0.00000130 -0.00000428
vn -1.00000000 -0.00000130 -0.00000428
vn -1.00000000 -0.00000130 -0.00000428
vn -1.00000000 0.00000435 0.00000868
vn -1.00000000 0.00000435 0.00000868
vn 0.00000000 0.00000838 -1.00000000
vn 0.00000000 0.00000838 -1.00000000
vn -1.00000000 0.00000000 -0.00000045
vn -1.00000000 0.00000000 -0.00000045
vn 0.00000000 -1.00000000 0.00000000
vn 0.00000000 -1.00000000 0.00000000
vn 0.00000000 0.00000000 -1.00000000
vn 0.00000000 -1.00000000 0.00000000
vn 0.00000000 -1.00000000 0.00000000
vn 0.00000000 -0.70710320 0.70711050
vn 0.00000000 0.00000000 1.00000000
vn 0.00000000 -1.00000000 0.00000000
vn 0.00000000 0.00000000 1.00000000
vn 0.00000000 -1.00000000 -0.00000129
vn 0.00000000 -1.00000000 0.00000134
vn 0.00000000 -1.00000000 0.00000134
vn 0.00000000 -0.83615200 -0.54849790
vn 0.00000000 -1.00000000 0.00000011
vn 0.00000000 -0.86691950 0.49844820
vn 0.00000000 -1.00000000 0.00000000
vn 0.00000000 -0.30610360 -0.95199830
vn 0.00000000 -1.00000000 0.00000000
vn 0.00000000 -1.00000000 0.00000294
vn 0.00000000 -1.00000000 0.00000294
vn 0.00000000 -0.61877240 0.78557030
vn 0.00000000 -1.00000000 0.00000000
vn 0.00000000 0.00000000 1.00000000
vn 0.00000000 -1.00000000 0.00000000
vn 0.00000000 0.00000000 -1.00000000
vn 0.00000000 -1.00000000 0.00000000
vn -1.00000000 0.00000000 0.00000000
vn -1.00000000 0.00000000 0.00000000
vn -1.00000000 0.00000000 0.00000000
vn -1.00000000 0.00000000 0.00000000
vn -1.00000000 0.00000000 0.00000000
vn -1.00000000 0.00000000 0.00000000
vn -1.00000000 0.00000000 0.00000000
vn 0.00000000 0.25881970 -0.96592570
vn 0.00000000 0.96592570 -0.25881960
vn 0.00000000 0.96592570 0.25881960
vn 0.00000000 0.25882220 0.96592500
vn 0.00000000 0.25882220 0.96592500
vn 0.00000000 -0.25882220 0.96592500
vn 0.00000000 -0.70710590 0.70710780
vn 0.00000000 -0.96592600 -0.25881840
vn 0.00000000 -0.96592600 -0.25881840
vn -1.00000000 0.00000000 0.00000000
vn -1.00000000 0.00000000 0.00000000
vn -1.00000000 0.00000000 0.00000000
vn -1.00000000 0.00000000 0.00000000
vn -1.00000000 0.00000000 0.00000000
vn 0.00000000 0.96592570 -0.25881960
vn 0.00000000 -0.70710650 -0.70710710
vn 0.00000000 0.25881970 -0.96592570
vn 0.00000000 0.25881970 -0.96592570
vn 0.00000000 -0.25881950 -0.96592570
vn 0.00000000 0.96592570 -0.25881960
vn 0.00000000 -0.96592600 -0.25881840
vn 0.00000000 -0.70710840 0.70710520
vn 0.00000000 0.96592570 -0.25881960
vn 0.00000000 -0.25881950 -0.96592570
vn 0.00000000 0.25881970 -0.96592570
vn 0.00000000 -0.96592600 -0.25881840
vn 0.00000000 -0.96592600 -0.25881840
vn 0.00000000 -0.70710840 0.70710520
vn 0.00000000 -0.70710840 0.70710520
vn 0.00000000 -0.25881730 0.96592630
vn 0.00000000 0.70710840 0.70710520
vn 0.00000000 0.70710840 0.70710520
vn 0.00000000 0.70710590 -0.70710780
vn 0.00000000 -0.25881950 -0.96592570
vn 0.00000000 -0.25881950 -0.96592570
vn 0.00000000 -0.96592600 -0.25881840
vn 0.00000000 -0.70710840 0.70710520
vn -1.00000000 0.00000000 0.00000000
vn -1.00000000 0.00000000 0.00000000
vn -1.00000000 0.00000000 0.00000000
vn 0.00000000 0.70710590 -0.70710780
vn 1.00000000 0.00000000 0.00000012
vn 1.00000000 0.00000000 0.00000012
vn 1.00000000 0.00000000 0.00000012
vn 1.00000000 0.00000000 0.00000012
vn 1.00000000 0.00000000 0.00000012
vn 1.00000000 0.00000000 0.00000012
vn 1.00000000 0.00000000 0.00000012
vn 0.00000000 0.25881970 -0.96592570
vn 0.00000000 0.96592560 -0.25881980
vn 0.00000000 0.96592570 0.25881960
vn 0.00000000 0.25882220 0.96592500
vn 0.00000000 0.25882220 0.96592500
vn 0.00000000 -0.25882240 0.96592490
vn 0.00000000 -0.70710590 0.70710780
vn 0.00000000 -0.96592600 -0.25881860
vn 0.00000000 -0.96592600 -0.25881860
vn 1.00000000 0.00000000 0.00000012
vn 1.00000000 0.00000000 0.00000012
vn 1.00000000 0.00000000 0.00000012
vn 1.00000000 0.00000000 0.00000012
vn 1.00000000 0.00000000 0.00000012
vn 0.00000000 0.96592560 -0.25881980
vn 0.00000000 -0.70710650 -0.70710710
vn 0.00000000 0.25881970 -0.96592570
vn 0.00000000 0.25881970 -0.96592570
vn 0.00000000 -0.25881950 -0.96592570
vn 0.00000000 0.96592570 -0.25881960
vn 0.00000000 -0.96592600 -0.25881860
vn 0.00000000 -0.70710840 0.70710520
vn 0.00000000 0.96592570 -0.25881960
vn 0.00000000 -0.25881950 -0.96592570
vn 0.00000000 0.25881970 -0.96592570
vn 0.00000000 -0.96592600 -0.25881860
vn 0.00000000 -0.96592600 -0.25881860
vn 0.00000000 -0.70710840 0.70710520
vn 0.00000000 -0.70710840 0.70710520
vn 0.00000000 -0.25881750 0.96592630
vn 0.00000000 0.70710840 0.70710520
vn 0.00000000 0.70710840 0.70710520
vn 0.00000000 0.70710590 -0.70710780
vn 0.00000000 -0.25881950 -0.96592570
vn 0.00000000 -0.25881950 -0.96592570
vn 0.00000000 -0.96592600 -0.25881860
vn 0.00000000 -0.70710840 0.70710520
vn 1.00000000 0.00000000 0.00000012
vn 1.00000000 0.00000000 0.00000012
vn 1.00000000 0.00000000 0.00000012
vn 0.00000000 0.70710590 -0.70710780
vn 1.00000000 -0.00000130 -0.00000240
vn 1.00000000 -0.00000130 -0.00000240
vn 1.00000000 -0.00000130 -0.00000240
vn 1.00000000 -0.00000130 -0.00000240
vn 1.00000000 -0.00000130 -0.00000240
vn 1.00000000 -0.00000130 -0.00000240
vn 1.00000000 -0.00000130 -0.00000240
vn 1.00000000 -0.00000130 -0.00000240
vn 1.00000000 -0.00000130 -0.00000240
vn 1.00000000 -0.00000130 -0.00000240
vn 1.00000000 -0.00000130 -0.00000240
vn 1.00000000 -0.00000130 -0.00000240
vn 1.00000000 -0.00000130 -0.00000240
vn 1.00000000 -0.00000130 -0.00000240
vn 1.00000000 -0.00000130 -0.00000240
vn 1.00000000 -0.00000130 -0.00000240
vn 1.00000000 0.00000000 -0.00000050
vn 1.00000000 0.00000000 -0.00000050
vn 0.00000000 -0.69858960 -0.71552270
vn 0.00000000 -1.00000000 0.00000294
vn 0.00000000 -0.61877410 0.78556900
vn 0.00000000 -1.00000000 0.00000000
vn 1.00000000 0.00000000 -0.00000042
vn 1.00000000 0.00000000 -0.00000042
vn 1.00000000 0.00000000 -0.00000042
vn 1.00000000 0.00000000 -0.00000042
vn 0.00000000 0.00000000 -1.00000000
vn 0.00000000 -1.00000000 -0.00000800
vn 0.00000000 0.91795840 -0.39667680
vn 0.00000000 0.91795840 -0.39667680
vn 0.00000000 -1.00000000 -0.00000046
vn 0.00000000 -0.14142290 -0.98994930
vn 0.00000000 -0.14142290 -0.98994930
vn 1.00000000 -0.00000130 -0.00000240
vn 1.00000000 -0.00000130 -0.00000240
vn 1.00000000 -0.00000130 -0.00000240
vn 1.00000000 -0.00000130 -0.00000240
vn 1.00000000 -0.00000130 -0.00000240
vn 1.00000000 -0.00000130 -0.00000240
vn 1.00000000 -0.00000130 -0.00000240
vn 1.00000000 0.00000000 -0.00000050
vn 1.00000000 0.00000000 -0.00000050
vn 1.00000000 0.00000000 -0.00000042
vn 1.00000000 0.00000000 -0.00000042
vn 1.00000000 0.00000000 -0.00000042
vn 1.00000000 0.00000000 -0.00000042
vn 1.00000000 0.00000000 -0.00000042
vn 1.00000000 0.00000000 -0.00000042
vn 1.00000000 0.00000000 -0.00000042
vn 1.00000000 -0.00000130 -0.00000240
vn 1.00000000 -0.00000130 -0.00000240
vn 1.00000000 -0.00000130 -0.00000240
vn 1.00000000 -0.00000130 -0.00000240
vn 1.00000000 -0.00000130 -0.00000240
vn 0.00000000 -0.70710370 0.70710990
vn 1.00000000 0.00000000 -0.00000042
vn 1.00000000 -0.00000130 -0.00000240
vn 1.00000000 -0.00000130 -0.00000240
vn 1.00000000 -0.00000130 0.00000000
vn 1.00000000 -0.00000130 -0.00000240
vn 1.00000000 -0.00000130 -0.00000240
vn 1.00000000 -0.00000130 -0.00000240
vn 1.00000000 -0.00000130 -0.00000240
vn 1.00000000 0.00002104 0.00006040
vn 1.00000000 0.00002104 0.00006040
vn 1.00000000 0.00002104 0.00006040
vn 1.00000000 -0.00000020 0.00000064
vn 1.00000000 -0.00000020 0.00000064
vn 1.00000000 -0.00000020 0.00000064
vn 1.00000000 -0.00000020 0.00000064
vn 1.00000000 -0.00000020 0.00000064
vn 1.00000000 -0.00000020 0.00000064
vn 1.00000000 0.00002104 0.00006040
vn 1.00000000 0.00002104 0.00006040
vn 1.00000000 0.00002104 0.00006040
vn 1.00000000 0.00002104 0.00006040
vn 1.00000000 0.00002104 0.00006040
vn 1.00000000 0.00002104 0.00006040
vn 1.00000000 0.00002104 0.00006040
vn 1.00000000 0.00002104 0.00006040
vn 1.00000000 -0.00000020 0.00000064
vn 1.00000000 -0.00000020 0.00000064
vn 1.00000000 -0.00000020 0.00000064
vn 1.00000000 -0.00000020 0.00000064
vn 1.00000000 -0.00000020 0.00000064
vn 1.00000000 -0.00000020 0.00000064
vn 1.00000000 -0.00000020 0.00000064
vn 1.00000000 -0.00000020 0.00000064
vn 1.00000000 -0.00000020 0.00000064
vn 1.00000000 -0.00001491 0.00000230
vn 1.00000000 -0.00001491 0.00000230
vn 0.00000000 0.00000080 1.00000000
vn 0.00000000 -0.70710370 0.70710990
vn 0.00000000 -0.70710370 0.70710990
vn 1.00000000 -0.00001491 0.00000230
vn 1.00000000 -0.00000130 -0.00000428
vn 1.00000000 -0.00000130 -0.00000428
vn 1.00000000 -0.00000130 -0.00000428
vn 1.00000000 0.00000435 0.00000828
vn 1.00000000 0.00000435 0.00000828
vn 0.00000000 0.00000830 -1.00000000
vn 0.00000000 0.00000830 -1.00000000
vn 1.00000000 0.00000000 -0.00000042
vn 1.00000000 0.00000000 -0.00000042
vn 0.00000000 -1.00000000 -0.00000046
vn 0.00000000 -0.00000099 1.00000000
vn 0.00000000 0.92405750 0.38225340
vn 0.00000000 0.92405750 0.38225340
vn 1.00000000 0.00000026 0.00000251
vn 1.00000000 0.00000026 0.00000251
vn 1.00000000 0.00000026 0.00000251
vn 1.00000000 0.00000026 0.00000251
vn 1.00000000 0.00000026 0.00000251
vn 1.00000000 0.00000026 0.00000251
vn 1.00000000 0.00000026 0.00000251
vn 1.00000000 0.00000026 0.00000251
vn 1.00000000 0.00000026 0.00000251
vn 1.00000000 0.00000026 0.00000251
vn 1.00000000 0.00000026 0.00000251
vn 1.00000000 0.00000026 0.00000251
vn 0.00000000 -1.00000000 0.00000000
vn 0.00000000 -1.00000000 0.00000000
vn 0.00000000 0.00000000 -1.00000000
vn 0.00000000 -1.00000000 0.00000000
vn 0.00000000 -1.00000000 0.00000000
vn 0.00000000 -0.70710100 0.70711260
vn 0.00000000 0.00000000 1.00000000
vn 0.00000000 -1.00000000 0.00000000
vn 0.00000000 0.00000000 1.00000000
vn 0.00000000 -1.00000000 -0.00000129
vn 0.00000000 -1.00000000 0.00000134
vn 0.00000000 -1.00000000 0.00000134
vn 0.00000000 -0.83615300 -0.54849640
vn 0.00000000 -1.00000000 0.00000011
vn 0.00000000 -0.86691950 0.49844820
vn 0.00000000 -1.00000000 0.00000000
vn 0.00000000 -0.30610360 -0.95199830
vn 0.00000000 -1.00000000 0.00000000
vn 0.00000000 -1.00000000 0.00000294
vn 0.00000000 -1.00000000 0.00000294
vn 0.00000000 -0.61876960 0.78557250
vn 0.00000000 -1.00000000 0.00000000
vn 0.00000000 0.00000000 1.00000000
vn 0.00000000 -1.00000000 0.00000000
vn 0.00000000 0.00000000 -1.00000000
vn 0.00000000 -1.00000000 0.00000000
vn -1.00000000 -0.00000130 -0.00000240
vn -1.00000000 -0.00000130 -0.00000240
vn -1.00000000 -0.00000130 -0.00000240
vn -1.00000000 -0.00000130 -0.00000240
vn -1.00000000 -0.00000130 -0.00000240
vn -1.00000000 -0.00000130 -0.00000240
vn -1.00000000 -0.00000130 -0.00000240
vn -1.00000000 -0.00000130 -0.00000240
vn -1.00000000 -0.00000130 -0.00000240
vn -1.00000000 -0.00000130 -0.00000240
vn -1.00000000 -0.00000130 -0.00000240
vn -1.00000000 -0.00000130 -0.00000240
vn -1.00000000 -0.00000130 -0.00000240
vn -1.00000000 -0.00000130 -0.00000240
vn -1.00000000 -0.00000130 -0.00000240
vn -1.00000000 -0.00000130 -0.00000240
vn -1.00000000 0.00000000 -0.00000100
vn -1.00000000 0.00000000 -0.00000100
vn 0.00000000 -0.69858960 -0.71552270
vn 0.00000000 -1.00000000 0.00000294
vn 0.00000000 -0.61877410 0.78556900
vn 0.00000000 -1.00000000 0.00000000
vn -1.00000000 0.00000000 -0.00000045
vn -1.00000000 0.00000000 -0.00000045
vn -1.00000000 0.00000000 -0.00000045
vn -1.00000000 0.00000000 -0.00000045
vn 0.00000000 0.00000000 -1.00000000
vn 0.00000000 -1.00000000 -0.00000800
vn 0.00000000 0.91795860 -0.39667640
vn 0.00000000 0.91795860 -0.39667640
vn 0.00000000 -1.00000000 -0.00000046
vn 0.00000000 -0.14142630 -0.98994880
vn 0.00000000 -0.14142630 -0.98994880
vn -1.00000000 -0.00000130 -0.00000240
vn -1.00000000 -0.00000130 -0.00000240
vn -1.00000000 -0.00000130 -0.00000240
vn -1.00000000 -0.00000130 -0.00000240
vn -1.00000000 -0.00000130 -0.00000240
vn -1.00000000 -0.00000130 -0.00000240
vn -1.00000000 -0.00000130 -0.00000240
vn -1.00000000 0.00000000 -0.00000100
vn -1.00000000 0.00000000 -0.00000100
vn -1.00000000 0.00000000 -0.00000045
vn -1.00000000 0.00000000 -0.00000045
vn -1.00000000 0.00000000 -0.00000045
vn -1.00000000 0.00000000 -0.00000045
vn -1.00000000 0.00000000 -0.00000045
vn -1.00000000 0.00000000 -0.00000045
vn -1.00000000 0.00000000 -0.00000045
vn -1.00000000 -0.00000130 -0.00000240
vn -1.00000000 -0.00000130 -0.00000240
vn -1.00000000 -0.00000130 -0.00000240
vn -1.00000000 -0.00000130 -0.00000240
vn -1.00000000 -0.00000130 -0.00000240
vn 0.00000000 -0.70710510 0.70710850
vn -1.00000000 0.00000000 -0.00000045
vn -1.00000000 -0.00000130 -0.00000240
vn -1.00000000 -0.00000130 -0.00000240
vn -1.00000000 -0.00000130 0.00000000
vn -1.00000000 -0.00000130 -0.00000240
vn -1.00000000 -0.00000130 -0.00000240
vn -1.00000000 -0.00000130 -0.00000240
vn -1.00000000 -0.00000130 -0.00000240
vn -1.00000000 0.00002104 0.00006011
vn -1.00000000 0.00002104 0.00006011
vn -1.00000000 0.00002104 0.00006011
vn -1.00000000 -0.00000020 0.00000090
vn -1.00000000 -0.00000020 0.00000090
vn -1.00000000 -0.00000020 0.00000090
vn -1.00000000 -0.00000020 0.00000090
vn -1.00000000 -0.00000020 0.00000090
vn -1.00000000 -0.00000020 0.00000090
vn -1.00000000 0.00002104 0.00006011
vn -1.00000000 0.00002104 0.00006011
vn -1.00000000 0.00002104 0.00006011
vn -1.00000000 0.00002104 0.00006011
vn -1.00000000 0.00002104 0.00006011
vn -1.00000000 0.00002104 0.00006011
vn -1.00000000 0.00002104 0.00006011
vn -1.00000000 0.00002104 0.00006011
vn -1.00000000 -0.00000020 0.00000090
vn -1.00000000 -0.00000020 0.00000090
vn -1.00000000 -0.00000020 0.00000090
vn -1.00000000 -0.00000020 0.00000090
vn -1.00000000 -0.00000020 0.00000090
vn -1.00000000 -0.00000020 0.00000090
vn -1.00000000 -0.00000020 0.00000090
vn -1.00000000 -0.00000020 0.00000090
vn -1.00000000 -0.00000020 0.00000090
vn -1.00000000 -0.00001491 0.00000222
vn -1.00000000 -0.00001491 0.00000222
vn 0.00000000 0.00000000 1.00000000
vn 0.00000000 -0.70710510 0.70710850
vn 0.00000000 -0.70710510 0.70710850
vn -1.00000000 -0.00001491 0.00000222
vn -1.00000000 -0.00000130 -0.00000428
vn -1.00000000 -0.00000130 -0.00000428
vn -1.00000000 -0.00000130 -0.00000428
vn -1.00000000 0.00000435 0.00000868
vn -1.00000000 0.00000435 0.00000868
vn 0.00000000 0.00000838 -1.00000000
vn 0.00000000 0.00000838 -1.00000000
vn -1.00000000 0.00000000 -0.00000045
vn -1.00000000 0.00000000 -0.00000045
vn 0.00000000 -1.00000000 -0.00000046
vn 0.00000000 -0.00000111 1.00000000
vn 0.00000000 0.92405780 0.38225290
vn 0.00000000 0.92405780 0.38225290
vn -1.00000000 0.00000026 0.00000200
vn -1.00000000 0.00000026 0.00000200
vn -1.00000000 0.00000026 0.00000200
vn -1.00000000 0.00000026 0.00000200
vn -1.00000000 0.00000026 0.00000200
vn -1.00000000 0.00000026 0.00000200
vn -1.00000000 0.00000026 0.00000200
vn -1.00000000 0.00000026 0.00000200
vn -1.00000000 0.00000026 0.00000200
vn -1.00000000 0.00000026 0.00000200
vn -1.00000000 0.00000026 0.00000200
vn -1.00000000 0.00000026 0.00000200
vn 0.00000000 -1.00000000 0.00000000
vn 0.00000000 -1.00000000 0.00000000
vn 0.00000000 0.00000000 -1.00000000
vn 0.00000000 -1.00000000 0.00000000
vn 0.00000000 -1.00000000 0.00000000
vn 0.00000000 -0.70710150 0.70711210
vn 0.00000000 0.00000000 1.00000000
vn 0.00000000 -1.00000000 0.00000000
vn 0.00000000 0.00000000 1.00000000
vn 0.00000000 -1.00000000 -0.00000129
vn 0.00000000 -1.00000000 0.00000134
vn 0.00000000 -1.00000000 0.00000134
vn 0.00000000 -0.83615270 -0.54849680
vn 0.00000000 -1.00000000 0.00000011
vn 0.00000000 -0.86691950 0.49844820
vn 0.00000000 -1.00000000 0.00000000
vn 0.00000000 -0.30610360 -0.95199830
vn 0.00000000 -1.00000000 0.00000000
vn 0.00000000 -1.00000000 0.00000294
vn 0.00000000 -1.00000000 0.00000294
vn 0.00000000 -0.61876960 0.78557250
vn 0.00000000 -1.00000000 0.00000000
vn 0.00000000 0.00000000 1.00000000
vn 0.00000000 -1.00000000 0.00000000
vn 0.00000000 0.00000000 -1.00000000
vn 0.00000000 -1.00000000 0.00000000
vn 0.00000000 -1.00000000 0.00000000
vn 0.00000000 -1.00000000 0.00000000
vn 0.00000000 -1.00000000 0.00000000
vn 0.99996610 -0.00824022 0.00000000
vn 0.99996610 -0.00824022 0.00000000
vn 0.40728500 0.91330120 0.00000000
vn 0.83362450 0.55233150 0.00000000
vn 0.83362450 0.55233150 0.00000000
vn 0.30732380 0.95160500 0.00000000
vn 0.83370870 0.55220460 0.00000000
vn 0.83362450 0.55233150 0.00000000
vn 0.04892232 0.99880270 0.00000000
vn 0.05459782 0.99850850 0.00000000
vn 0.83362450 0.55233150 0.00000000
vn 0.97069650 0.24030890 0.00000000
vn 0.54037810 0.84142240 0.00000000
vn 0.99996610 -0.00824022 0.00000000
vn 0.99999900 0.00140389 0.00000000
vn 0.03735480 0.99930210 0.00000000
vn 0.99997870 0.00653102 0.00000000
vn 0.99996610 -0.00824022 0.00000000
vn 0.97555830 -0.21974100 0.00000000
vn 0.99996610 -0.00824022 0.00000000
vn 0.99982220 0.01886054 0.00000000
vn 0.00000000 1.00000000 0.00000000
vn 0.87164070 -0.49014530 0.00000000
vn 0.99935470 0.03592122 0.00000000
vn 0.99917960 0.04049820 0.00000000
vn 0.82652560 -0.56289930 0.00000000
vn 0.07403806 0.99725540 0.00000000
vn 0.68811960 0.72559730 0.00000000
vn 0.83362450 0.55233150 0.00000000
vn 0.83362450 0.55233150 0.00000000
vn 0.17554350 0.98447170 0.00000000
vn 0.05459782 0.99850850 0.00000000
vn 0.07403806 0.99725540 0.00000000
vn 0.99996610 -0.00824022 0.00000000
vn 0.97555830 -0.21974100 0.00000000
vn 0.99996610 -0.00824022 0.00000000
vn 0.87164070 -0.49014530 0.00000000
vn 0.82652560 -0.56289930 0.00000000
vn 0.00000000 1.00000000 0.00000000
vn 0.03735480 0.99930210 0.00000000
vn 0.17554350 0.98447170 0.00000000
vn 0.54037810 0.84142240 0.00000000
vn 0.68811960 0.72559730 0.00000000
vn 0.83362450 0.55233150 0.00000000
vn 0.30732380 0.95160500 0.00000000
vn 0.83362450 0.55233150 0.00000000
vn 0.04892232 0.99880270 0.00000000
vn 0.40728500 0.91330120 0.00000000
vn 0.97069650 0.24030890 0.00000000
vn 0.83362450 0.55233150 0.00000000
vn 0.97069650 0.24030890 0.00000000
vn 0.83362450 0.55233150 0.00000000
vn 0.05459782 0.99850850 0.00000000
vn 0.04892232 0.99880270 0.00000000
vn 0.05459782 0.99850850 0.00000000
vn 0.03735480 0.99930210 0.00000000
vn 0.54037810 0.84142240 0.00000000
vn 0.40728500 0.91330120 0.00000000
vn 0.99982220 0.01886054 0.00000000
vn 0.99997870 0.00653102 0.00000000
vn 0.99996610 -0.00824022 0.00000000
vn 0.99996610 -0.00824022 0.00000000
vn 0.99999900 0.00140389 0.00000000
vn 0.99996610 -0.00824022 0.00000000
vn 0.97555830 -0.21974100 0.00000000
vn 0.87164070 -0.49014530 0.00000000
vn 0.82652560 -0.56289930 0.00000000
vn 0.00000000 1.00000000 0.00000000
vn 0.30732380 0.95160500 0.00000000
vn 0.30732380 0.95160500 0.00000000
vn 0.68811960 0.72559730 0.00000000
vn 0.68811960 0.72559730 0.00000000
vn 0.17554350 0.98447170 0.00000000
vn 0.17554350 0.98447170 0.00000000
vn 0.07403806 0.99725540 0.00000000
vn 0.07403806 0.99725540 0.00000000
vn 0.99935470 0.03592122 0.00000000
vn 0.99935470 0.03592122 0.00000000
vn 0.83362450 0.55233150 0.00000000
vn 0.83362450 0.55233150 0.00000000
vn 0.99917960 0.04049820 0.00000000
vn 0.99917960 0.04049820 0.00000000
vn 0.04892232 0.99880270 0.00000000
vn 0.03735480 0.99930210 0.00000000
vn 0.54037810 0.84142240 0.00000000
vn 0.40728500 0.91330120 0.00000000
vn 0.99997870 0.00653102 0.00000000
vn 0.99982220 0.01886054 0.00000000
vn 0.99999900 0.00140389 0.00000000
vn 0.99999830 -0.00186168 0.00000000
vn 0.99996610 -0.00824022 0.00000000
vn 0.00000000 1.00000000 0.00000000
vn 0.83362450 0.55233150 0.00000000
vn 0.83362450 0.55233150 0.00000000
vn 0.99935470 0.03592122 0.00000000
vn 0.99935470 0.03592122 0.00000000
vn 0.83362450 0.55233150 0.00000000
vn 0.99999900 0.00140389 0.00000000
vn 0.99997870 0.00653102 0.00000000
vn 0.99917960 0.04049820 0.00000000
vn 0.99917960 0.04049820 0.00000000
vn 0.97069650 0.24030890 0.00000000
vn 0.97069650 0.24030890 0.00000000
vn 0.99982220 0.01886054 0.00000000
vn 0.99935470 0.03592122 0.00000000
vn 0.99935470 0.03592122 0.00000000
vn 0.83362450 0.55233150 0.00000000
vn 0.83362450 0.55233150 0.00000000
vn 0.99935470 0.03592122 0.00000000
vn 0.99935470 0.03592122 0.00000000
vn 0.99917960 0.04049820 0.00000000
vn 0.99917960 0.04049820 0.00000000
vn 0.99999830 -0.00186168 0.00000000
vn 0.83354040 0.55245850 0.00000000
vn 0.99935470 0.03592122 0.00000000
vn 0.99996610 -0.00824022 0.00000000
vn 0.99996610 -0.00824022 0.00000000
vn 0.99917960 0.04049820 0.00000000
vn 0.99917960 0.04049820 0.00000000
vn 0.99999830 -0.00186168 0.00000000
vn 0.99996610 -0.00824022 0.00000000
vn 1.00000000 0.00000000 0.00000000
vn 0.99999900 0.00140389 0.00000000
vn 0.07403806 0.99725540 0.00000000
vn 0.05459782 0.99850850 0.00000000
vn 0.07403806 0.99725540 0.00000000
vn 0.05459782 0.99850850 0.00000000
vn 0.04892232 0.99880270 0.00000000
vn 0.03735480 0.99930210 0.00000000
vn 0.04892232 0.99880270 0.00000000
vn 0.03735480 0.99930210 0.00000000
vn 0.99982220 0.01886054 0.00000000
vn 0.99935470 0.03592122 0.00000000
vn 0.54037810 0.84142240 0.00000000
vn 0.54037810 0.84142240 0.00000000
vn 0.40728500 0.91330120 0.00000000
vn 0.40728500 0.91330120 0.00000000
vn 0.99917960 0.04049820 0.00000000
vn 0.30732380 0.95160500 0.00000000
vn 0.30732380 0.95160500 0.00000000
vn 0.17554350 0.98447170 0.00000000
vn 0.17554350 0.98447170 0.00000000
vn 0.83362450 0.55233150 0.00000000
vn 0.68811960 0.72559730 0.00000000
vn 0.83362450 0.55233150 0.00000000
vn 0.68811960 0.72559730 0.00000000
vn 0.97069650 0.24030890 0.00000000
vn 0.83362450 0.55233150 0.00000000
vn 0.99997870 0.00653102 0.00000000
vn 0.00000000 1.00000000 0.00000000
vn 0.00000000 1.00000000 0.00000000
vn 0.54037810 0.84142240 0.00000000
vn 0.54037810 0.84142240 0.00000000
vn 0.87164070 -0.49014530 0.00000000
vn 0.82652560 -0.56289930 0.00000000
vn 0.87164070 -0.49014530 0.00000000
vn 0.82652560 -0.56289930 0.00000000
vn 0.97555830 -0.21974100 0.00000000
vn 0.97555830 -0.21974100 0.00000000
vn 0.99996610 -0.00824022 0.00000000
vn 0.99996610 -0.00824022 0.00000000
vn 0.00000000 -0.97979120 -0.20002340
vn 0.00000000 -0.97979120 0.20002340
vn 0.00000000 -0.69002850 -0.72378220
vn 0.00000000 -0.86748340 -0.49746620
vn 1.00000000 0.00000000 0.00000000
vn 1.00000000 0.00000000 0.00000000
vn 1.00000000 0.00000000 0.00000000
vn 1.00000000 0.00000000 0.00000000
vn 0.00000000 0.00000000 1.00000000
vn 0.00000000 0.00000000 1.00000000
vn 0.00000000 0.00000000 1.00000000
vn 0.00000000 0.00000000 -1.00000000
vn 0.00000000 0.00000000 -1.00000000
vn 0.00000000 0.00000000 -1.00000000
vn 0.00000000 0.00000000 -1.00000000
vn 0.00000000 -0.47774840 -0.87849680
vn 0.00000000 -0.86748340 0.49746620
vn 0.00000000 -0.69002850 0.72378220
vn 0.00000000 -0.47774840 0.87849680
vn 0.00000000 -1.00000000 0.00000000
vn 0.00000000 -1.00000000 0.00000000
vn 0.00000000 -1.00000000 0.00000000
vn 1.00000000 0.00000000 0.00000000
vn 0.99999900 0.00140389 0.00000000
vn 0.99997870 0.00653102 0.00000000
vn 0.99982220 0.01886054 0.00000000
vn 0.99962350 0.02743670 0.00000000
vn 0.00000000 0.00000000 -1.00000000
vn 0.00000000 0.00000000 -1.00000000
vn 0.00000000 0.00000000 -1.00000000
vn 0.00000000 0.00000000 -1.00000000
vn 0.00000000 0.00000000 -1.00000000
vn 0.00000000 0.00000000 -1.00000000
vn 0.00000000 0.00000000 -1.00000000
vn 0.00000000 0.00000000 -1.00000000
vn 0.00000000 0.00000000 -1.00000000
vn 0.00000000 0.00000000 -1.00000000
vn 0.00000000 0.00000000 -1.00000000
vn 0.00000000 1.00000000 0.00000000
vn 0.00000000 1.00000000 0.00000000
vn 0.00000000 1.00000000 0.00000000
vn 0.00000000 -1.00000000 0.00000000
vn 0.00000000 -1.00000000 0.00000000
vn 0.00000000 -1.00000000 0.00000000
vn -0.00001660 -0.00003156 -1.00000000
vn -0.00001660 -0.00003156 -1.00000000
vn -0.00001660 -0.00003156 -1.00000000
vn -0.00001660 -0.00003156 -1.00000000
vn -0.00001660 -0.00003156 -1.00000000
vn -0.00001660 -0.00003156 -1.00000000
vn -0.00001660 -0.00003156 -1.00000000
vn -0.00001660 -0.00003156 -1.00000000
vn -0.00001660 -0.00003156 -1.00000000
vn -0.00001660 -0.00003156 -1.00000000
vn -0.00001660 -0.00003156 -1.00000000
vn -0.00001660 -0.00003156 -1.00000000
vn -0.00001660 -0.00003156 -1.00000000
vn -0.00001660 -0.00003156 -1.00000000
vn -0.00001660 -0.00003156 -1.00000000
vn -0.00001660 -0.00003156 -1.00000000
vn -0.00001660 -0.00003156 -1.00000000
vn -0.00001660 -0.00003156 -1.00000000
vn -0.00001660 -0.00003156 -1.00000000
vn -0.00001660 -0.00003156 -1.00000000
vn -0.00001660 -0.00003156 -1.00000000
vn -0.00001660 -0.00003156 -1.00000000
vn -0.99995900 -0.00906418 0.00000000
vn -0.99995900 -0.00906418 0.00000000
vn -0.99995900 -0.00906418 0.00000000
vn -0.99995900 -0.00906418 0.00000000
vn -0.99995900 -0.00906418 0.00000000
vn 0.99996610 -0.00824022 0.00000000
vn 0.99996610 -0.00824022 0.00000000
vn 0.40728500 0.91330120 0.00000000
vn 0.83362450 0.55233150 0.00000000
vn 0.83362450 0.55233150 0.00000000
vn 0.30732380 0.95160500 0.00000000
vn 0.83362450 0.55233150 0.00000000
vn 0.83362450 0.55233150 0.00000000
vn 0.04892232 0.99880270 0.00000000
vn 0.05459782 0.99850850 0.00000000
vn 0.83362450 0.55233150 0.00000000
vn 0.97069650 0.24030890 0.00000000
vn 0.54037810 0.84142240 0.00000000
vn 0.99999900 0.00140389 0.00000000
vn 0.99996610 -0.00824022 0.00000000
vn 0.03735480 0.99930210 0.00000000
vn 0.99997870 0.00653102 0.00000000
vn 0.99996610 -0.00824022 0.00000000
vn 0.99996610 -0.00824022 0.00000000
vn 0.97555830 -0.21974100 0.00000000
vn 0.99982220 0.01886054 0.00000000
vn 0.00000000 1.00000000 0.00000000
vn 0.87164070 -0.49014530 0.00000000
vn 0.99935470 0.03592122 0.00000000
vn 0.99917960 0.04049820 0.00000000
vn 0.82652560 -0.56289930 0.00000000
vn 0.07403806 0.99725540 0.00000000
vn 0.68811960 0.72559730 0.00000000
vn 0.83362450 0.55233150 0.00000000
vn 0.83362450 0.55233150 0.00000000
vn 0.17554350 0.98447170 0.00000000
vn 0.99999900 0.00140389 0.00000000
vn 0.99996610 -0.00824022 0.00000000
vn 0.05459782 0.99850850 0.00000000
vn 0.07403806 0.99725540 0.00000000
vn 0.99996610 -0.00824022 0.00000000
vn 0.99996610 -0.00824022 0.00000000
vn 0.97555830 -0.21974100 0.00000000
vn 0.87164070 -0.49014530 0.00000000
vn 0.99935470 0.03592122 0.00000000
vn 0.99917960 0.04049820 0.00000000
vn 0.99997870 0.00653102 0.00000000
vn 0.82652560 -0.56289930 0.00000000
vn 0.00000000 1.00000000 0.00000000
vn 0.03735480 0.99930210 0.00000000
vn 0.17554350 0.98447170 0.00000000
vn 0.54037810 0.84142240 0.00000000
vn 0.68811960 0.72559730 0.00000000
vn 0.83362450 0.55233150 0.00000000
vn 0.99982220 0.01886054 0.00000000
vn 0.97069650 0.24030890 0.00000000
vn 0.30732380 0.95160500 0.00000000
vn 0.83362450 0.55233150 0.00000000
vn 0.83362450 0.55233150 0.00000000
vn 0.04892232 0.99880270 0.00000000
vn 0.40728500 0.91330120 0.00000000
vn 0.83362450 0.55233150 0.00000000
vn 0.97069650 0.24030890 0.00000000
vn 0.83362450 0.55233150 0.00000000
vn 0.97069650 0.24030890 0.00000000
vn 0.05459782 0.99850850 0.00000000
vn 0.04892232 0.99880270 0.00000000
vn 0.05459782 0.99850850 0.00000000
vn 0.03735480 0.99930210 0.00000000
vn 0.54037810 0.84142240 0.00000000
vn 0.40728500 0.91330120 0.00000000
vn 0.99982220 0.01886054 0.00000000
vn 0.99997870 0.00653102 0.00000000
vn 0.99996610 -0.00824022 0.00000000
vn 0.99999900 0.00140389 0.00000000
vn 0.99996610 -0.00824022 0.00000000
vn 0.99996610 -0.00824022 0.00000000
vn 0.97555830 -0.21974100 0.00000000
vn 0.87164070 -0.49014530 0.00000000
vn 0.82652560 -0.56289930 0.00000000
vn 0.00000000 1.00000000 0.00000000
vn 0.30732380 0.95160500 0.00000000
vn 0.30732380 0.95160500 0.00000000
vn 0.68811960 0.72559730 0.00000000
vn 0.68811960 0.72559730 0.00000000
vn 0.07403806 0.99725540 0.00000000
vn 0.17554350 0.98447170 0.00000000
vn 0.17554350 0.98447170 0.00000000
vn 0.07403806 0.99725540 0.00000000
vn 0.99935470 0.03592122 0.00000000
vn 0.99935470 0.03592122 0.00000000
vn 0.83362450 0.55233150 0.00000000
vn 0.83362450 0.55233150 0.00000000
vn 0.99917960 0.04049820 0.00000000
vn 0.99917960 0.04049820 0.00000000
vn 0.04892232 0.99880270 0.00000000
vn 0.03735480 0.99930210 0.00000000
vn 0.54037810 0.84142240 0.00000000
vn 0.40728500 0.91330120 0.00000000
vn 0.99982220 0.01886054 0.00000000
vn 0.99997870 0.00653102 0.00000000
vn 0.99999830 -0.00186168 0.00000000
vn 0.99999900 0.00140389 0.00000000
vn 0.99996610 -0.00824022 0.00000000
vn 0.00000000 1.00000000 0.00000000
vn 0.83362450 0.55233150 0.00000000
vn 0.83362450 0.55233150 0.00000000
vn 0.99935470 0.03592122 0.00000000
vn 0.99935470 0.03592122 0.00000000
vn 0.83362450 0.55233150 0.00000000
vn 0.99917960 0.04049820 0.00000000
vn 0.97069650 0.24030890 0.00000000
vn 0.97069650 0.24030890 0.00000000
vn 0.99917960 0.04049820 0.00000000
vn 0.99935470 0.03592122 0.00000000
vn 0.83362450 0.55233150 0.00000000
vn 0.83362450 0.55233150 0.00000000
vn 0.99917960 0.04049820 0.00000000
vn 0.99935470 0.03592122 0.00000000
vn 0.99935470 0.03592122 0.00000000
vn 0.99917960 0.04049820 0.00000000
vn 0.83354040 0.55245850 0.00000000
vn 0.99935470 0.03592122 0.00000000
vn 0.99996610 -0.00824022 0.00000000
vn 0.99996610 -0.00824022 0.00000000
vn 0.99917960 0.04049820 0.00000000
vn 0.99917960 0.04049820 0.00000000
vn 0.99996610 -0.00824022 0.00000000
vn 0.99999830 -0.00186168 0.00000000
vn 1.00000000 0.00000000 0.00000000
vn 0.99999900 0.00140389 0.00000000
vn 0.05459782 0.99850850 0.00000000
vn 0.07403806 0.99725540 0.00000000
vn 0.05459782 0.99850850 0.00000000
vn 0.07403806 0.99725540 0.00000000
vn 0.03735480 0.99930210 0.00000000
vn 0.04892232 0.99880270 0.00000000
vn 0.03735480 0.99930210 0.00000000
vn 0.04892232 0.99880270 0.00000000
vn 0.99935470 0.03592122 0.00000000
vn 0.99982220 0.01886054 0.00000000
vn 0.40728500 0.91330120 0.00000000
vn 0.54037810 0.84142240 0.00000000
vn 0.54037810 0.84142240 0.00000000
vn 0.40728500 0.91330120 0.00000000
vn 0.99917960 0.04049820 0.00000000
vn 0.30732380 0.95160500 0.00000000
vn 0.30732380 0.95160500 0.00000000
vn 0.17554350 0.98447170 0.00000000
vn 0.17554350 0.98447170 0.00000000
vn 0.68811960 0.72559730 0.00000000
vn 0.83362450 0.55233150 0.00000000
vn 0.68811960 0.72559730 0.00000000
vn 0.83362450 0.55233150 0.00000000
vn 0.97069650 0.24030890 0.00000000
vn 0.83362450 0.55233150 0.00000000
vn 0.99997870 0.00653102 0.00000000
vn 0.00000000 1.00000000 0.00000000
vn 0.00000000 1.00000000 0.00000000
vn 0.54037810 0.84142240 0.00000000
vn 0.54037810 0.84142240 0.00000000
vn 0.87164070 -0.49014530 0.00000000
vn 0.82652560 -0.56289930 0.00000000
vn 0.82652560 -0.56289930 0.00000000
vn 0.87164070 -0.49014530 0.00000000
vn 0.97555830 -0.21974100 0.00000000
vn 0.97555830 -0.21974100 0.00000000
vn 0.99996610 -0.00824022 0.00000000
vn 0.99996610 -0.00824022 0.00000000
vn 0.00000000 -0.97979120 -0.20002340
vn 0.00000000 -0.97979120 0.20002340
vn 0.00000000 -0.69002850 0.72378220
vn 0.00000000 -0.86748340 0.49746620
vn 1.00000000 0.00000000 0.00000000
vn 1.00000000 0.00000000 0.00000000
vn 1.00000000 0.00000000 0.00000000
vn 1.00000000 0.00000000 0.00000000
vn 0.00000000 0.00000000 -1.00000000
vn 0.00000000 0.00000000 -1.00000000
vn 0.00000000 0.00000000 -1.00000000
vn 0.00000000 0.00000000 1.00000000
vn 0.00000000 0.00000000 1.00000000
vn 0.00000000 0.00000000 1.00000000
vn 0.00000000 0.00000000 1.00000000
vn 0.00000000 -0.81201220 0.58364050
vn 0.00000000 -0.86748340 -0.49746620
vn 0.00000000 -0.69002850 -0.72378220
vn 0.00000000 -0.47774840 -0.87849680
vn 0.00000000 -1.00000000 0.00000000
vn 0.00000000 -1.00000000 0.00000000
vn 0.00000000 -1.00000000 0.00000000
vn 1.00000000 0.00000000 0.00000000
vn 0.99999900 0.00140389 0.00000000
vn 0.99997870 0.00653102 0.00000000
vn 0.99982220 0.01886054 0.00000000
vn 0.99962350 0.02743670 0.00000000
vn 0.00000000 0.00000000 1.00000000
vn 0.00000000 0.00000000 1.00000000
vn 0.00000000 0.00000000 1.00000000
vn 0.00000000 0.00000000 1.00000000
vn 0.00000000 0.00000000 1.00000000
vn 0.00000000 0.00000000 1.00000000
vn 0.00000000 0.00000000 1.00000000
vn 0.00000000 0.00000000 1.00000000
vn 0.00000000 0.00000000 1.00000000
vn 0.00000000 0.00000000 1.00000000
vn 0.00000000 0.00000000 1.00000000
vn 0.00000000 1.00000000 0.00000000
vn 0.00000000 1.00000000 0.00000000
vn 0.00000000 1.00000000 0.00000000
vn 0.00000000 -1.00000000 0.00000000
vn 0.00000000 -1.00000000 0.00000000
vn 0.00000000 -1.00000000 0.00000000
vn -0.00001660 -0.00003111 1.00000000
vn -0.00001660 -0.00003111 1.00000000
vn -0.00001660 -0.00003111 1.00000000
vn -0.00001660 -0.00003111 1.00000000
vn -0.00001660 -0.00003111 1.00000000
vn -0.00001660 -0.00003111 1.00000000
vn -0.00001660 -0.00003111 1.00000000
vn -0.00001660 -0.00003111 1.00000000
vn -0.00001660 -0.00003111 1.00000000
vn -0.00001660 -0.00003111 1.00000000
vn -0.00001660 -0.00003111 1.00000000
vn -0.00001660 -0.00003111 1.00000000
vn -0.00001660 -0.00003111 1.00000000
vn -0.00001660 -0.00003111 1.00000000
vn -0.00001660 -0.00003111 1.00000000
vn -0.00001660 -0.00003111 1.00000000
vn -0.00001660 -0.00003111 1.00000000
vn -0.00001660 -0.00003111 1.00000000
vn -0.00001660 -0.00003111 1.00000000
vn -0.00001660 -0.00003111 1.00000000
vn -0.00001660 -0.00003111 1.00000000
vn -0.00001660 -0.00003111 1.00000000
vn -0.99995900 -0.00906418 0.00000000
vn -0.99995900 -0.00906418 0.00000000
vn -0.99995900 -0.00906418 0.00000000
vn -0.99995900 -0.00906418 0.00000000
vn -0.99995900 -0.00906418 0.00000000
vn 0.00000000 1.00000000 0.00000000
vn 0.03735480 0.99930210 0.00000000
vn 0.99996610 -0.00824022 0.00000000
vn 0.97555830 -0.21974100 0.00000000
vn 0.99996610 -0.00824022 0.00000000
vn 0.99999900 0.00140389 0.00000000
vn 0.99999900 0.00140389 0.00000000
vn 0.99996610 -0.00824022 0.00000000
vn 0.40728500 0.91330120 0.00000000
vn 0.54037810 0.84142240 0.00000000
vn 0.07403806 0.99725540 0.00000000
vn 0.17554350 0.98447170 0.00000000
vn 0.05459782 0.99850850 0.00000000
vn 0.87164070 -0.49014530 0.00000000
vn 0.99982220 0.01886054 0.00000000
vn 0.99997870 0.00653102 0.00000000
vn 0.99997870 0.00653102 0.00000000
vn 0.99982220 0.01886054 0.00000000
vn 0.82652560 -0.56289930 0.00000000
vn 0.68811960 0.72559730 0.00000000
vn 0.83362450 0.55233150 0.00000000
vn 0.99917960 0.04049820 0.00000000
vn 0.99935470 0.03592122 0.00000000
vn 0.99935470 0.03592122 0.00000000
vn 0.99917960 0.04049820 0.00000000
vn 0.97069650 0.24030890 0.00000000
vn 0.97070360 0.24028010 0.00000000
vn 0.30732380 0.95160500 0.00000000
vn 0.04892232 0.99880270 0.00000000
vn 0.83362450 0.55233150 0.00000000
vn 0.83370870 0.55220460 0.00000000
vn -0.99996610 -0.00824022 0.00000000
vn -0.99996610 -0.00824022 0.00000000
vn -0.40728500 0.91330120 0.00000000
vn -0.83362450 0.55233150 0.00000000
vn -0.83362450 0.55233150 0.00000000
vn -0.30732380 0.95160500 0.00000000
vn -0.83370870 0.55220460 0.00000000
vn -0.83362450 0.55233150 0.00000000
vn -0.05459782 0.99850850 0.00000000
vn -0.04892232 0.99880270 0.00000000
vn -0.97069650 0.24030890 0.00000000
vn -0.83362450 0.55233150 0.00000000
vn -0.54037810 0.84142240 0.00000000
vn -0.99996610 -0.00824022 0.00000000
vn -0.99999900 0.00140389 0.00000000
vn -0.03735480 0.99930210 0.00000000
vn -0.99997870 0.00653102 0.00000000
vn -0.97555830 -0.21974100 0.00000000
vn -0.99996610 -0.00824022 0.00000000
vn -0.99996610 -0.00824022 0.00000000
vn -0.99982220 0.01886054 0.00000000
vn -0.87164070 -0.49014530 0.00000000
vn -0.99935470 0.03592122 0.00000000
vn -0.99917960 0.04049820 0.00000000
vn -0.82652560 -0.56289930 0.00000000
vn -0.07403806 0.99725540 0.00000000
vn -0.68811960 0.72559730 0.00000000
vn -0.83362450 0.55233150 0.00000000
vn -0.83362450 0.55233150 0.00000000
vn -0.17554350 0.98447170 0.00000000
vn -0.07403806 0.99725540 0.00000000
vn -0.05459782 0.99850850 0.00000000
vn -0.97555830 -0.21974100 0.00000000
vn -0.99996610 -0.00824022 0.00000000
vn -0.99996610 -0.00824022 0.00000000
vn -0.87164070 -0.49014530 0.00000000
vn -0.82652560 -0.56289930 0.00000000
vn -0.03735480 0.99930210 0.00000000
vn -0.17554350 0.98447170 0.00000000
vn -0.68811960 0.72559730 0.00000000
vn -0.54037810 0.84142240 0.00000000
vn -0.83362450 0.55233150 0.00000000
vn -0.30732380 0.95160500 0.00000000
vn -0.83362450 0.55233150 0.00000000
vn -0.04892232 0.99880270 0.00000000
vn -0.40728500 0.91330120 0.00000000
vn -0.97069650 0.24030890 0.00000000
vn -0.83362450 0.55233150 0.00000000
vn -0.97069650 0.24030890 0.00000000
vn -0.83362450 0.55233150 0.00000000
vn -0.05459782 0.99850850 0.00000000
vn -0.04892232 0.99880270 0.00000000
vn -0.05459782 0.99850850 0.00000000
vn -0.03735480 0.99930210 0.00000000
vn -0.54037810 0.84142240 0.00000000
vn -0.40728500 0.91330120 0.00000000
vn -0.99997870 0.00653102 0.00000000
vn -0.99982220 0.01886054 0.00000000
vn -0.99996610 -0.00824022 0.00000000
vn -0.99999900 0.00140389 0.00000000
vn -0.99996610 -0.00824022 0.00000000
vn -0.97555830 -0.21974100 0.00000000
vn -0.99996610 -0.00824022 0.00000000
vn -0.87164070 -0.49014530 0.00000000
vn -0.82652560 -0.56289930 0.00000000
vn -0.30732380 0.95160500 0.00000000
vn -0.30732380 0.95160500 0.00000000
vn -0.68811960 0.72559730 0.00000000
vn -0.68811960 0.72559730 0.00000000
vn -0.17554350 0.98447170 0.00000000
vn -0.07403806 0.99725540 0.00000000
vn -0.07403806 0.99725540 0.00000000
vn -0.17554350 0.98447170 0.00000000
vn -0.99935470 0.03592122 0.00000000
vn -0.99935470 0.03592122 0.00000000
vn -0.83362450 0.55233150 0.00000000
vn -0.83362450 0.55233150 0.00000000
vn -0.99917960 0.04049820 0.00000000
vn -0.99917960 0.04049820 0.00000000
vn -0.04892232 0.99880270 0.00000000
vn -0.03735480 0.99930210 0.00000000
vn -0.54037810 0.84142240 0.00000000
vn -0.40728500 0.91330120 0.00000000
vn -0.99997870 0.00653102 0.00000000
vn -0.99982220 0.01886054 0.00000000
vn -0.99999900 0.00140389 0.00000000
vn -0.99999830 -0.00186168 0.00000000
vn -0.99996610 -0.00824022 0.00000000
vn -0.83362450 0.55233150 0.00000000
vn -0.83362450 0.55233150 0.00000000
vn -0.99935470 0.03592122 0.00000000
vn -0.99935470 0.03592122 0.00000000
vn -0.83362450 0.55233150 0.00000000
vn -0.99999900 0.00140389 0.00000000
vn -0.99997870 0.00653102 0.00000000
vn -0.99917960 0.04049820 0.00000000
vn -0.97069650 0.24030890 0.00000000
vn -0.99917960 0.04049820 0.00000000
vn -0.97069650 0.24030890 0.00000000
vn -0.99982220 0.01886054 0.00000000
vn -0.99935470 0.03592122 0.00000000
vn -0.99935470 0.03592122 0.00000000
vn -0.83362450 0.55233150 0.00000000
vn -0.83362450 0.55233150 0.00000000
vn -0.99935470 0.03592122 0.00000000
vn -0.99917960 0.04049820 0.00000000
vn -0.99917960 0.04049820 0.00000000
vn -0.99935470 0.03592122 0.00000000
vn -0.99999830 -0.00186168 0.00000000
vn -0.83354040 0.55245850 0.00000000
vn -0.99935470 0.03592122 0.00000000
vn -0.99996610 -0.00824022 0.00000000
vn -0.99996610 -0.00824022 0.00000000
vn -0.99917960 0.04049820 0.00000000
vn -0.99917960 0.04049820 0.00000000
vn -0.99996610 -0.00824022 0.00000000
vn -0.99999830 -0.00186168 0.00000000
vn -1.00000000 0.00000000 0.00000000
vn -0.99999900 0.00140389 0.00000000
vn -0.07403806 0.99725540 0.00000000
vn -0.05459782 0.99850850 0.00000000
vn -0.07403806 0.99725540 0.00000000
vn -0.05459782 0.99850850 0.00000000
vn -0.04892232 0.99880270 0.00000000
vn -0.03735480 0.99930210 0.00000000
vn -0.04892232 0.99880270 0.00000000
vn -0.03735480 0.99930210 0.00000000
vn -0.99982220 0.01886054 0.00000000
vn -0.99935470 0.03592122 0.00000000
vn -0.54037810 0.84142240 0.00000000
vn -0.40728500 0.91330120 0.00000000
vn -0.40728500 0.91330120 0.00000000
vn -0.54037810 0.84142240 0.00000000
vn -0.99917960 0.04049820 0.00000000
vn -0.30732380 0.95160500 0.00000000
vn -0.30732380 0.95160500 0.00000000
vn -0.17554350 0.98447170 0.00000000
vn -0.17554350 0.98447170 0.00000000
vn -0.83362450 0.55233150 0.00000000
vn -0.68811960 0.72559730 0.00000000
vn -0.83362450 0.55233150 0.00000000
vn -0.68811960 0.72559730 0.00000000
vn -0.97069650 0.24030890 0.00000000
vn -0.83362450 0.55233150 0.00000000
vn -0.99997870 0.00653102 0.00000000
vn -0.54037810 0.84142240 0.00000000
vn -0.54037810 0.84142240 0.00000000
vn -0.87164070 -0.49014530 0.00000000
vn -0.82652560 -0.56289930 0.00000000
vn -0.87164070 -0.49014530 0.00000000
vn -0.82652560 -0.56289930 0.00000000
vn -0.97555830 -0.21974100 0.00000000
vn -0.97555830 -0.21974100 0.00000000
vn -0.99996610 -0.00824022 0.00000000
vn -0.99996610 -0.00824022 0.00000000
vn 0.00000000 -0.97979120 -0.20002340
vn 0.00000000 -0.97979120 0.20002340
vn 0.00000000 -0.69002850 -0.72378220
vn 0.00000000 -0.86748340 -0.49746620
vn -1.00000000 0.00000000 0.00000000
vn -1.00000000 0.00000000 0.00000000
vn -1.00000000 0.00000000 0.00000000
vn -1.00000000 0.00000000 0.00000000
vn 0.00000000 0.00000000 1.00000000
vn 0.00000000 0.00000000 -1.00000000
vn 0.00000000 0.00000000 -1.00000000
vn 0.00000000 -0.47774840 -0.87849680
vn 0.00000000 -0.86748340 0.49746620
vn 0.00000000 -0.69002850 0.72378220
vn 0.00000000 -0.47774840 0.87849680
vn 0.00000000 -1.00000000 0.00000000
vn 0.00000000 -1.00000000 0.00000000
vn -1.00000000 0.00000000 0.00000000
vn -0.99999900 0.00140389 0.00000000
vn -0.99997870 0.00653102 0.00000000
vn -0.99982220 0.01886054 0.00000000
vn -0.99962350 0.02743670 0.00000000
vn 0.00000000 0.00000000 -1.00000000
vn 0.00000000 0.00000000 -1.00000000
vn 0.00000000 0.00000000 -1.00000000
vn 0.00000000 0.00000000 -1.00000000
vn 0.00000000 0.00000000 -1.00000000
vn 0.00000000 0.00000000 -1.00000000
vn 0.00000000 0.00000000 -1.00000000
vn 0.00000000 0.00000000 -1.00000000
vn 0.00000000 0.00000000 -1.00000000
vn 0.00000000 0.00000000 -1.00000000
vn 0.00000000 0.00000000 -1.00000000
vn 0.00000000 1.00000000 0.00000000
vn 0.00000000 1.00000000 0.00000000
vn 0.00000000 1.00000000 0.00000000
vn 0.00000000 -1.00000000 0.00000000
vn 0.00000000 -1.00000000 0.00000000
vn 0.00000000 -1.00000000 0.00000000
vn 0.00001660 -0.00003133 -1.00000000
vn 0.00001660 -0.00003133 -1.00000000
vn 0.00001660 -0.00003133 -1.00000000
vn 0.00001660 -0.00003133 -1.00000000
vn 0.00001660 -0.00003133 -1.00000000
vn 0.00001660 -0.00003133 -1.00000000
vn 0.00001660 -0.00003133 -1.00000000
vn 0.00001660 -0.00003133 -1.00000000
vn 0.00001660 -0.00003133 -1.00000000
vn 0.00001660 -0.00003133 -1.00000000
vn 0.00001660 -0.00003133 -1.00000000
vn 0.00001660 -0.00003133 -1.00000000
vn 0.00001660 -0.00003133 -1.00000000
vn 0.00001660 -0.00003133 -1.00000000
vn 0.00001660 -0.00003133 -1.00000000
vn 0.00001660 -0.00003133 -1.00000000
vn 0.00001660 -0.00003133 -1.00000000
vn 0.00001660 -0.00003133 -1.00000000
vn 0.00001660 -0.00003133 -1.00000000
vn 0.00001660 -0.00003133 -1.00000000
vn 0.99995900 -0.00906418 0.00000000
vn 0.99995900 -0.00906418 0.00000000
vn 0.99995900 -0.00906418 0.00000000
vn 0.99995900 -0.00906418 0.00000000
vn 0.99995900 -0.00906418 0.00000000
vn -0.99996610 -0.00824022 0.00000000
vn -0.99996610 -0.00824022 0.00000000
vn -0.40728500 0.91330120 0.00000000
vn -0.83362450 0.55233150 0.00000000
vn -0.83362450 0.55233150 0.00000000
vn -0.30732380 0.95160500 0.00000000
vn -0.83362450 0.55233150 0.00000000
vn -0.83362450 0.55233150 0.00000000
vn -0.04892232 0.99880270 0.00000000
vn -0.05459782 0.99850850 0.00000000
vn -0.83362450 0.55233150 0.00000000
vn -0.97069650 0.24030890 0.00000000
vn -0.54037810 0.84142240 0.00000000
vn -0.99999900 0.00140389 0.00000000
vn -0.99996610 -0.00824022 0.00000000
vn -0.03735480 0.99930210 0.00000000
vn -0.99997870 0.00653102 0.00000000
vn -0.99996610 -0.00824022 0.00000000
vn -0.99996610 -0.00824022 0.00000000
vn -0.97555830 -0.21974100 0.00000000
vn -0.99982220 0.01886054 0.00000000
vn -0.87164070 -0.49014530 0.00000000
vn -0.99917960 0.04049820 0.00000000
vn -0.99935470 0.03592122 0.00000000
vn -0.82652560 -0.56289930 0.00000000
vn -0.07403806 0.99725540 0.00000000
vn -0.68811960 0.72559730 0.00000000
vn -0.83362450 0.55233150 0.00000000
vn -0.83362450 0.55233150 0.00000000
vn -0.17554350 0.98447170 0.00000000
vn -0.99999900 0.00140389 0.00000000
vn -0.99996610 -0.00824022 0.00000000
vn -0.05459782 0.99850850 0.00000000
vn -0.07403806 0.99725540 0.00000000
vn -0.99996610 -0.00824022 0.00000000
vn -0.99996610 -0.00824022 0.00000000
vn -0.97555830 -0.21974100 0.00000000
vn -0.87164070 -0.49014530 0.00000000
vn -0.99917960 0.04049820 0.00000000
vn -0.99935470 0.03592122 0.00000000
vn -0.99997870 0.00653102 0.00000000
vn -0.82652560 -0.56289930 0.00000000
vn -0.03735480 0.99930210 0.00000000
vn -0.17554350 0.98447170 0.00000000
vn -0.54037810 0.84142240 0.00000000
vn -0.68811960 0.72559730 0.00000000
vn -0.83362450 0.55233150 0.00000000
vn -0.99982220 0.01886054 0.00000000
vn -0.97069650 0.24030890 0.00000000
vn -0.30732380 0.95160500 0.00000000
vn -0.83362450 0.55233150 0.00000000
vn -0.83362450 0.55233150 0.00000000
vn -0.04892232 0.99880270 0.00000000
vn -0.40728500 0.91330120 0.00000000
vn -0.97069650 0.24030890 0.00000000
vn -0.83362450 0.55233150 0.00000000
vn -0.83362450 0.55233150 0.00000000
vn -0.97069650 0.24030890 0.00000000
vn -0.05459782 0.99850850 0.00000000
vn -0.04892232 0.99880270 0.00000000
vn -0.05459782 0.99850850 0.00000000
vn -0.03735480 0.99930210 0.00000000
vn -0.40728500 0.91330120 0.00000000
vn -0.54037810 0.84142240 0.00000000
vn -0.99982220 0.01886054 0.00000000
vn -0.99997870 0.00653102 0.00000000
vn -0.99996610 -0.00824022 0.00000000
vn -0.99999900 0.00140389 0.00000000
vn -0.99996610 -0.00824022 0.00000000
vn -0.99996610 -0.00824022 0.00000000
vn -0.97555830 -0.21974100 0.00000000
vn -0.87164070 -0.49014530 0.00000000
vn -0.82652560 -0.56289930 0.00000000
vn -0.30732380 0.95160500 0.00000000
vn -0.30732380 0.95160500 0.00000000
vn -0.68811960 0.72559730 0.00000000
vn -0.68811960 0.72559730 0.00000000
vn -0.07403806 0.99725540 0.00000000
vn -0.07403806 0.99725540 0.00000000
vn -0.17554350 0.98447170 0.00000000
vn -0.17554350 0.98447170 0.00000000
vn -0.99935470 0.03592122 0.00000000
vn -0.99935470 0.03592122 0.00000000
vn -0.83362450 0.55233150 0.00000000
vn -0.83362450 0.55233150 0.00000000
vn -0.99917960 0.04049820 0.00000000
vn -0.99917960 0.04049820 0.00000000
vn -0.04892232 0.99880270 0.00000000
vn -0.03735480 0.99930210 0.00000000
vn -0.40728500 0.91330120 0.00000000
vn -0.54037810 0.84142240 0.00000000
vn -0.99982220 0.01886054 0.00000000
vn -0.99997870 0.00653102 0.00000000
vn -0.99999830 -0.00186168 0.00000000
vn -0.99999900 0.00140389 0.00000000
vn -0.99996610 -0.00824022 0.00000000
vn -0.83362450 0.55233150 0.00000000
vn -0.83362450 0.55233150 0.00000000
vn -0.99935470 0.03592122 0.00000000
vn -0.99935470 0.03592122 0.00000000
vn -0.83362450 0.55233150 0.00000000
vn -0.99917960 0.04049820 0.00000000
vn -0.97069650 0.24030890 0.00000000
vn -0.97069650 0.24030890 0.00000000
vn -0.99917960 0.04049820 0.00000000
vn -0.99935470 0.03592122 0.00000000
vn -0.83362450 0.55233150 0.00000000
vn -0.83362450 0.55233150 0.00000000
vn -0.99917960 0.04049820 0.00000000
vn -0.99917960 0.04049820 0.00000000
vn -0.99935470 0.03592122 0.00000000
vn -0.99935470 0.03592122 0.00000000
vn -0.83354040 0.55245850 0.00000000
vn -0.99935470 0.03592122 0.00000000
vn -0.99996610 -0.00824022 0.00000000
vn -0.99996610 -0.00824022 0.00000000
vn -0.99917960 0.04049820 0.00000000
vn -0.99917960 0.04049820 0.00000000
vn -0.99996610 -0.00824022 0.00000000
vn -0.99999830 -0.00186168 0.00000000
vn -1.00000000 0.00000000 0.00000000
vn -0.99999900 0.00140389 0.00000000
vn -0.07403806 0.99725540 0.00000000
vn -0.05459782 0.99850850 0.00000000
vn -0.05459782 0.99850850 0.00000000
vn -0.07403806 0.99725540 0.00000000
vn -0.04892232 0.99880270 0.00000000
vn -0.03735480 0.99930210 0.00000000
vn -0.03735480 0.99930210 0.00000000
vn -0.04892232 0.99880270 0.00000000
vn -0.99982220 0.01886054 0.00000000
vn -0.99935470 0.03592122 0.00000000
vn -0.40728500 0.91330120 0.00000000
vn -0.40728500 0.91330120 0.00000000
vn -0.54037810 0.84142240 0.00000000
vn -0.54037810 0.84142240 0.00000000
vn -0.99917960 0.04049820 0.00000000
vn -0.30732380 0.95160500 0.00000000
vn -0.30732380 0.95160500 0.00000000
vn -0.17554350 0.98447170 0.00000000
vn -0.17554350 0.98447170 0.00000000
vn -0.83362450 0.55233150 0.00000000
vn -0.68811960 0.72559730 0.00000000
vn -0.68811960 0.72559730 0.00000000
vn -0.83362450 0.55233150 0.00000000
vn -0.97069650 0.24030890 0.00000000
vn -0.83362450 0.55233150 0.00000000
vn -0.99997870 0.00653102 0.00000000
vn -0.54037810 0.84142240 0.00000000
vn -0.54037810 0.84142240 0.00000000
vn -0.82652560 -0.56289930 0.00000000
vn -0.87164070 -0.49014530 0.00000000
vn -0.82652560 -0.56289930 0.00000000
vn -0.87164070 -0.49014530 0.00000000
vn -0.97555830 -0.21974100 0.00000000
vn -0.97555830 -0.21974100 0.00000000
vn -0.99996610 -0.00824022 0.00000000
vn -0.99996610 -0.00824022 0.00000000
vn 0.00000000 -0.97979120 -0.20002340
vn 0.00000000 -0.97979120 0.20002340
vn 0.00000000 -0.69002850 0.72378220
vn 0.00000000 -0.86748340 0.49746620
vn -1.00000000 0.00000000 0.00000000
vn -1.00000000 0.00000000 0.00000000
vn -1.00000000 0.00000000 0.00000000
vn -1.00000000 0.00000000 0.00000000
vn 0.00000000 0.00000000 -1.00000000
vn 0.00000000 0.00000000 1.00000000
vn 0.00000000 0.00000000 1.00000000
vn 0.00000000 -0.81201220 0.58364050
vn 0.00000000 -0.86748340 -0.49746620
vn 0.00000000 -0.69002850 -0.72378220
vn 0.00000000 -0.47774840 -0.87849680
vn 0.00000000 -1.00000000 0.00000000
vn 0.00000000 -1.00000000 0.00000000
vn -1.00000000 0.00000000 0.00000000
vn -0.99999900 0.00140389 0.00000000
vn -0.99997870 0.00653102 0.00000000
vn -0.99982220 0.01886054 0.00000000
vn -0.99962350 0.02743670 0.00000000
vn 0.00000000 0.00000000 1.00000000
vn 0.00000000 0.00000000 1.00000000
vn 0.00000000 0.00000000 1.00000000
vn 0.00000000 0.00000000 1.00000000
vn 0.00000000 0.00000000 1.00000000
vn 0.00000000 0.00000000 1.00000000
vn 0.00000000 0.00000000 1.00000000
vn 0.00000000 0.00000000 1.00000000
vn 0.00000000 0.00000000 1.00000000
vn 0.00000000 0.00000000 1.00000000
vn 0.00000000 0.00000000 1.00000000
vn 0.00000000 1.00000000 0.00000000
vn 0.00000000 1.00000000 0.00000000
vn 0.00000000 1.00000000 0.00000000
vn 0.00000000 -1.00000000 0.00000000
vn 0.00000000 -1.00000000 0.00000000
vn 0.00000000 -1.00000000 0.00000000
vn 0.00001660 -0.00003121 1.00000000
vn 0.00001660 -0.00003121 1.00000000
vn 0.00001660 -0.00003121 1.00000000
vn 0.00001660 -0.00003121 1.00000000
vn 0.00001660 -0.00003121 1.00000000
vn 0.00001660 -0.00003121 1.00000000
vn 0.00001660 -0.00003121 1.00000000
vn 0.00001660 -0.00003121 1.00000000
vn 0.00001660 -0.00003121 1.00000000
vn 0.00001660 -0.00003121 1.00000000
vn 0.00001660 -0.00003121 1.00000000
vn 0.00001660 -0.00003121 1.00000000
vn 0.00001660 -0.00003121 1.00000000
vn 0.00001660 -0.00003121 1.00000000
vn 0.00001660 -0.00003121 1.00000000
vn 0.00001660 -0.00003121 1.00000000
vn 0.00001660 -0.00003121 1.00000000
vn 0.00001660 -0.00003121 1.00000000
vn 0.00001660 -0.00003121 1.00000000
vn 0.00001660 -0.00003121 1.00000000
vn 0.99995900 -0.00906418 0.00000000
vn 0.99995900 -0.00906418 0.00000000
vn 0.99995900 -0.00906418 0.00000000
vn 0.99995900 -0.00906418 0.00000000
vn 0.99995900 -0.00906418 0.00000000
vn -0.03735480 0.99930210 0.00000000
vn -0.99996610 -0.00824022 0.00000000
vn -0.97555830 -0.21974100 0.00000000
vn -0.99996610 -0.00824022 0.00000000
vn -0.99999900 0.00140389 0.00000000
vn -0.99999900 0.00140389 0.00000000
vn -0.99996610 -0.00824022 0.00000000
vn -0.40728500 0.91330120 0.00000000
vn -0.54037810 0.84142240 0.00000000
vn -0.07403806 0.99725540 0.00000000
vn -0.17554350 0.98447170 0.00000000
vn -0.05459782 0.99850850 0.00000000
vn -0.87164070 -0.49014530 0.00000000
vn -0.99982220 0.01886054 0.00000000
vn -0.99982220 0.01886054 0.00000000
vn -0.99997870 0.00653102 0.00000000
vn -0.99997870 0.00653102 0.00000000
vn -0.82652560 -0.56289930 0.00000000
vn -0.83362450 0.55233150 0.00000000
vn -0.68811960 0.72559730 0.00000000
vn -0.99917960 0.04049820 0.00000000
vn -0.99917960 0.04049820 0.00000000
vn -0.99935470 0.03592122 0.00000000
vn -0.99935470 0.03592122 0.00000000
vn -0.97069650 0.24030890 0.00000000
vn -0.97070360 0.24028010 0.00000000
vn -0.30732380 0.95160500 0.00000000
vn -0.04892232 0.99880270 0.00000000
vn -0.83362450 0.55233150 0.00000000
vn -0.83370870 0.55220460 0.00000000
vn 0.00000000 0.25882220 0.96592500
vn 0.00000000 0.25882220 0.96592500
vn 0.00000000 0.96592550 -0.25882020
vn 0.00000000 0.96592550 -0.25882020
vn 0.00000000 -0.96592600 -0.25881840
vn 0.00000000 -0.96592600 -0.25881840
vn 0.00000000 -0.25882220 0.96592500
vn 0.00000000 -0.25882220 0.96592500
vn 0.00000000 -0.25882220 0.96592500
vn 0.00000000 0.96592570 0.25881960
vn 0.00000000 0.96592570 0.25881960
vn 0.00000000 0.96592570 0.25881960
vn 0.00000000 -0.70710650 -0.70710710
vn 0.00000000 -0.70710650 -0.70710710
vn 0.00000000 -0.70710650 -0.70710710
vn 0.00000000 0.25881970 -0.96592570
vn 0.00000000 0.25881970 -0.96592570
vn 0.00000000 -0.70710590 0.70710780
vn 0.00000000 -0.70710590 0.70710780
vn 0.00000000 -0.70710590 0.70710780
vn 0.00000000 0.70710590 0.70710780
vn 0.00000000 0.70710590 0.70710780
vn 0.00000000 0.70710590 0.70710780
vn 0.00000000 0.70710590 0.70710780
vn 0.00000000 -0.25881950 -0.96592570
vn 0.00000000 -0.25881950 -0.96592570
vn 0.00000000 -0.25881950 -0.96592570
vn 0.00000000 -0.25881950 -0.96592570
vn 0.00000000 0.70710590 -0.70710780
vn 0.00000000 0.70710590 -0.70710780
vn 0.00000000 0.70710590 -0.70710780
vn 0.00000000 0.70710590 -0.70710780
vn 0.00000000 -0.96592560 0.25882010
vn 0.00000000 -0.96592560 0.25882010
vn 0.00000000 -0.96592560 0.25882010
vn 0.00000000 -0.96592560 0.25882010
vn 0.00000000 0.25881970 -0.96592570
vn 0.00000000 0.25881970 -0.96592570
vn 0.00000000 0.70710590 -0.70710780
vn 0.00000000 0.70710590 -0.70710780
vn 0.00000000 -0.70710650 -0.70710710
vn 0.00000000 -0.70710650 -0.70710710
vn 0.00000000 -0.70710650 -0.70710710
vn 0.00000000 -0.70710650 -0.70710710
vn 0.00000000 0.96592570 -0.25881960
vn 0.00000000 0.96592570 -0.25881960
vn -1.00000000 0.00000000 0.00000000
vn -1.00000000 0.00000000 0.00000000
vn -1.00000000 0.00000000 0.00000000
vn -1.00000000 0.00000000 0.00000000
vn -1.00000000 0.00000000 0.00000000
vn -1.00000000 0.00000000 0.00000000
vn -1.00000000 0.00000000 0.00000000
vn -1.00000000 0.00000000 0.00000000
vn -1.00000000 0.00000000 0.00000000
vn 0.00000000 -0.25881500 0.96592690
vn 0.00000000 -0.25881500 0.96592690
vn 0.00000000 -0.25881500 0.96592690
vn 0.00000000 0.70710840 0.70710520
vn 0.00000000 0.70710840 0.70710520
vn 0.00000000 0.25881500 0.96592690
vn 0.00000000 0.25881500 0.96592690
vn 0.00000000 0.25881500 0.96592690
vn 0.00000000 0.25881500 0.96592690
vn 0.00000000 -0.96592570 0.25881950
vn 0.00000000 -0.96592570 0.25881950
vn 0.00000000 -0.96592570 0.25881950
vn 0.00000000 -0.96592570 0.25881950
vn 0.00000000 0.96592570 0.25881960
vn 0.00000000 0.96592570 0.25881960
vn 0.00000000 0.96592570 0.25881960
vn 0.00000000 0.96592570 0.25881960
vn 0.00000000 0.25882220 0.96592500
vn 0.00000000 0.25882220 0.96592500
vn 0.00000000 0.96592560 -0.25882000
vn 0.00000000 0.96592560 -0.25882000
vn 0.00000000 -0.96592600 -0.25881860
vn 0.00000000 -0.96592600 -0.25881860
vn 0.00000000 -0.25882240 0.96592490
vn 0.00000000 -0.25882240 0.96592490
vn 0.00000000 -0.25882240 0.96592490
vn 0.00000000 0.96592580 0.25881950
vn 0.00000000 0.96592580 0.25881950
vn 0.00000000 0.96592580 0.25881950
vn 0.00000000 -0.70710650 -0.70710710
vn 0.00000000 -0.70710650 -0.70710710
vn 0.00000000 -0.70710650 -0.70710710
vn 0.00000000 0.25881970 -0.96592570
vn 0.00000000 0.25881970 -0.96592570
vn 0.00000000 -0.70710590 0.70710780
vn 0.00000000 -0.70710590 0.70710780
vn 0.00000000 -0.70710590 0.70710780
vn 0.00000000 0.70710590 0.70710780
vn 0.00000000 0.70710590 0.70710780
vn 0.00000000 0.70710590 0.70710780
vn 0.00000000 0.70710590 0.70710780
vn 0.00000000 -0.25881950 -0.96592570
vn 0.00000000 -0.25881950 -0.96592570
vn 0.00000000 -0.25881950 -0.96592570
vn 0.00000000 -0.25881950 -0.96592570
vn 0.00000000 0.70710590 -0.70710780
vn 0.00000000 0.70710590 -0.70710780
vn 0.00000000 0.70710590 -0.70710780
vn 0.00000000 0.70710590 -0.70710780
vn 0.00000000 -0.96592560 0.25882000
vn 0.00000000 -0.96592560 0.25882000
vn 0.00000000 -0.96592560 0.25882000
vn 0.00000000 -0.96592560 0.25882000
vn 0.00000000 0.25881970 -0.96592570
vn 0.00000000 0.25881970 -0.96592570
vn 0.00000000 0.70710590 -0.70710780
vn 0.00000000 0.70710590 -0.70710780
vn 0.00000000 -0.70710650 -0.70710710
vn 0.00000000 -0.70710650 -0.70710710
vn 0.00000000 -0.70710650 -0.70710710
vn 0.00000000 -0.70710650 -0.70710710
vn 0.00000000 0.96592560 -0.25881970
vn 0.00000000 0.96592560 -0.25881970
vn 1.00000000 0.00000000 0.00000012
vn 1.00000000 0.00000000 0.00000012
vn 1.00000000 0.00000000 0.00000012
vn 1.00000000 0.00000000 0.00000012
vn 1.00000000 0.00000000 0.00000012
vn 1.00000000 0.00000000 0.00000012
vn 1.00000000 0.00000000 0.00000012
vn 1.00000000 0.00000000 0.00000012
vn 1.00000000 0.00000000 0.00000012
vn 0.00000000 -0.25881510 0.96592690
vn 0.00000000 -0.25881510 0.96592690
vn 0.00000000 -0.25881510 0.96592690
vn 0.00000000 0.70710840 0.70710520
vn 0.00000000 0.70710840 0.70710520
vn 0.00000000 0.25881500 0.96592690
vn 0.00000000 0.25881500 0.96592690
vn 0.00000000 0.25881500 0.96592690
vn 0.00000000 0.25881500 0.96592690
vn 0.00000000 -0.96592580 0.25881930
vn 0.00000000 -0.96592580 0.25881930
vn 0.00000000 -0.96592580 0.25881930
vn 0.00000000 -0.96592580 0.25881930
vn 0.00000000 0.96592560 0.25881980
vn 0.00000000 0.96592560 0.25881980
vn 0.00000000 0.96592560 0.25881980
vn 0.00000000 0.96592560 0.25881980
vn 0.00000000 -0.69858960 -0.71552270
vn 0.00000000 -0.69858960 -0.71552270
vn 0.00000000 -0.69858960 -0.71552270
vn 0.00000000 -1.00000000 0.00000294
vn 0.00000000 -0.61877010 0.78557220
vn 0.00000000 -1.00000000 0.00000000
vn 0.00000000 0.00000000 1.00000000
vn 0.00000000 0.00000000 1.00000000
vn 0.00000000 -1.00000000 0.00000000
vn 0.00000000 -1.00000000 0.00000000
vn 0.00000000 -1.00000000 0.00000000
vn 0.00000000 -1.00000000 0.00000000
vn 0.00000000 -1.00000000 0.00000134
vn 0.00000000 -1.00000000 0.00000134
vn 0.00000000 -1.00000000 0.00000000
vn 0.00000000 -1.00000000 0.00000000
vn 0.00000000 -0.83615220 -0.54849750
vn 0.00000000 -0.70710460 0.70710900
vn 0.00000000 -1.00000000 0.00000011
vn 0.00000000 0.00000000 1.00000000
vn 0.00000000 -0.86691950 0.49844820
vn 0.00000000 -1.00000000 0.00000000
vn 0.00000000 -1.00000000 0.00000000
vn 0.00000000 -1.00000000 0.00000000
vn 0.00000000 0.00000000 1.00000000
vn 0.00000000 -1.00000000 0.00000000
vn 0.00000000 -1.00000000 0.00000000
vn 0.00000000 -0.30610360 -0.95199830
vn 0.00000000 -1.00000000 -0.00000129
vn 0.00000000 0.00000000 -1.00000000
vn 0.00000000 0.00000000 -1.00000000
vn 0.00000000 0.00000000 -1.00000000
vn 0.00000000 -1.00000000 0.00000000
vn 0.00000000 -1.00000000 0.00000000
vn 0.00000000 -1.00000000 0.00000000
vn 0.00000000 -0.69858660 -0.71552550
vn 0.00000000 -0.69858960 -0.71552270
vn 0.00000000 -0.69858960 -0.71552270
vn 0.00000000 -0.69858960 -0.71552270
vn 0.00000000 -1.00000000 0.00000294
vn 0.00000000 -0.61877010 0.78557220
vn 0.00000000 -1.00000000 0.00000000
vn 0.00000000 0.00000000 1.00000000
vn 0.00000000 0.00000000 1.00000000
vn 0.00000000 -1.00000000 0.00000000
vn 0.00000000 -1.00000000 0.00000000
vn 0.00000000 -1.00000000 0.00000000
vn 0.00000000 -1.00000000 0.00000000
vn 0.00000000 -1.00000000 0.00000134
vn 0.00000000 -1.00000000 0.00000134
vn 0.00000000 -1.00000000 0.00000000
vn 0.00000000 -1.00000000 0.00000000
vn 0.00000000 -0.83615200 -0.54849790
vn 0.00000000 -0.70710320 0.70711050
vn 0.00000000 -1.00000000 0.00000011
vn 0.00000000 0.00000000 1.00000000
vn 0.00000000 -0.86691950 0.49844820
vn 0.00000000 -1.00000000 0.00000000
vn 0.00000000 -1.00000000 0.00000000
vn 0.00000000 -1.00000000 0.00000000
vn 0.00000000 0.00000000 1.00000000
vn 0.00000000 -1.00000000 0.00000000
vn 0.00000000 -1.00000000 0.00000000
vn 0.00000000 -0.30610360 -0.95199830
vn 0.00000000 -1.00000000 -0.00000129
vn 0.00000000 0.00000000 -1.00000000
vn 0.00000000 0.00000000 -1.00000000
vn 0.00000000 0.00000000 -1.00000000
vn 0.00000000 -1.00000000 0.00000000
vn 0.00000000 -1.00000000 0.00000000
vn 0.00000000 -1.00000000 0.00000000
vn 0.00000000 -0.69858660 -0.71552550
vn 0.00000000 0.25882220 0.96592500
vn 0.00000000 0.25882220 0.96592500
vn 0.00000000 0.96592570 -0.25881960
vn 0.00000000 0.96592570 -0.25881960
vn 0.00000000 -0.96592600 -0.25881840
vn 0.00000000 -0.96592600 -0.25881840
vn 0.00000000 -0.25882220 0.96592500
vn 0.00000000 -0.25882220 0.96592500
vn 0.00000000 -0.25882220 0.96592500
vn 0.00000000 0.96592570 0.25881960
vn 0.00000000 0.96592570 0.25881960
vn 0.00000000 0.96592570 0.25881960
vn 0.00000000 -0.70710650 -0.70710710
vn 0.00000000 -0.70710650 -0.70710710
vn 0.00000000 -0.70710650 -0.70710710
vn 0.00000000 0.25881970 -0.96592570
vn 0.00000000 0.25881970 -0.96592570
vn 0.00000000 -0.70710590 0.70710780
vn 0.00000000 -0.70710590 0.70710780
vn 0.00000000 -0.70710590 0.70710780
vn 0.00000000 0.70710590 0.70710780
vn 0.00000000 0.70710590 0.70710780
vn 0.00000000 0.70710590 0.70710780
vn 0.00000000 0.70710590 0.70710780
vn 0.00000000 -0.25881950 -0.96592570
vn 0.00000000 -0.25881950 -0.96592570
vn 0.00000000 -0.25881950 -0.96592570
vn 0.00000000 -0.25881950 -0.96592570
vn 0.00000000 0.70710590 -0.70710780
vn 0.00000000 0.70710590 -0.70710780
vn 0.00000000 0.70710590 -0.70710780
vn 0.00000000 0.70710590 -0.70710780
vn 0.00000000 -0.96592560 0.25882010
vn 0.00000000 -0.96592560 0.25882010
vn 0.00000000 -0.96592560 0.25882010
vn 0.00000000 -0.96592560 0.25882010
vn 0.00000000 0.25881970 -0.96592570
vn 0.00000000 0.25881970 -0.96592570
vn 0.00000000 0.70710590 -0.70710780
vn 0.00000000 0.70710590 -0.70710780
vn 0.00000000 -0.70710650 -0.70710710
vn 0.00000000 -0.70710650 -0.70710710
vn 0.00000000 -0.70710650 -0.70710710
vn 0.00000000 -0.70710650 -0.70710710
vn 0.00000000 0.96592570 -0.25881960
vn 0.00000000 0.96592570 -0.25881960
vn -1.00000000 0.00000000 0.00000000
vn -1.00000000 0.00000000 0.00000000
vn -1.00000000 0.00000000 0.00000000
vn -1.00000000 0.00000000 0.00000000
vn -1.00000000 0.00000000 0.00000000
vn -1.00000000 0.00000000 0.00000000
vn -1.00000000 0.00000000 0.00000000
vn -1.00000000 0.00000000 0.00000000
vn -1.00000000 0.00000000 0.00000000
vn 0.00000000 -0.25881730 0.96592630
vn 0.00000000 -0.25881730 0.96592630
vn 0.00000000 -0.25881730 0.96592630
vn 0.00000000 0.70710840 0.70710520
vn 0.00000000 0.70710840 0.70710520
vn 0.00000000 0.25881730 0.96592630
vn 0.00000000 0.25881730 0.96592630
vn 0.00000000 0.25881730 0.96592630
vn 0.00000000 0.25881730 0.96592630
vn 0.00000000 -0.96592560 0.25882010
vn 0.00000000 -0.96592560 0.25882010
vn 0.00000000 -0.96592560 0.25882010
vn 0.00000000 -0.96592560 0.25882010
vn 0.00000000 0.96592570 0.25881960
vn 0.00000000 0.96592570 0.25881960
vn 0.00000000 0.96592570 0.25881960
vn 0.00000000 0.96592570 0.25881960
vn 0.00000000 0.25882220 0.96592500
vn 0.00000000 0.25882220 0.96592500
vn 0.00000000 0.96592560 -0.25881980
vn 0.00000000 0.96592560 -0.25881980
vn 0.00000000 -0.96592600 -0.25881860
vn 0.00000000 -0.96592600 -0.25881860
vn 0.00000000 -0.25882240 0.96592490
vn 0.00000000 -0.25882240 0.96592490
vn 0.00000000 -0.25882240 0.96592490
vn 0.00000000 0.96592570 0.25881960
vn 0.00000000 0.96592570 0.25881960
vn 0.00000000 0.96592570 0.25881960
vn 0.00000000 -0.70710650 -0.70710710
vn 0.00000000 -0.70710650 -0.70710710
vn 0.00000000 -0.70710650 -0.70710710
vn 0.00000000 0.25881970 -0.96592570
vn 0.00000000 0.25881970 -0.96592570
vn 0.00000000 -0.70710590 0.70710780
vn 0.00000000 -0.70710590 0.70710780
vn 0.00000000 -0.70710590 0.70710780
vn 0.00000000 0.70710590 0.70710780
vn 0.00000000 0.70710590 0.70710780
vn 0.00000000 0.70710590 0.70710780
vn 0.00000000 0.70710590 0.70710780
vn 0.00000000 -0.25881950 -0.96592570
vn 0.00000000 -0.25881950 -0.96592570
vn 0.00000000 -0.25881950 -0.96592570
vn 0.00000000 -0.25881950 -0.96592570
vn 0.00000000 0.70710590 -0.70710780
vn 0.00000000 0.70710590 -0.70710780
vn 0.00000000 0.70710590 -0.70710780
vn 0.00000000 0.70710590 -0.70710780
vn 0.00000000 -0.96592560 0.25882000
vn 0.00000000 -0.96592560 0.25882000
vn 0.00000000 -0.96592560 0.25882000
vn 0.00000000 -0.96592560 0.25882000
vn 0.00000000 0.25881970 -0.96592570
vn 0.00000000 0.25881970 -0.96592570
vn 0.00000000 0.70710590 -0.70710780
vn 0.00000000 0.70710590 -0.70710780
vn 0.00000000 -0.70710650 -0.70710710
vn 0.00000000 -0.70710650 -0.70710710
vn 0.00000000 -0.70710650 -0.70710710
vn 0.00000000 -0.70710650 -0.70710710
vn 0.00000000 0.96592570 -0.25881960
vn 0.00000000 0.96592570 -0.25881960
vn 1.00000000 0.00000000 0.00000012
vn 1.00000000 0.00000000 0.00000012
vn 1.00000000 0.00000000 0.00000012
vn 1.00000000 0.00000000 0.00000012
vn 1.00000000 0.00000000 0.00000012
vn 1.00000000 0.00000000 0.00000012
vn 1.00000000 0.00000000 0.00000012
vn 1.00000000 0.00000000 0.00000012
vn 1.00000000 0.00000000 0.00000012
vn 0.00000000 -0.25881750 0.96592630
vn 0.00000000 -0.25881750 0.96592630
vn 0.00000000 -0.25881750 0.96592630
vn 0.00000000 0.70710840 0.70710520
vn 0.00000000 0.70710840 0.70710520
vn 0.00000000 0.25881730 0.96592630
vn 0.00000000 0.25881730 0.96592630
vn 0.00000000 0.25881730 0.96592630
vn 0.00000000 0.25881730 0.96592630
vn 0.00000000 -0.96592560 0.25882000
vn 0.00000000 -0.96592560 0.25882000
vn 0.00000000 -0.96592560 0.25882000
vn 0.00000000 -0.96592560 0.25882000
vn 0.00000000 0.96592560 0.25881990
vn 0.00000000 0.96592560 0.25881990
vn 0.00000000 0.96592560 0.25881990
vn 0.00000000 0.96592560 0.25881990
vn 0.00000000 -0.69858960 -0.71552270
vn 0.00000000 -0.69858960 -0.71552270
vn 0.00000000 -0.69858960 -0.71552270
vn 0.00000000 -1.00000000 0.00000294
vn 0.00000000 -0.61877410 0.78556900
vn 0.00000000 -1.00000000 0.00000000
vn 0.00000000 0.00000000 1.00000000
vn 0.00000000 0.00000000 1.00000000
vn 0.00000000 -1.00000000 0.00000000
vn 0.00000000 -1.00000000 0.00000000
vn 0.00000000 -1.00000000 0.00000000
vn 0.00000000 -1.00000000 0.00000000
vn 0.00000000 0.91795840 -0.39667680
vn 0.00000000 0.91795840 -0.39667680
vn 0.00000000 0.00000000 -1.00000000
vn 0.00000000 0.00000000 -1.00000000
vn 0.00000000 0.00000000 -1.00000000
vn 0.00000000 -1.00000000 -0.00000046
vn 0.00000000 -1.00000000 -0.00000046
vn 0.00000000 -1.00000000 -0.00000800
vn 0.00000000 1.00000000 0.00000000
vn 0.00000000 1.00000000 0.00000000
vn 0.00000000 1.00000000 0.00000000
vn 0.00000000 1.00000000 0.00000000
vn 0.00000000 -0.00000439 1.00000000
vn 0.00000000 -1.00000000 0.00000134
vn 0.00000000 -1.00000000 0.00000134
vn 0.00000000 -1.00000000 0.00000000
vn 0.00000000 -1.00000000 0.00000000
vn 0.00000000 -0.83615300 -0.54849640
vn 0.00000000 -0.70710100 0.70711260
vn 0.00000000 -1.00000000 0.00000011
vn 0.00000000 0.00000000 1.00000000
vn 0.00000000 -0.86691950 0.49844820
vn 0.00000000 -1.00000000 0.00000000
vn 0.00000000 -1.00000000 0.00000000
vn 0.00000000 -1.00000000 0.00000000
vn 0.00000000 0.00000000 1.00000000
vn 0.00000000 -1.00000000 0.00000000
vn 0.00000000 -1.00000000 0.00000000
vn 0.00000000 -0.30610360 -0.95199830
vn 0.00000000 -1.00000000 -0.00000129
vn 0.00000000 0.00000000 -1.00000000
vn 0.00000000 0.00000000 -1.00000000
vn 0.00000000 0.00000000 -1.00000000
vn 0.00000000 -1.00000000 0.00000000
vn 0.00000000 -1.00000000 0.00000000
vn 0.00000000 -1.00000000 0.00000000
vn 0.00000000 -0.69859060 -0.71552160
vn 0.00000000 -0.69858960 -0.71552270
vn 0.00000000 -0.69858960 -0.71552270
vn 0.00000000 -0.69858960 -0.71552270
vn 0.00000000 -1.00000000 0.00000294
vn 0.00000000 -0.61877410 0.78556900
vn 0.00000000 -1.00000000 0.00000000
vn 0.00000000 0.00000000 1.00000000
vn 0.00000000 0.00000000 1.00000000
vn 0.00000000 -1.00000000 0.00000000
vn 0.00000000 -1.00000000 0.00000000
vn 0.00000000 -1.00000000 0.00000000
vn 0.00000000 -1.00000000 0.00000000
vn 0.00000000 0.91795860 -0.39667640
vn 0.00000000 0.91795860 -0.39667640
vn 0.00000000 0.00000000 -1.00000000
vn 0.00000000 0.00000000 -1.00000000
vn 0.00000000 0.00000000 -1.00000000
vn 0.00000000 -1.00000000 -0.00000046
vn 0.00000000 -1.00000000 -0.00000046
vn 0.00000000 -1.00000000 -0.00000800
vn 0.00000000 1.00000000 0.00000000
vn 0.00000000 1.00000000 0.00000000
vn 0.00000000 1.00000000 0.00000000
vn 0.00000000 1.00000000 0.00000000
vn 0.00000000 0.00000000 1.00000000
vn 0.00000000 -1.00000000 0.00000134
vn 0.00000000 -1.00000000 0.00000134
vn 0.00000000 -1.00000000 0.00000000
vn 0.00000000 -1.00000000 0.00000000
vn 0.00000000 -0.83615270 -0.54849680
vn 0.00000000 -0.70710150 0.70711210
vn 0.00000000 -1.00000000 0.00000011
vn 0.00000000 0.00000000 1.00000000
vn 0.00000000 -0.86691950 0.49844820
vn 0.00000000 -1.00000000 0.00000000
vn 0.00000000 -1.00000000 0.00000000
vn 0.00000000 -1.00000000 0.00000000
vn 0.00000000 0.00000000 1.00000000
vn 0.00000000 -1.00000000 0.00000000
vn 0.00000000 -1.00000000 0.00000000
vn 0.00000000 -0.30610360 -0.95199830
vn 0.00000000 -1.00000000 -0.00000129
vn 0.00000000 0.00000000 -1.00000000
vn 0.00000000 0.00000000 -1.00000000
vn 0.00000000 0.00000000 -1.00000000
vn 0.00000000 -1.00000000 0.00000000
vn 0.00000000 -1.00000000 0.00000000
vn 0.00000000 -1.00000000 0.00000000
vn 0.00000000 -0.69859060 -0.71552160
vn 0.00000000 -0.97970370 -0.20045150
vn 0.00000000 -0.97979120 -0.20002340
vn 0.00000000 0.00000000 1.00000000
vn 0.00000000 -0.97962320 0.20084430
vn 0.00000000 -0.97979120 0.20002340
vn -0.99995900 -0.00906418 0.00000000
vn -0.99995900 -0.00906418 0.00000000
vn 0.00000000 -0.97979120 0.20002340
vn 0.00000000 -0.97970370 0.20045150
vn 0.00000000 0.00000000 -1.00000000
vn 0.00000000 -0.97962320 -0.20084430
vn 0.00000000 -0.97979120 -0.20002340
vn -0.99995900 -0.00906418 0.00000000
vn -0.99995900 -0.00906418 0.00000000
vn 0.00000000 1.00000000 0.00000000
vn 0.03735480 0.99930210 0.00000000
vn 0.97555830 -0.21974100 0.00000000
vn 0.99996610 -0.00824022 0.00000000
vn 0.07403806 0.99725540 0.00000000
vn 0.05459782 0.99850850 0.00000000
vn 0.87164070 -0.49014530 0.00000000
vn 0.82652560 -0.56289930 0.00000000
vn 0.04892232 0.99880270 0.00000000
vn 0.00000000 1.00000000 0.00000000
vn 0.00000000 1.00000000 0.00000000
vn 0.00000000 1.00000000 0.00000000
vn 0.00000000 1.00000000 0.00000000
vn 0.00000000 1.00000000 0.00000000
vn 0.00000000 1.00000000 0.00000000
vn 0.00000000 1.00000000 0.00000000
vn 0.00000000 1.00000000 0.00000000
vn 0.00000000 1.00000000 0.00000000
vn 0.00000000 1.00000000 0.00000000
vn 0.00000000 1.00000000 0.00000000
vn 0.00000000 1.00000000 0.00000000
vn 0.00000000 1.00000000 0.00000000
vn 0.00000000 1.00000000 0.00000000
vn 0.00000000 1.00000000 0.00000000
vn 0.00000000 1.00000000 0.00000000
vn 0.00000000 1.00000000 0.00000000
vn 0.00000000 1.00000000 0.00000000
vn 0.00000000 -0.97979120 -0.20002340
vn 0.00000000 -0.97970370 -0.20045150
vn 0.00000000 -1.00000000 0.00000000
vn 0.00000000 -1.00000000 0.00000000
vn 0.00000000 0.00000000 1.00000000
vn 0.00000000 0.00000000 1.00000000
vn 0.00000000 0.00000000 1.00000000
vn 0.00000000 0.00000000 -1.00000000
vn 0.00000000 0.00000000 -1.00000000
vn 0.00000000 -0.97962320 0.20084430
vn 0.00000000 -0.97979120 0.20002340
vn 0.00000000 -1.00000000 0.00000000
vn 0.00000000 -1.00000000 0.00000000
vn 0.00001660 -0.00003133 -1.00000000
vn 0.00001660 -0.00003133 -1.00000000
vn 0.99995900 -0.00906418 0.00000000
vn 0.99995900 -0.00906418 0.00000000
vn 0.00000000 1.00000000 0.00000000
vn 0.00000000 1.00000000 0.00000000
vn 0.00000000 1.00000000 0.00000000
vn 0.00000000 1.00000000 0.00000000
vn 0.00000000 1.00000000 0.00000000
vn 0.00000000 1.00000000 0.00000000
vn 0.00000000 1.00000000 0.00000000
vn 0.00000000 1.00000000 0.00000000
vn 0.00000000 1.00000000 0.00000000
vn 0.00000000 1.00000000 0.00000000
vn 0.00000000 1.00000000 0.00000000
vn 0.00000000 1.00000000 0.00000000
vn 0.00000000 1.00000000 0.00000000
vn 0.00000000 1.00000000 0.00000000
vn 0.00000000 1.00000000 0.00000000
vn 0.00000000 1.00000000 0.00000000
vn 0.00000000 1.00000000 0.00000000
vn 0.00000000 1.00000000 0.00000000
vn 0.00000000 -0.97970370 0.20045150
vn 0.00000000 -0.97979120 0.20002340
vn 0.00000000 -1.00000000 0.00000000
vn 0.00000000 -1.00000000 0.00000000
vn 0.00000000 0.00000000 -1.00000000
vn 0.00000000 0.00000000 -1.00000000
vn 0.00000000 0.00000000 -1.00000000
vn 0.00000000 0.00000000 1.00000000
vn 0.00000000 0.00000000 1.00000000
vn 0.00000000 -0.97962320 -0.20084430
vn 0.00000000 -0.97979120 -0.20002340
vn 0.00000000 -1.00000000 0.00000000
vn 0.00000000 -1.00000000 0.00000000
vn 0.00001660 -0.00003121 1.00000000
vn 0.00001660 -0.00003121 1.00000000
vn 0.99995900 -0.00906418 0.00000000
vn 0.99995900 -0.00906418 0.00000000
vn 0.00000000 1.00000000 0.00000000
vn 0.00000000 1.00000000 0.00000000
vn -0.03735480 0.99930210 0.00000000
vn -0.99996610 -0.00824022 0.00000000
vn -0.97555830 -0.21974100 0.00000000
vn -0.07403806 0.99725540 0.00000000
vn -0.05459782 0.99850850 0.00000000
vn -0.87164070 -0.49014530 0.00000000
vn -0.82652560 -0.56289930 0.00000000
vn -0.04892232 0.99880270 0.00000000
vn -1.00000000 0.00000028 0.00000000
vn -1.00000000 0.00000028 0.00000000
vn -1.00000000 0.00000028 0.00000000
vn -1.00000000 0.00000028 0.00000000
vn -1.00000000 0.00000028 0.00000000
vn -1.00000000 0.00000028 0.00000000
vn -1.00000000 0.00000028 0.00000000
vn -1.00000000 0.00000028 0.00000000
vn -1.00000000 0.00000028 0.00000000
vn -1.00000000 0.00000028 0.00000000
vn -1.00000000 0.00000028 0.00000000
vn -1.00000000 0.00000028 0.00000000
vn -1.00000000 0.00000028 0.00000000
vn -1.00000000 0.00000028 0.00000000
vn -1.00000000 0.00000028 0.00000000
vn -1.00000000 0.00000028 0.00000000
vn -1.00000000 0.00000028 0.00000000
vn -1.00000000 0.00000028 0.00000000
vn 1.00000000 0.00000028 0.00000000
vn 1.00000000 0.00000028 0.00000000
vn 1.00000000 0.00000028 0.00000000
vn 1.00000000 0.00000028 0.00000000
vn 1.00000000 0.00000028 0.00000000
vn 1.00000000 0.00000028 0.00000000
vn 1.00000000 0.00000028 0.00000000
vn 1.00000000 0.00000028 0.00000000
vn 1.00000000 0.00000028 0.00000000
vn 1.00000000 0.00000028 0.00000000
vn 1.00000000 0.00000028 0.00000000
vn 1.00000000 0.00000028 0.00000000
vn 1.00000000 0.00000028 0.00000000
vn 1.00000000 0.00000028 0.00000000
vn 1.00000000 0.00000028 0.00000000
vn 1.00000000 0.00000028 0.00000000
vn 1.00000000 0.00000028 0.00000000
vn 1.00000000 0.00000028 0.00000000
vn 1.00000000 0.00000028 0.00000000
vn 1.00000000 0.00000028 0.00000000
vn 1.00000000 0.00000028 0.00000000
vn 1.00000000 0.00000028 0.00000000
vn 1.00000000 0.00000028 0.00000000
vn 1.00000000 0.00000028 0.00000000
vn 1.00000000 0.00000028 0.00000000
vn 1.00000000 0.00000028 0.00000000
vn 1.00000000 0.00000028 0.00000000
vn 1.00000000 0.00000028 0.00000000
vn 1.00000000 0.00000028 0.00000000
vn 1.00000000 0.00000028 0.00000000
vn 1.00000000 0.00000028 0.00000000
vn 1.00000000 0.00000028 0.00000000
vn 1.00000000 0.00000028 0.00000000
vn 1.00000000 0.00000028 0.00000000
vn 1.00000000 0.00000028 0.00000000
vn 1.00000000 0.00000028 0.00000000
vn -1.00000000 0.00000028 0.00000000
vn -1.00000000 0.00000028 0.00000000
vn -1.00000000 0.00000028 0.00000000
vn -1.00000000 0.00000028 0.00000000
vn -1.00000000 0.00000028 0.00000000
vn -1.00000000 0.00000028 0.00000000
vn -1.00000000 0.00000028 0.00000000
vn -1.00000000 0.00000028 0.00000000
vn -1.00000000 0.00000028 0.00000000
vn -1.00000000 0.00000028 0.00000000
vn -1.00000000 0.00000028 0.00000000
vn -1.00000000 0.00000028 0.00000000
vn -1.00000000 0.00000028 0.00000000
vn -1.00000000 0.00000028 0.00000000
vn -1.00000000 0.00000028 0.00000000
vn -1.00000000 0.00000028 0.00000000
vn -1.00000000 0.00000028 0.00000000
vn -1.00000000 0.00000028 0.00000000
vn 0.00000000 -0.14142890 -0.98994850
vn 0.00000000 -0.14142890 -0.98994850
vn 1.00000000 -0.00000130 -0.00000240
vn 1.00000000 -0.00000130 -0.00000240
vn 0.00000000 -0.64017640 0.76822800
vn 0.00000000 -0.64017640 0.76822800
vn 0.00000000 -0.64017640 0.76822800
vn 0.00000000 -0.64017640 0.76822800
vn 0.00000000 -0.70710590 0.70710770
vn 1.00000000 0.00000000 -0.00000042
vn 0.00000000 0.00001062 -1.00000000
vn 0.00000000 0.00001062 -1.00000000
vn 0.00000000 -0.00000211 1.00000000
vn 0.00000000 -0.00000211 1.00000000
vn 0.00000000 -0.00000211 1.00000000
vn 0.00000000 0.99681560 0.07974138
vn 0.00000000 0.99681560 0.07974138
vn 0.00000000 0.99681560 0.07974138
vn 0.00000000 0.99681560 0.07974138
vn 0.00000000 -0.87160590 0.49020730
vn 0.00000000 -0.87160590 0.49020730
vn 0.00000000 -0.87160590 0.49020730
vn 0.00000000 -0.87160590 0.49020730
vn 0.00000000 0.37137460 -0.92848310
vn 0.00000000 0.37137460 -0.92848310
vn 0.00000000 0.37137460 -0.92848310
vn 0.00000000 0.37137460 -0.92848310
vn 0.00000000 0.86377140 0.50388400
vn 0.00000000 0.86377140 0.50388400
vn 0.00000000 0.86377140 0.50388400
vn 0.00000000 0.86377140 0.50388400
vn 0.00000000 -0.77413700 -0.63301820
vn 0.00000000 -0.77413700 -0.63301820
vn 0.00000000 -0.77413700 -0.63301820
vn 0.00000000 -0.77413700 -0.63301820
vn 0.00000000 -1.00000000 0.00000294
vn 0.00000000 -1.00000000 0.00000294
vn 0.00000000 0.78086730 -0.62469700
vn 0.00000000 0.78086730 -0.62469700
vn 0.00000000 0.78086730 -0.62469700
vn 0.00000000 0.78086730 -0.62469700
vn 0.00000000 0.46577400 0.88490370
vn 0.00000000 0.46577400 0.88490370
vn 0.00000000 0.46577400 0.88490370
vn 0.00000000 0.46577400 0.88490370
vn 0.00000000 -0.53687350 -0.84366280
vn 0.00000000 -0.53687350 -0.84366280
vn 0.00000000 -0.53687350 -0.84366280
vn 0.00000000 -0.53687350 -0.84366280
vn 0.00000000 -0.61877010 0.78557220
vn 0.00000000 -0.61877010 0.78557220
vn 0.00000000 1.00000000 0.00000371
vn 0.00000000 1.00000000 0.00000371
vn 0.00000000 1.00000000 0.00000371
vn 0.00000000 1.00000000 0.00000371
vn 0.00000000 -0.56142190 -0.82752980
vn 0.00000000 -0.56142190 -0.82752980
vn 0.00000000 -0.56142190 -0.82752980
vn 0.00000000 -0.56142190 -0.82752980
vn 0.00000000 0.99892420 0.04637325
vn 0.00000000 0.99892420 0.04637325
vn 0.00000000 0.99892420 0.04637325
vn 0.00000000 0.99892420 0.04637325
vn 0.00000000 0.07669494 -0.99705460
vn 0.00000000 0.07669494 -0.99705460
vn 0.00000000 0.07669494 -0.99705460
vn 0.00000000 0.07669494 -0.99705460
vn 0.00000000 -1.00000000 0.00000000
vn 0.00000000 -1.00000000 0.00000000
vn 0.00000000 0.86193010 0.50702730
vn 0.00000000 0.86193010 0.50702730
vn 0.00000000 0.86193010 0.50702730
vn 0.00000000 0.86193010 0.50702730
vn 0.00000000 0.48193410 -0.87620750
vn 0.00000000 0.48193410 -0.87620750
vn 0.00000000 0.48193410 -0.87620750
vn 0.00000000 0.48193410 -0.87620750
vn 0.00000000 0.00000000 1.00000000
vn 0.00000000 0.00000000 1.00000000
vn 0.00000000 0.42994680 0.90285420
vn 0.00000000 0.42994680 0.90285420
vn 0.00000000 0.42994680 0.90285420
vn 0.00000000 0.42994680 0.90285420
vn 0.00000000 0.70709540 -0.70711830
vn 0.00000000 0.70709540 -0.70711830
vn 0.00000000 0.70709540 -0.70711830
vn 0.00000000 0.70709540 -0.70711830
vn 0.00000000 -0.04543246 0.99896740
vn 0.00000000 -0.04543246 0.99896740
vn 0.00000000 -0.04543246 0.99896740
vn 0.00000000 -0.04543246 0.99896740
vn 0.00000000 0.91037210 -0.41379060
vn 0.00000000 0.91037210 -0.41379060
vn 0.00000000 0.91037210 -0.41379060
vn 0.00000000 0.91037210 -0.41379060
vn 1.00000000 -0.00001491 0.00000230
vn 1.00000000 -0.00001491 0.00000230
vn 1.00000000 -0.00001491 0.00000230
vn 1.00000000 0.00000435 0.00000828
vn 1.00000000 0.00000435 0.00000828
vn 0.00000000 1.00000000 0.00000000
vn 0.00000000 1.00000000 0.00000000
vn 0.00000000 1.00000000 0.00000000
vn 0.00000000 1.00000000 0.00000000
vn 0.00000000 -0.00000078 -1.00000000
vn 0.00000000 -0.00000078 -1.00000000
vn 0.00000000 -0.00000078 -1.00000000
vn 0.00000000 -0.00000078 -1.00000000
vn 0.00000000 -0.00000121 1.00000000
vn 0.00000000 -0.00000121 1.00000000
vn 0.00000000 -0.00000121 1.00000000
vn 0.00000000 -0.00000121 1.00000000
vn 0.00000000 -0.00000331 -1.00000000
vn 0.00000000 -0.00000331 -1.00000000
vn 0.00000000 -0.37094370 -0.92865540
vn 0.00000000 -0.37094370 -0.92865540
vn 0.00000000 -0.37094370 -0.92865540
vn 0.00000000 -0.37094370 -0.92865540
vn 0.00000000 1.00000000 0.00000205
vn 0.00000000 1.00000000 0.00000205
vn 0.00000000 1.00000000 0.00000000
vn 0.00000000 1.00000000 0.00000000
vn 0.00000000 1.00000000 0.00000000
vn 0.00000000 1.00000000 0.00000000
vn 0.00000000 -0.00000222 1.00000000
vn 0.00000000 -0.00000222 1.00000000
vn 0.00000000 1.00000000 -0.00000228
vn 0.00000000 1.00000000 -0.00000228
vn 0.00000000 -0.37094860 -0.92865340
vn 0.00000000 -0.37094860 -0.92865340
vn 0.00000000 -0.83615220 -0.54849750
vn 0.00000000 -0.83615220 -0.54849750
vn 0.00000000 -0.70710460 0.70710900
vn 0.00000000 -0.70710460 0.70710900
vn 0.00000000 -0.61877240 0.78557030
vn 0.00000000 -1.00000000 0.00000011
vn 0.00000000 -1.00000000 0.00000011
vn 0.00000000 0.00000000 1.00000000
vn 0.00000000 0.00000000 1.00000000
vn 0.00000000 -1.00000000 0.00000000
vn 0.00000000 -0.86691950 0.49844820
vn 0.00000000 -0.86691950 0.49844820
vn 0.00000000 0.00000000 1.00000000
vn 0.00000000 -1.00000000 0.00000000
vn 0.00000000 -1.00000000 0.00000000
vn 0.00000000 0.00000000 1.00000000
vn 0.00000000 0.00000000 1.00000000
vn 0.00000000 -1.00000000 0.00000000
vn 0.00000000 -1.00000000 0.00000000
vn 0.00000000 -0.30610360 -0.95199830
vn 0.00000000 -0.30610360 -0.95199830
vn 0.00000000 -1.00000000 -0.00000129
vn 0.00000000 -1.00000000 -0.00000129
vn 0.00000000 0.00000000 -1.00000000
vn 0.00000000 0.00000000 -1.00000000
vn 0.00000000 0.00000000 -1.00000000
vn 0.00000000 -1.00000000 0.00000000
vn 0.00000000 -1.00000000 0.00000000
vn 0.00000000 0.00000040 1.00000000
vn 0.00000000 0.00000040 1.00000000
vn 0.00000000 0.00000040 1.00000000
vn 0.00000000 0.00000040 1.00000000
vn 0.00000000 -1.00000000 0.00000000
vn 0.00000000 -1.00000000 0.00000000
vn 0.00000000 -1.00000000 0.00000000
vn 0.00000000 -1.00000000 0.00000000
vn 0.00000000 -1.00000000 0.00000000
vn 0.00000000 -0.69858660 -0.71552550
vn 0.00000000 -0.14142630 -0.98994880
vn 0.00000000 -0.14142630 -0.98994880
vn -1.00000000 -0.00000130 -0.00000240
vn -1.00000000 -0.00000130 -0.00000240
vn 0.00000000 -0.64017640 0.76822800
vn 0.00000000 -0.64017640 0.76822800
vn 0.00000000 -0.64017640 0.76822800
vn 0.00000000 -0.64017640 0.76822800
vn 0.00000000 -0.70710660 0.70710700
vn -1.00000000 0.00000000 -0.00000045
vn 0.00000000 0.00000838 -1.00000000
vn 0.00000000 0.00000838 -1.00000000
vn 0.00000000 0.00000000 1.00000000
vn 0.00000000 0.00000000 1.00000000
vn 0.00000000 0.00000000 1.00000000
vn 0.00000000 0.99681560 0.07974119
vn 0.00000000 0.99681560 0.07974119
vn 0.00000000 0.99681560 0.07974119
vn 0.00000000 0.99681560 0.07974119
vn 0.00000000 -0.87160590 0.49020730
vn 0.00000000 -0.87160590 0.49020730
vn 0.00000000 -0.87160590 0.49020730
vn 0.00000000 -0.87160590 0.49020730
vn 0.00000000 0.37137460 -0.92848310
vn 0.00000000 0.37137460 -0.92848310
vn 0.00000000 0.37137460 -0.92848310
vn 0.00000000 0.37137460 -0.92848310
vn 0.00000000 0.86377060 0.50388530
vn 0.00000000 0.86377060 0.50388530
vn 0.00000000 0.86377060 0.50388530
vn 0.00000000 0.86377060 0.50388530
vn 0.00000000 -0.77413700 -0.63301820
vn 0.00000000 -0.77413700 -0.63301820
vn 0.00000000 -0.77413700 -0.63301820
vn 0.00000000 -0.77413700 -0.63301820
vn 0.00000000 -1.00000000 0.00000294
vn 0.00000000 -1.00000000 0.00000294
vn 0.00000000 0.78086730 -0.62469700
vn 0.00000000 0.78086730 -0.62469700
vn 0.00000000 0.78086730 -0.62469700
vn 0.00000000 0.78086730 -0.62469700
vn 0.00000000 0.46577400 0.88490370
vn 0.00000000 0.46577400 0.88490370
vn 0.00000000 0.46577400 0.88490370
vn 0.00000000 0.46577400 0.88490370
vn 0.00000000 -0.53687350 -0.84366280
vn 0.00000000 -0.53687350 -0.84366280
vn 0.00000000 -0.53687350 -0.84366280
vn 0.00000000 -0.53687350 -0.84366280
vn 0.00000000 -0.61877010 0.78557220
vn 0.00000000 -0.61877010 0.78557220
vn 0.00000000 1.00000000 0.00000371
vn 0.00000000 1.00000000 0.00000371
vn 0.00000000 1.00000000 0.00000371
vn 0.00000000 1.00000000 0.00000371
vn 0.00000000 -0.56142460 -0.82752790
vn 0.00000000 -0.56142460 -0.82752790
vn 0.00000000 -0.56142460 -0.82752790
vn 0.00000000 -0.56142460 -0.82752790
vn 0.00000000 0.99892420 0.04637325
vn 0.00000000 0.99892420 0.04637325
vn 0.00000000 0.99892420 0.04637325
vn 0.00000000 0.99892420 0.04637325
vn 0.00000000 0.07669644 -0.99705450
vn 0.00000000 0.07669644 -0.99705450
vn 0.00000000 0.07669644 -0.99705450
vn 0.00000000 0.07669644 -0.99705450
vn 0.00000000 -1.00000000 0.00000000
vn 0.00000000 -1.00000000 0.00000000
vn 0.00000000 0.86193160 0.50702460
vn 0.00000000 0.86193160 0.50702460
vn 0.00000000 0.86193160 0.50702460
vn 0.00000000 0.86193160 0.50702460
vn 0.00000000 0.48193150 -0.87620900
vn 0.00000000 0.48193150 -0.87620900
vn 0.00000000 0.48193150 -0.87620900
vn 0.00000000 0.48193150 -0.87620900
vn 0.00000000 0.00000000 1.00000000
vn 0.00000000 0.00000000 1.00000000
vn 0.00000000 0.42994360 0.90285580
vn 0.00000000 0.42994360 0.90285580
vn 0.00000000 0.42994360 0.90285580
vn 0.00000000 0.42994360 0.90285580
vn 0.00000000 0.70709480 -0.70711880
vn 0.00000000 0.70709480 -0.70711880
vn 0.00000000 0.70709480 -0.70711880
vn 0.00000000 0.70709480 -0.70711880
vn 0.00000000 -0.04543052 0.99896750
vn 0.00000000 -0.04543052 0.99896750
vn 0.00000000 -0.04543052 0.99896750
vn 0.00000000 -0.04543052 0.99896750
vn 0.00000000 0.91037240 -0.41379000
vn 0.00000000 0.91037240 -0.41379000
vn 0.00000000 0.91037240 -0.41379000
vn 0.00000000 0.91037240 -0.41379000
vn -1.00000000 -0.00001491 0.00000222
vn -1.00000000 -0.00001491 0.00000222
vn -1.00000000 -0.00001491 0.00000222
vn -1.00000000 0.00000435 0.00000868
vn -1.00000000 0.00000435 0.00000868
vn 0.00000000 1.00000000 0.00000000
vn 0.00000000 1.00000000 0.00000000
vn 0.00000000 1.00000000 0.00000000
vn 0.00000000 1.00000000 0.00000000
vn 0.00000000 0.00000000 -1.00000000
vn 0.00000000 0.00000000 -1.00000000
vn 0.00000000 0.00000000 -1.00000000
vn 0.00000000 0.00000000 -1.00000000
vn 0.00000000 0.00000000 1.00000000
vn 0.00000000 0.00000000 1.00000000
vn 0.00000000 0.00000000 1.00000000
vn 0.00000000 0.00000000 1.00000000
vn 0.00000000 0.00000000 -1.00000000
vn 0.00000000 0.00000000 -1.00000000
vn 0.00000000 -0.37094480 -0.92865500
vn 0.00000000 -0.37094480 -0.92865500
vn 0.00000000 -0.37094480 -0.92865500
vn 0.00000000 -0.37094480 -0.92865500
vn 0.00000000 1.00000000 0.00000205
vn 0.00000000 1.00000000 0.00000205
vn 0.00000000 1.00000000 0.00000000
vn 0.00000000 1.00000000 0.00000000
vn 0.00000000 1.00000000 0.00000000
vn 0.00000000 1.00000000 0.00000000
vn 0.00000000 0.00000000 1.00000000
vn 0.00000000 0.00000000 1.00000000
vn 0.00000000 1.00000000 -0.00000228
vn 0.00000000 1.00000000 -0.00000228
vn 0.00000000 -0.37095240 -0.92865190
vn 0.00000000 -0.37095240 -0.92865190
vn 0.00000000 -0.83615200 -0.54849790
vn 0.00000000 -0.83615200 -0.54849790
vn 0.00000000 -0.70710320 0.70711050
vn 0.00000000 -0.70710320 0.70711050
vn 0.00000000 -0.61877240 0.78557030
vn 0.00000000 -1.00000000 0.00000011
vn 0.00000000 -1.00000000 0.00000011
vn 0.00000000 0.00000000 1.00000000
vn 0.00000000 0.00000000 1.00000000
vn 0.00000000 -1.00000000 0.00000000
vn 0.00000000 -0.86691950 0.49844820
vn 0.00000000 -0.86691950 0.49844820
vn 0.00000000 0.00000000 1.00000000
vn 0.00000000 -1.00000000 0.00000000
vn 0.00000000 -1.00000000 0.00000000
vn 0.00000000 0.00000000 1.00000000
vn 0.00000000 0.00000000 1.00000000
vn 0.00000000 -1.00000000 0.00000000
vn 0.00000000 -1.00000000 0.00000000
vn 0.00000000 -0.30610360 -0.95199830
vn 0.00000000 -0.30610360 -0.95199830
vn 0.00000000 -1.00000000 -0.00000129
vn 0.00000000 -1.00000000 -0.00000129
vn 0.00000000 0.00000000 -1.00000000
vn 0.00000000 0.00000000 -1.00000000
vn 0.00000000 0.00000000 -1.00000000
vn 0.00000000 -1.00000000 0.00000000
vn 0.00000000 -1.00000000 0.00000000
vn 0.00000000 0.00000000 1.00000000
vn 0.00000000 0.00000000 1.00000000
vn 0.00000000 0.00000000 1.00000000
vn 0.00000000 0.00000000 1.00000000
vn 0.00000000 -1.00000000 0.00000000
vn 0.00000000 -1.00000000 0.00000000
vn 0.00000000 -1.00000000 0.00000000
vn 0.00000000 -1.00000000 0.00000000
vn 0.00000000 -1.00000000 0.00000000
vn 0.00000000 -0.69858660 -0.71552550
vn 1.00000000 0.00000028 0.00000000
vn 1.00000000 0.00000028 0.00000000
vn 1.00000000 0.00000028 0.00000000
vn 1.00000000 0.00000028 0.00000000
vn 1.00000000 0.00000028 0.00000000
vn 1.00000000 0.00000028 0.00000000
vn 1.00000000 0.00000028 0.00000000
vn 1.00000000 0.00000028 0.00000000
vn 1.00000000 0.00000028 0.00000000
vn 1.00000000 0.00000028 0.00000000
vn 1.00000000 0.00000028 0.00000000
vn 1.00000000 0.00000028 0.00000000
vn 1.00000000 0.00000028 0.00000000
vn 1.00000000 0.00000028 0.00000000
vn 1.00000000 0.00000028 0.00000000
vn 1.00000000 0.00000028 0.00000000
vn 1.00000000 0.00000028 0.00000000
vn 1.00000000 0.00000028 0.00000000
vn 1.00000000 0.00000028 0.00000000
vn 1.00000000 0.00000028 0.00000000
vn 1.00000000 0.00000028 0.00000000
vn 1.00000000 0.00000028 0.00000000
vn 1.00000000 0.00000028 0.00000000
vn 1.00000000 0.00000028 0.00000000
vn 1.00000000 0.00000028 0.00000000
vn 1.00000000 0.00000028 0.00000000
vn 1.00000000 0.00000028 0.00000000
vn 1.00000000 0.00000028 0.00000000
vn 1.00000000 0.00000028 0.00000000
vn 1.00000000 0.00000028 0.00000000
vn 1.00000000 0.00000028 0.00000000
vn 1.00000000 0.00000028 0.00000000
vn 1.00000000 0.00000028 0.00000000
vn 1.00000000 0.00000028 0.00000000
vn 1.00000000 0.00000028 0.00000000
vn 1.00000000 0.00000028 0.00000000
vn 1.00000000 0.00000028 0.00000000
vn 1.00000000 0.00000028 0.00000000
vn 1.00000000 0.00000028 0.00000000
vn -1.00000000 0.00000028 0.00000000
vn -1.00000000 0.00000028 0.00000000
vn -1.00000000 0.00000028 0.00000000
vn -1.00000000 0.00000028 0.00000000
vn -1.00000000 0.00000028 0.00000000
vn -1.00000000 0.00000028 0.00000000
vn -1.00000000 0.00000028 0.00000000
vn -1.00000000 0.00000028 0.00000000
vn -1.00000000 0.00000028 0.00000000
vn -1.00000000 0.00000028 0.00000000
vn -1.00000000 0.00000028 0.00000000
vn -1.00000000 0.00000028 0.00000000
vn -1.00000000 0.00000028 0.00000000
vn -1.00000000 0.00000028 0.00000000
vn -1.00000000 0.00000028 0.00000000
vn -1.00000000 0.00000028 0.00000000
vn -1.00000000 0.00000028 0.00000000
vn -1.00000000 0.00000028 0.00000000
vn -1.00000000 0.00000028 0.00000000
vn -1.00000000 0.00000028 0.00000000
vn -1.00000000 0.00000028 0.00000000
vn -1.00000000 0.00000028 0.00000000
vn -1.00000000 0.00000028 0.00000000
vn -1.00000000 0.00000028 0.00000000
vn -1.00000000 0.00000028 0.00000000
vn -1.00000000 0.00000028 0.00000000
vn -1.00000000 0.00000028 0.00000000
vn -1.00000000 0.00000028 0.00000000
vn -1.00000000 0.00000028 0.00000000
vn -1.00000000 0.00000028 0.00000000
vn -1.00000000 0.00000028 0.00000000
vn -1.00000000 0.00000028 0.00000000
vn -1.00000000 0.00000028 0.00000000
vn -1.00000000 0.00000028 0.00000000
vn -1.00000000 0.00000028 0.00000000
vn -1.00000000 0.00000028 0.00000000
vn -1.00000000 0.00000028 0.00000000
vn -1.00000000 0.00000028 0.00000000
vn -1.00000000 0.00000028 0.00000000
vn 0.00000000 -0.14142290 -0.98994930
vn 0.00000000 -0.14142290 -0.98994930
vn 1.00000000 -0.00000130 -0.00000240
vn 1.00000000 -0.00000130 -0.00000240
vn 0.00000000 -0.64018420 0.76822140
vn 0.00000000 -0.64018420 0.76822140
vn 0.00000000 -0.64018420 0.76822140
vn 0.00000000 -0.64018420 0.76822140
vn 0.00000000 -0.70710370 0.70710990
vn 1.00000000 0.00000000 -0.00000042
vn 0.00000000 0.00000830 -1.00000000
vn 0.00000000 0.00000830 -1.00000000
vn 0.00000000 0.00000080 1.00000000
vn 0.00000000 0.00000080 1.00000000
vn 0.00000000 0.00000080 1.00000000
vn 0.00000000 0.99681550 0.07974268
vn 0.00000000 0.99681550 0.07974268
vn 0.00000000 0.99681550 0.07974268
vn 0.00000000 0.99681550 0.07974268
vn 0.00000000 -0.87160590 0.49020730
vn 0.00000000 -0.87160590 0.49020730
vn 0.00000000 -0.87160590 0.49020730
vn 0.00000000 -0.87160590 0.49020730
vn 0.00000000 0.37137460 -0.92848310
vn 0.00000000 0.37137460 -0.92848310
vn 0.00000000 0.37137460 -0.92848310
vn 0.00000000 0.37137460 -0.92848310
vn 0.00000000 0.86377160 0.50388350
vn 0.00000000 0.86377160 0.50388350
vn 0.00000000 0.86377160 0.50388350
vn 0.00000000 0.86377160 0.50388350
vn 0.00000000 -0.77414550 -0.63300780
vn 0.00000000 -0.77414550 -0.63300780
vn 0.00000000 -0.77414550 -0.63300780
vn 0.00000000 -0.77414550 -0.63300780
vn 0.00000000 -1.00000000 0.00000294
vn 0.00000000 -1.00000000 0.00000294
vn 0.00000000 0.78087210 -0.62469100
vn 0.00000000 0.78087210 -0.62469100
vn 0.00000000 0.78087210 -0.62469100
vn 0.00000000 0.78087210 -0.62469100
vn 0.00000000 0.46577400 0.88490370
vn 0.00000000 0.46577400 0.88490370
vn 0.00000000 0.46577400 0.88490370
vn 0.00000000 0.46577400 0.88490370
vn 0.00000000 -0.53687350 -0.84366280
vn 0.00000000 -0.53687350 -0.84366280
vn 0.00000000 -0.53687350 -0.84366280
vn 0.00000000 -0.53687350 -0.84366280
vn 0.00000000 -0.61877410 0.78556900
vn 0.00000000 -0.61877410 0.78556900
vn 0.00000000 1.00000000 0.00000371
vn 0.00000000 1.00000000 0.00000371
vn 0.00000000 1.00000000 0.00000371
vn 0.00000000 1.00000000 0.00000371
vn 0.00000000 -0.56143760 -0.82751910
vn 0.00000000 -0.56143760 -0.82751910
vn 0.00000000 -0.56143760 -0.82751910
vn 0.00000000 -0.56143760 -0.82751910
vn 0.00000000 0.99892420 0.04637325
vn 0.00000000 0.99892420 0.04637325
vn 0.00000000 0.99892420 0.04637325
vn 0.00000000 0.99892420 0.04637325
vn 0.00000000 0.07670075 -0.99705420
vn 0.00000000 0.07670075 -0.99705420
vn 0.00000000 0.07670075 -0.99705420
vn 0.00000000 0.07670075 -0.99705420
vn 0.00000000 -1.00000000 0.00000000
vn 0.00000000 -1.00000000 0.00000000
vn 0.00000000 0.86193080 0.50702610
vn 0.00000000 0.86193080 0.50702610
vn 0.00000000 0.86193080 0.50702610
vn 0.00000000 0.86193080 0.50702610
vn 0.00000000 0.48192900 -0.87621030
vn 0.00000000 0.48192900 -0.87621030
vn 0.00000000 0.48192900 -0.87621030
vn 0.00000000 0.48192900 -0.87621030
vn 0.00000000 0.00000000 1.00000000
vn 0.00000000 0.00000000 1.00000000
vn 0.00000000 0.42995600 0.90284990
vn 0.00000000 0.42995600 0.90284990
vn 0.00000000 0.42995600 0.90284990
vn 0.00000000 0.42995600 0.90284990
vn 0.00000000 0.70710500 -0.70710860
vn 0.00000000 0.70710500 -0.70710860
vn 0.00000000 0.70710500 -0.70710860
vn 0.00000000 0.70710500 -0.70710860
vn 0.00000000 -0.04543125 0.99896750
vn 0.00000000 -0.04543125 0.99896750
vn 0.00000000 -0.04543125 0.99896750
vn 0.00000000 -0.04543125 0.99896750
vn 0.00000000 0.91037190 -0.41379110
vn 0.00000000 0.91037190 -0.41379110
vn 0.00000000 0.91037190 -0.41379110
vn 0.00000000 0.91037190 -0.41379110
vn 1.00000000 -0.00001491 0.00000230
vn 1.00000000 -0.00001491 0.00000230
vn 1.00000000 -0.00001491 0.00000230
vn 1.00000000 0.00000435 0.00000828
vn 1.00000000 0.00000435 0.00000828
vn 0.00000000 1.00000000 0.00000000
vn 0.00000000 1.00000000 0.00000000
vn 0.00000000 1.00000000 0.00000000
vn 0.00000000 1.00000000 0.00000000
vn 0.00000000 0.00000239 -1.00000000
vn 0.00000000 0.00000239 -1.00000000
vn 0.00000000 0.00000239 -1.00000000
vn 0.00000000 0.00000239 -1.00000000
vn 0.00000000 -0.00000220 1.00000000
vn 0.00000000 -0.00000220 1.00000000
vn 0.00000000 -0.00000220 1.00000000
vn 0.00000000 -0.00000220 1.00000000
vn 0.00000000 0.00000618 -1.00000000
vn 0.00000000 0.00000618 -1.00000000
vn 0.00000000 -0.37094740 -0.92865400
vn 0.00000000 -0.37094740 -0.92865400
vn 0.00000000 -0.37094740 -0.92865400
vn 0.00000000 -0.37094740 -0.92865400
vn 0.00000000 1.00000000 0.00000205
vn 0.00000000 1.00000000 0.00000205
vn 0.00000000 1.00000000 0.00000000
vn 0.00000000 1.00000000 0.00000000
vn 0.00000000 1.00000000 0.00000000
vn 0.00000000 1.00000000 0.00000000
vn 0.00000000 -0.00000027 1.00000000
vn 0.00000000 -0.00000027 1.00000000
vn 0.00000000 1.00000000 -0.00000228
vn 0.00000000 1.00000000 -0.00000228
vn 0.00000000 -0.37095060 -0.92865260
vn 0.00000000 -0.37095060 -0.92865260
vn 0.00000000 0.39471070 -0.91880540
vn 0.00000000 0.39471070 -0.91880540
vn 0.00000000 0.39471070 -0.91880540
vn 0.00000000 0.39471070 -0.91880540
vn 0.00000000 0.92405750 0.38225340
vn 0.00000000 0.92405750 0.38225340
vn 0.00000000 0.00001097 -1.00000000
vn 0.00000000 0.00001097 -1.00000000
vn 0.00000000 0.00001097 -1.00000000
vn 0.00000000 0.00001097 -1.00000000
vn 0.00000000 -0.00000099 1.00000000
vn 0.00000000 -0.00000099 1.00000000
vn 0.00000000 -0.00000099 1.00000000
vn 0.00000000 -1.00000000 -0.00000800
vn 0.00000000 -1.00000000 -0.00000800
vn 0.00000000 0.00000063 -1.00000000
vn 0.00000000 0.00000063 -1.00000000
vn 0.00000000 0.00000063 -1.00000000
vn 0.00000000 0.00000063 -1.00000000
vn 0.00000000 -0.00001362 -1.00000000
vn 0.00000000 -0.00001362 -1.00000000
vn 0.00000000 -0.00001362 -1.00000000
vn 0.00000000 -0.00001362 -1.00000000
vn 0.00000000 -0.00000439 1.00000000
vn 0.00000000 -0.00000439 1.00000000
vn 0.00000000 -0.00000439 1.00000000
vn 0.00000000 -0.83615300 -0.54849640
vn 0.00000000 -0.83615300 -0.54849640
vn 0.00000000 -0.70710100 0.70711260
vn 0.00000000 -0.70710100 0.70711260
vn 0.00000000 -0.61876960 0.78557250
vn 0.00000000 -1.00000000 0.00000011
vn 0.00000000 -1.00000000 0.00000011
vn 0.00000000 0.00000000 1.00000000
vn 0.00000000 0.00000000 1.00000000
vn 0.00000000 -1.00000000 0.00000000
vn 0.00000000 -0.86691950 0.49844820
vn 0.00000000 -0.86691950 0.49844820
vn 0.00000000 0.00000000 1.00000000
vn 0.00000000 -1.00000000 0.00000000
vn 0.00000000 -1.00000000 0.00000000
vn 0.00000000 0.00000000 1.00000000
vn 0.00000000 0.00000000 1.00000000
vn 0.00000000 -1.00000000 0.00000000
vn 0.00000000 -1.00000000 0.00000000
vn 0.00000000 -0.30610360 -0.95199830
vn 0.00000000 -0.30610360 -0.95199830
vn 0.00000000 -1.00000000 -0.00000129
vn 0.00000000 -1.00000000 -0.00000129
vn 0.00000000 0.00000000 -1.00000000
vn 0.00000000 0.00000000 -1.00000000
vn 0.00000000 0.00000000 -1.00000000
vn 0.00000000 -1.00000000 0.00000000
vn 0.00000000 -1.00000000 0.00000000
vn 0.00000000 0.00000150 1.00000000
vn 0.00000000 0.00000150 1.00000000
vn 0.00000000 0.00000150 1.00000000
vn 0.00000000 0.00000150 1.00000000
vn 0.00000000 -1.00000000 0.00000000
vn 0.00000000 -1.00000000 0.00000000
vn 0.00000000 -1.00000000 0.00000000
vn 0.00000000 -1.00000000 0.00000000
vn 0.00000000 -1.00000000 0.00000000
vn 0.00000000 -0.69859060 -0.71552160
vn 0.00000000 -0.14142630 -0.98994880
vn 0.00000000 -0.14142630 -0.98994880
vn -1.00000000 -0.00000130 -0.00000240
vn -1.00000000 -0.00000130 -0.00000240
vn 0.00000000 -0.64018420 0.76822140
vn 0.00000000 -0.64018420 0.76822140
vn 0.00000000 -0.64018420 0.76822140
vn 0.00000000 -0.64018420 0.76822140
vn 0.00000000 -0.70710510 0.70710850
vn -1.00000000 0.00000000 -0.00000045
vn 0.00000000 0.00000838 -1.00000000
vn 0.00000000 0.00000838 -1.00000000
vn 0.00000000 0.00000000 1.00000000
vn 0.00000000 0.00000000 1.00000000
vn 0.00000000 0.00000000 1.00000000
vn 0.00000000 0.99681550 0.07974239
vn 0.00000000 0.99681550 0.07974239
vn 0.00000000 0.99681550 0.07974239
vn 0.00000000 0.99681550 0.07974239
vn 0.00000000 -0.87160590 0.49020730
vn 0.00000000 -0.87160590 0.49020730
vn 0.00000000 -0.87160590 0.49020730
vn 0.00000000 -0.87160590 0.49020730
vn 0.00000000 0.37137460 -0.92848310
vn 0.00000000 0.37137460 -0.92848310
vn 0.00000000 0.37137460 -0.92848310
vn 0.00000000 0.37137460 -0.92848310
vn 0.00000000 0.86377060 0.50388530
vn 0.00000000 0.86377060 0.50388530
vn 0.00000000 0.86377060 0.50388530
vn 0.00000000 0.86377060 0.50388530
vn 0.00000000 -0.77414550 -0.63300780
vn 0.00000000 -0.77414550 -0.63300780
vn 0.00000000 -0.77414550 -0.63300780
vn 0.00000000 -0.77414550 -0.63300780
vn 0.00000000 -1.00000000 0.00000294
vn 0.00000000 -1.00000000 0.00000294
vn 0.00000000 0.78087210 -0.62469100
vn 0.00000000 0.78087210 -0.62469100
vn 0.00000000 0.78087210 -0.62469100
vn 0.00000000 0.78087210 -0.62469100
vn 0.00000000 0.46577400 0.88490370
vn 0.00000000 0.46577400 0.88490370
vn 0.00000000 0.46577400 0.88490370
vn 0.00000000 0.46577400 0.88490370
vn 0.00000000 -0.53687350 -0.84366280
vn 0.00000000 -0.53687350 -0.84366280
vn 0.00000000 -0.53687350 -0.84366280
vn 0.00000000 -0.53687350 -0.84366280
vn 0.00000000 -0.61877410 0.78556900
vn 0.00000000 -0.61877410 0.78556900
vn 0.00000000 1.00000000 0.00000371
vn 0.00000000 1.00000000 0.00000371
vn 0.00000000 1.00000000 0.00000371
vn 0.00000000 1.00000000 0.00000371
vn 0.00000000 -0.56143470 -0.82752110
vn 0.00000000 -0.56143470 -0.82752110
vn 0.00000000 -0.56143470 -0.82752110
vn 0.00000000 -0.56143470 -0.82752110
vn 0.00000000 0.99892420 0.04637325
vn 0.00000000 0.99892420 0.04637325
vn 0.00000000 0.99892420 0.04637325
vn 0.00000000 0.99892420 0.04637325
vn 0.00000000 0.07669644 -0.99705450
vn 0.00000000 0.07669644 -0.99705450
vn 0.00000000 0.07669644 -0.99705450
vn 0.00000000 0.07669644 -0.99705450
vn 0.00000000 -1.00000000 0.00000000
vn 0.00000000 -1.00000000 0.00000000
vn 0.00000000 0.86193160 0.50702460
vn 0.00000000 0.86193160 0.50702460
vn 0.00000000 0.86193160 0.50702460
vn 0.00000000 0.86193160 0.50702460
vn 0.00000000 0.48193150 -0.87620900
vn 0.00000000 0.48193150 -0.87620900
vn 0.00000000 0.48193150 -0.87620900
vn 0.00000000 0.48193150 -0.87620900
vn 0.00000000 0.00000000 1.00000000
vn 0.00000000 0.00000000 1.00000000
vn 0.00000000 0.42995460 0.90285050
vn 0.00000000 0.42995460 0.90285050
vn 0.00000000 0.42995460 0.90285050
vn 0.00000000 0.42995460 0.90285050
vn 0.00000000 0.70710370 -0.70710990
vn 0.00000000 0.70710370 -0.70710990
vn 0.00000000 0.70710370 -0.70710990
vn 0.00000000 0.70710370 -0.70710990
vn 0.00000000 -0.04543052 0.99896750
vn 0.00000000 -0.04543052 0.99896750
vn 0.00000000 -0.04543052 0.99896750
vn 0.00000000 -0.04543052 0.99896750
vn 0.00000000 0.91037240 -0.41379000
vn 0.00000000 0.91037240 -0.41379000
vn 0.00000000 0.91037240 -0.41379000
vn 0.00000000 0.91037240 -0.41379000
vn -1.00000000 -0.00001491 0.00000222
vn -1.00000000 -0.00001491 0.00000222
vn -1.00000000 -0.00001491 0.00000222
vn -1.00000000 0.00000435 0.00000868
vn -1.00000000 0.00000435 0.00000868
vn 0.00000000 1.00000000 0.00000000
vn 0.00000000 1.00000000 0.00000000
vn 0.00000000 1.00000000 0.00000000
vn 0.00000000 1.00000000 0.00000000
vn 0.00000000 0.00000000 -1.00000000
vn 0.00000000 0.00000000 -1.00000000
vn 0.00000000 0.00000000 -1.00000000
vn 0.00000000 0.00000000 -1.00000000
vn 0.00000000 0.00000000 1.00000000
vn 0.00000000 0.00000000 1.00000000
vn 0.00000000 0.00000000 1.00000000
vn 0.00000000 0.00000000 1.00000000
vn 0.00000000 0.00000000 -1.00000000
vn 0.00000000 0.00000000 -1.00000000
vn 0.00000000 -0.37094930 -0.92865310
vn 0.00000000 -0.37094930 -0.92865310
vn 0.00000000 -0.37094930 -0.92865310
vn 0.00000000 -0.37094930 -0.92865310
vn 0.00000000 1.00000000 0.00000205
vn 0.00000000 1.00000000 0.00000205
vn 0.00000000 1.00000000 0.00000000
vn 0.00000000 1.00000000 0.00000000
vn 0.00000000 1.00000000 0.00000000
vn 0.00000000 1.00000000 0.00000000
vn 0.00000000 0.00000000 1.00000000
vn 0.00000000 0.00000000 1.00000000
vn 0.00000000 1.00000000 -0.00000228
vn 0.00000000 1.00000000 -0.00000228
vn 0.00000000 -0.37095240 -0.92865190
vn 0.00000000 -0.37095240 -0.92865190
vn 0.00000000 0.39471130 -0.91880520
vn 0.00000000 0.39471130 -0.91880520
vn 0.00000000 0.39471130 -0.91880520
vn 0.00000000 0.39471130 -0.91880520
vn 0.00000000 0.92405780 0.38225290
vn 0.00000000 0.92405780 0.38225290
vn 0.00000000 0.00001097 -1.00000000
vn 0.00000000 0.00001097 -1.00000000
vn 0.00000000 0.00001097 -1.00000000
vn 0.00000000 0.00001097 -1.00000000
vn 0.00000000 -0.00000111 1.00000000
vn 0.00000000 -0.00000111 1.00000000
vn 0.00000000 -0.00000111 1.00000000
vn 0.00000000 -1.00000000 -0.00000800
vn 0.00000000 -1.00000000 -0.00000800
vn 0.00000000 0.00000000 -1.00000000
vn 0.00000000 0.00000000 -1.00000000
vn 0.00000000 0.00000000 -1.00000000
vn 0.00000000 0.00000000 -1.00000000
vn 0.00000000 -0.00002690 -1.00000000
vn 0.00000000 -0.00002690 -1.00000000
vn 0.00000000 -0.00002690 -1.00000000
vn 0.00000000 -0.00002690 -1.00000000
vn 0.00000000 0.00000000 1.00000000
vn 0.00000000 0.00000000 1.00000000
vn 0.00000000 0.00000000 1.00000000
vn 0.00000000 -0.83615270 -0.54849680
vn 0.00000000 -0.83615270 -0.54849680
vn 0.00000000 -0.70710150 0.70711210
vn 0.00000000 -0.70710150 0.70711210
vn 0.00000000 -0.61876960 0.78557250
vn 0.00000000 -1.00000000 0.00000011
vn 0.00000000 -1.00000000 0.00000011
vn 0.00000000 0.00000000 1.00000000
vn 0.00000000 0.00000000 1.00000000
vn 0.00000000 -1.00000000 0.00000000
vn 0.00000000 -0.86691950 0.49844820
vn 0.00000000 -0.86691950 0.49844820
vn 0.00000000 0.00000000 1.00000000
vn 0.00000000 -1.00000000 0.00000000
vn 0.00000000 -1.00000000 0.00000000
vn 0.00000000 0.00000000 1.00000000
vn 0.00000000 0.00000000 1.00000000
vn 0.00000000 -1.00000000 0.00000000
vn 0.00000000 -1.00000000 0.00000000
vn 0.00000000 -0.30610360 -0.95199830
vn 0.00000000 -0.30610360 -0.95199830
vn 0.00000000 -1.00000000 -0.00000129
vn 0.00000000 -1.00000000 -0.00000129
vn 0.00000000 0.00000000 -1.00000000
vn 0.00000000 0.00000000 -1.00000000
vn 0.00000000 0.00000000 -1.00000000
vn 0.00000000 -1.00000000 0.00000000
vn 0.00000000 -1.00000000 0.00000000
vn 0.00000000 0.00000000 1.00000000
vn 0.00000000 0.00000000 1.00000000
vn 0.00000000 0.00000000 1.00000000
vn 0.00000000 0.00000000 1.00000000
vn 0.00000000 -1.00000000 0.00000000
vn 0.00000000 -1.00000000 0.00000000
vn 0.00000000 -1.00000000 0.00000000
vn 0.00000000 -1.00000000 0.00000000
vn 0.00000000 -1.00000000 0.00000000
vn 0.00000000 -0.69859060 -0.71552160
vc 0.00000000 0.00000000 1.00000000 1.00000000
vc 0.00000000 0.00000000 1.00000000 1.00000000
vc 0.00000000 0.00000000 1.00000000 1.00000000
vc 0.00000000 0.00000000 1.00000000 1.00000000
vc 0.00000000 0.00000000 1.00000000 1.00000000
vc 0.00000000 0.00000000 1.00000000 1.00000000
vc 0.00000000 0.00000000 1.00000000 1.00000000
vc 0.00000000 0.00000000 1.00000000 1.00000000
vc 0.00000000 0.00000000 1.00000000 1.00000000
vc 0.00000000 0.00000000 1.00000000 1.00000000
vc 0.00000000 0.00000000 1.00000000 1.00000000
vc 0.00000000 0.00000000 1.00000000 1.00000000
vc 0.00000000 0.00000000 1.00000000 1.00000000
vc 0.00000000 0.00000000 1.00000000 1.00000000
vc 0.00000000 0.00000000 1.00000000 1.00000000
vc 0.00000000 0.00000000 1.00000000 1.00000000
vc 0.00000000 0.00000000 1.00000000 1.00000000
vc 0.00000000 0.00000000 1.00000000 1.00000000
vc 0.00000000 0.00000000 1.00000000 1.00000000
vc 0.00000000 0.00000000 1.00000000 1.00000000
vc 0.00000000 0.00000000 1.00000000 1.00000000
vc 0.00000000 0.00000000 1.00000000 1.00000000
vc 0.00000000 0.00000000 1.00000000 1.00000000
vc 0.00000000 0.00000000 1.00000000 1.00000000
vc 0.00000000 0.00000000 1.00000000 1.00000000
vc 0.00000000 0.00000000 1.00000000 1.00000000
vc 0.00000000 0.00000000 1.00000000 1.00000000
vc 0.00000000 0.00000000 1.00000000 1.00000000
vc 0.00000000 0.00000000 1.00000000 1.00000000
vc 0.00000000 0.00000000 1.00000000 1.00000000
vc 0.00000000 0.00000000 1.00000000 1.00000000
vc 0.00000000 0.00000000 1.00000000 1.00000000
vc 0.00000000 0.00000000 1.00000000 1.00000000
vc 0.00000000 0.00000000 1.00000000 1.00000000
vc 0.00000000 0.00000000 1.00000000 1.00000000
vc 0.00000000 0.00000000 1.00000000 1.00000000
vc 0.00000000 0.00000000 1.00000000 1.00000000
vc 0.00000000 0.00000000 1.00000000 1.00000000
vc 0.00000000 0.00000000 1.00000000 1.00000000
vc 0.00000000 0.00000000 1.00000000 1.00000000
vc 0.00000000 0.00000000 1.00000000 1.00000000
vc 0.00000000 0.00000000 1.00000000 1.00000000
vc 0.00000000 0.00000000 1.00000000 1.00000000
vc 0.00000000 0.00000000 1.00000000 1.00000000
vc 0.00000000 0.00000000 1.00000000 1.00000000
vc 0.00000000 0.00000000 1.00000000 1.00000000
vc 0.00000000 0.00000000 1.00000000 1.00000000
vc 0.00000000 0.00000000 1.00000000 1.00000000
vc 0.00000000 0.00000000 1.00000000 1.00000000
vc 0.00000000 0.00000000 1.00000000 1.00000000
vc 0.00000000 0.00000000 1.00000000 1.00000000
vc 0.00000000 0.00000000 1.00000000 1.00000000
vc 0.00000000 0.00000000 1.00000000 1.00000000
vc 0.00000000 0.00000000 1.00000000 1.00000000
vc 0.00000000 0.00000000 1.00000000 1.00000000
vc 0.00000000 0.00000000 1.00000000 1.00000000
vc 0.00000000 0.00000000 1.00000000 1.00000000
vc 0.00000000 0.00000000 1.00000000 1.00000000
vc 0.00000000 0.00000000 1.00000000 1.00000000
vc 0.00000000 0.00000000 1.00000000 1.00000000
vc 0.00000000 0.00000000 1.00000000 1.00000000
vc 0.00000000 0.00000000 1.00000000 1.00000000
vc 0.00000000 0.00000000 1.00000000 1.00000000
vc 0.00000000 0.00000000 1.00000000 1.00000000
vc 0.00000000 0.00000000 1.00000000 1.00000000
vc 0.00000000 0.00000000 1.00000000 1.00000000
vc 0.00000000 0.00000000 1.00000000 1.00000000
vc 0.00000000 0.00000000 1.00000000 1.00000000
vc 0.00000000 0.00000000 1.00000000 1.00000000
vc 0.00000000 0.00000000 1.00000000 1.00000000
vc 0.00000000 0.00000000 1.00000000 1.00000000
vc 0.00000000 0.00000000 1.00000000 1.00000000
vc 0.00000000 0.00000000 1.00000000 1.00000000
vc 0.00000000 0.00000000 1.00000000 1.00000000
vc 0.00000000 0.00000000 1.00000000 1.00000000
vc 0.00000000 0.00000000 1.00000000 1.00000000
vc 0.00000000 0.00000000 1.00000000 1.00000000
vc 0.00000000 0.00000000 1.00000000 1.00000000
vc 0.00000000 0.00000000 1.00000000 1.00000000
vc 0.00000000 0.00000000 1.00000000 1.00000000
vc 0.00000000 0.00000000 1.00000000 1.00000000
vc 0.00000000 0.00000000 1.00000000 1.00000000
vc 0.00000000 0.00000000 1.00000000 1.00000000
vc 0.00000000 0.00000000 1.00000000 1.00000000
vc 0.00000000 0.00000000 1.00000000 1.00000000
vc 0.00000000 0.00000000 1.00000000 1.00000000
vc 0.00000000 0.00000000 1.00000000 1.00000000
vc 0.00000000 0.00000000 1.00000000 1.00000000
vc 0.00000000 0.00000000 1.00000000 1.00000000
vc 0.00000000 0.00000000 1.00000000 1.00000000
vc 0.00000000 0.00000000 1.00000000 1.00000000
vc 0.00000000 0.00000000 1.00000000 1.00000000
vc 0.00000000 0.00000000 1.00000000 1.00000000
vc 0.00000000 0.00000000 1.00000000 1.00000000
vc 0.00000000 0.00000000 1.00000000 1.00000000
vc 0.00000000 0.00000000 1.00000000 1.00000000
vc 0.00000000 0.00000000 1.00000000 1.00000000
vc 0.00000000 0.00000000 1.00000000 1.00000000
vc 0.00000000 0.00000000 1.00000000 1.00000000
vc 0.00000000 0.00000000 1.00000000 1.00000000
vc 0.00000000 0.00000000 1.00000000 1.00000000
vc 0.00000000 0.00000000 1.00000000 1.00000000
vc 0.00000000 0.00000000 1.00000000 1.00000000
vc 0.00000000 0.00000000 1.00000000 1.00000000
vc 0.00000000 0.00000000 1.00000000 1.00000000
vc 0.00000000 0.00000000 1.00000000 1.00000000
vc 0.00000000 0.00000000 1.00000000 1.00000000
vc 0.00000000 0.00000000 1.00000000 1.00000000
vc 0.00000000 0.00000000 1.00000000 1.00000000
vc 0.00000000 0.00000000 1.00000000 1.00000000
vc 0.00000000 0.00000000 1.00000000 1.00000000
vc 0.00000000 0.00000000 1.00000000 1.00000000
vc 0.00000000 0.00000000 1.00000000 1.00000000
vc 0.00000000 0.00000000 1.00000000 1.00000000
vc 0.00000000 0.00000000 1.00000000 1.00000000
vc 0.00000000 0.00000000 1.00000000 1.00000000
vc 0.00000000 0.00000000 1.00000000 1.00000000
vc 0.00000000 0.00000000 1.00000000 1.00000000
vc 0.00000000 0.00000000 1.00000000 1.00000000
vc 0.00000000 0.00000000 1.00000000 1.00000000
vc 0.00000000 0.00000000 1.00000000 1.00000000
vc 0.00000000 0.00000000 1.00000000 1.00000000
vc 0.00000000 0.00000000 1.00000000 1.00000000
vc 0.00000000 0.00000000 1.00000000 1.00000000
vc 0.00000000 0.00000000 1.00000000 1.00000000
vc 0.00000000 0.00000000 1.00000000 1.00000000
vc 0.00000000 0.00000000 1.00000000 1.00000000
vc 0.00000000 0.00000000 1.00000000 1.00000000
vc 0.00000000 0.00000000 1.00000000 1.00000000
vc 0.00000000 0.00000000 1.00000000 1.00000000
vc 0.00000000 0.00000000 1.00000000 1.00000000
vc 0.00000000 0.00000000 1.00000000 1.00000000
vc 0.00000000 0.00000000 1.00000000 1.00000000
vc 0.00000000 0.00000000 1.00000000 1.00000000
vc 0.00000000 0.00000000 1.00000000 1.00000000
vc 0.00000000 0.00000000 1.00000000 1.00000000
vc 0.00000000 0.00000000 1.00000000 1.00000000
vc 0.00000000 0.00000000 1.00000000 1.00000000
vc 0.00000000 0.00000000 1.00000000 1.00000000
vc 0.00000000 0.00000000 1.00000000 1.00000000
vc 0.00000000 0.00000000 1.00000000 1.00000000
vc 0.00000000 0.00000000 1.00000000 1.00000000
vc 0.00000000 0.00000000 1.00000000 1.00000000
vc 0.00000000 0.00000000 1.00000000 1.00000000
vc 0.00000000 0.00000000 1.00000000 1.00000000
vc 0.00000000 0.00000000 1.00000000 1.00000000
vc 0.00000000 0.00000000 1.00000000 1.00000000
vc 0.00000000 0.00000000 1.00000000 1.00000000
vc 0.00000000 0.00000000 1.00000000 1.00000000
vc 0.00000000 0.00000000 1.00000000 1.00000000
vc 0.00000000 0.00000000 1.00000000 1.00000000
vc 0.00000000 0.00000000 1.00000000 1.00000000
vc 0.00000000 0.00000000 1.00000000 1.00000000
vc 0.00000000 0.00000000 1.00000000 1.00000000
vc 0.00000000 0.00000000 1.00000000 1.00000000
vc 0.00000000 0.00000000 1.00000000 1.00000000
vc 0.00000000 0.00000000 1.00000000 1.00000000
vc 0.00000000 0.00000000 1.00000000 1.00000000
vc 0.00000000 0.00000000 1.00000000 1.00000000
vc 0.00000000 0.00000000 1.00000000 1.00000000
vc 0.00000000 0.00000000 1.00000000 1.00000000
vc 0.00000000 0.00000000 1.00000000 1.00000000
vc 0.00000000 0.00000000 1.00000000 1.00000000
vc 0.00000000 0.00000000 1.00000000 1.00000000
vc 0.00000000 0.00000000 1.00000000 1.00000000
vc 0.00000000 0.00000000 1.00000000 1.00000000
vc 0.00000000 0.00000000 1.00000000 1.00000000
vc 0.00000000 0.00000000 1.00000000 1.00000000
vc 0.00000000 0.00000000 1.00000000 1.00000000
vc 0.00000000 0.00000000 1.00000000 1.00000000
vc 0.00000000 0.00000000 1.00000000 1.00000000
vc 0.00000000 0.00000000 1.00000000 1.00000000
vc 0.00000000 0.00000000 1.00000000 1.00000000
vc 0.00000000 0.00000000 1.00000000 1.00000000
vc 0.00000000 0.00000000 1.00000000 1.00000000
vc 0.00000000 0.00000000 1.00000000 1.00000000
vc 0.00000000 0.00000000 1.00000000 1.00000000
vc 0.00000000 0.00000000 1.00000000 1.00000000
vc 0.00000000 0.00000000 1.00000000 1.00000000
vc 0.00000000 0.00000000 1.00000000 1.00000000
vc 0.00000000 0.00000000 1.00000000 1.00000000
vc 0.00000000 0.00000000 1.00000000 1.00000000
vc 0.00000000 0.00000000 1.00000000 1.00000000
vc 0.00000000 0.00000000 1.00000000 1.00000000
vc 0.00000000 0.00000000 1.00000000 1.00000000
vc 0.00000000 0.00000000 1.00000000 1.00000000
vc 0.00000000 0.00000000 1.00000000 1.00000000
vc 0.00000000 0.00000000 1.00000000 1.00000000
vc 0.00000000 0.00000000 1.00000000 1.00000000
vc 0.00000000 0.00000000 1.00000000 1.00000000
vc 0.00000000 0.00000000 1.00000000 1.00000000
vc 0.00000000 0.00000000 1.00000000 1.00000000
vc 0.00000000 0.00000000 1.00000000 1.00000000
vc 0.00000000 0.00000000 1.00000000 1.00000000
vc 0.00000000 0.00000000 1.00000000 1.00000000
vc 0.00000000 0.00000000 1.00000000 1.00000000
vc 0.00000000 0.00000000 1.00000000 1.00000000
vc 0.00000000 0.00000000 1.00000000 1.00000000
vc 0.00000000 0.00000000 1.00000000 1.00000000
vc 0.00000000 0.00000000 1.00000000 1.00000000
vc 0.00000000 0.00000000 1.00000000 1.00000000
vc 0.00000000 0.00000000 1.00000000 1.00000000
vc 0.00000000 0.00000000 1.00000000 1.00000000
vc 0.00000000 0.00000000 1.00000000 1.00000000
vc 0.00000000 0.00000000 1.00000000 1.00000000
vc 0.00000000 0.00000000 1.00000000 1.00000000
vc 0.00000000 0.00000000 1.00000000 1.00000000
vc 0.00000000 0.00000000 1.00000000 1.00000000
vc 0.00000000 0.00000000 1.00000000 1.00000000
vc 0.00000000 0.00000000 1.00000000 1.00000000
vc 0.00000000 0.00000000 1.00000000 1.00000000
vc 0.00000000 0.00000000 1.00000000 1.00000000
vc 0.00000000 0.00000000 1.00000000 1.00000000
vc 0.00000000 0.00000000 1.00000000 1.00000000
vc 0.00000000 0.00000000 1.00000000 1.00000000
vc 0.00000000 0.00000000 1.00000000 1.00000000
vc 0.00000000 0.00000000 1.00000000 1.00000000
vc 0.00000000 0.00000000 1.00000000 1.00000000
vc 0.00000000 0.00000000 1.00000000 1.00000000
vc 0.00000000 0.00000000 1.00000000 1.00000000
vc 0.00000000 0.00000000 1.00000000 1.00000000
vc 0.00000000 0.00000000 1.00000000 1.00000000
vc 0.00000000 0.00000000 1.00000000 1.00000000
vc 0.00000000 0.00000000 1.00000000 1.00000000
vc 0.00000000 0.00000000 1.00000000 1.00000000
vc 0.00000000 0.00000000 1.00000000 1.00000000
vc 0.00000000 0.00000000 1.00000000 1.00000000
vc 0.00000000 0.00000000 1.00000000 1.00000000
vc 0.00000000 0.00000000 1.00000000 1.00000000
vc 0.00000000 0.00000000 1.00000000 1.00000000
vc 0.00000000 0.00000000 1.00000000 1.00000000
vc 0.00000000 0.00000000 1.00000000 1.00000000
vc 0.00000000 0.00000000 1.00000000 1.00000000
vc 0.00000000 0.00000000 1.00000000 1.00000000
vc 0.00000000 0.00000000 1.00000000 1.00000000
vc 0.00000000 0.00000000 1.00000000 1.00000000
vc 0.00000000 0.00000000 1.00000000 1.00000000
vc 0.00000000 0.00000000 1.00000000 1.00000000
vc 0.00000000 0.00000000 1.00000000 1.00000000
vc 0.00000000 0.00000000 1.00000000 1.00000000
vc 0.00000000 0.00000000 1.00000000 1.00000000
vc 0.00000000 0.00000000 1.00000000 1.00000000
vc 0.00000000 0.00000000 1.00000000 1.00000000
vc 0.00000000 0.00000000 1.00000000 1.00000000
vc 0.00000000 0.00000000 1.00000000 1.00000000
vc 0.00000000 0.00000000 1.00000000 1.00000000
vc 0.00000000 0.00000000 1.00000000 1.00000000
vc 0.00000000 0.00000000 1.00000000 1.00000000
vc 0.00000000 0.00000000 1.00000000 1.00000000
vc 0.00000000 0.00000000 1.00000000 1.00000000
vc 0.00000000 0.00000000 1.00000000 1.00000000
vc 0.00000000 0.00000000 1.00000000 1.00000000
vc 0.00000000 0.00000000 1.00000000 1.00000000
vc 0.00000000 0.00000000 1.00000000 1.00000000
vc 0.00000000 0.00000000 1.00000000 1.00000000
vc 0.00000000 0.00000000 1.00000000 1.00000000
vc 0.00000000 0.00000000 1.00000000 1.00000000
vc 0.00000000 0.00000000 1.00000000 1.00000000
vc 0.00000000 0.00000000 1.00000000 1.00000000
vc 0.00000000 0.00000000 1.00000000 1.00000000
vc 0.00000000 0.00000000 1.00000000 1.00000000
vc 0.00000000 0.00000000 1.00000000 1.00000000
vc 0.00000000 0.00000000 1.00000000 1.00000000
vc 0.00000000 0.00000000 1.00000000 1.00000000
vc 0.00000000 0.00000000 1.00000000 1.00000000
vc 0.00000000 0.00000000 1.00000000 1.00000000
vc 0.00000000 0.00000000 1.00000000 1.00000000
vc 0.00000000 0.00000000 1.00000000 1.00000000
vc 0.00000000 0.00000000 1.00000000 1.00000000
vc 0.00000000 0.00000000 1.00000000 1.00000000
vc 0.00000000 0.00000000 1.00000000 1.00000000
vc 0.00000000 0.00000000 1.00000000 1.00000000
vc 0.00000000 0.00000000 1.00000000 1.00000000
vc 0.00000000 0.00000000 1.00000000 1.00000000
vc 0.00000000 0.00000000 1.00000000 1.00000000
vc 0.00000000 0.00000000 1.00000000 1.00000000
vc 0.00000000 0.00000000 1.00000000 1.00000000
vc 0.00000000 0.00000000 1.00000000 1.00000000
vc 0.00000000 0.00000000 1.00000000 1.00000000
vc 0.00000000 0.00000000 1.00000000 1.00000000
vc 0.00000000 0.00000000 1.00000000 1.00000000
vc 0.00000000 0.00000000 1.00000000 1.00000000
vc 0.00000000 0.00000000 1.00000000 1.00000000
vc 0.00000000 0.00000000 1.00000000 1.00000000
vc 0.00000000 0.00000000 1.00000000 1.00000000
vc 0.00000000 0.00000000 1.00000000 1.00000000
vc 0.00000000 0.00000000 1.00000000 1.00000000
vc 0.00000000 0.00000000 1.00000000 1.00000000
vc 0.00000000 0.00000000 1.00000000 1.00000000
vc 0.00000000 0.00000000 1.00000000 1.00000000
vc 0.00000000 0.00000000 1.00000000 1.00000000
vc 0.00000000 0.00000000 1.00000000 1.00000000
vc 0.00000000 0.00000000 1.00000000 1.00000000
vc 0.00000000 0.00000000 1.00000000 1.00000000
vc 0.00000000 0.00000000 1.00000000 1.00000000
vc 0.00000000 0.00000000 1.00000000 1.00000000
vc 0.00000000 0.00000000 1.00000000 1.00000000
vc 0.00000000 0.00000000 1.00000000 1.00000000
vc 0.00000000 0.00000000 1.00000000 1.00000000
vc 0.00000000 0.00000000 1.00000000 1.00000000
vc 0.00000000 0.00000000 1.00000000 1.00000000
vc 0.00000000 0.00000000 1.00000000 1.00000000
vc 0.00000000 0.00000000 1.00000000 1.00000000
vc 0.00000000 0.00000000 1.00000000 1.00000000
vc 0.00000000 0.00000000 1.00000000 1.00000000
vc 0.00000000 0.00000000 1.00000000 1.00000000
vc 0.00000000 0.00000000 1.00000000 1.00000000
vc 0.00000000 0.00000000 1.00000000 1.00000000
vc 0.00000000 0.00000000 1.00000000 1.00000000
vc 0.00000000 0.00000000 1.00000000 1.00000000
vc 0.00000000 0.00000000 1.00000000 1.00000000
vc 0.00000000 0.00000000 1.00000000 1.00000000
vc 0.00000000 0.00000000 1.00000000 1.00000000
vc 0.00000000 0.00000000 1.00000000 1.00000000
vc 0.00000000 0.00000000 1.00000000 1.00000000
vc 0.00000000 0.00000000 1.00000000 1.00000000
vc 0.00000000 0.00000000 1.00000000 1.00000000
vc 0.00000000 0.00000000 1.00000000 1.00000000
vc 0.00000000 0.00000000 1.00000000 1.00000000
vc 0.00000000 0.00000000 1.00000000 1.00000000
vc 0.00000000 0.00000000 1.00000000 1.00000000
vc 0.00000000 0.00000000 1.00000000 1.00000000
vc 0.00000000 0.00000000 1.00000000 1.00000000
vc 0.00000000 0.00000000 1.00000000 1.00000000
vc 0.00000000 0.00000000 1.00000000 1.00000000
vc 0.00000000 0.00000000 1.00000000 1.00000000
vc 0.00000000 0.00000000 1.00000000 1.00000000
vc 0.00000000 0.00000000 1.00000000 1.00000000
vc 0.00000000 0.00000000 1.00000000 1.00000000
vc 0.00000000 0.00000000 1.00000000 1.00000000
vc 0.00000000 0.00000000 1.00000000 1.00000000
vc 0.00000000 0.00000000 1.00000000 1.00000000
vc 0.00000000 0.00000000 1.00000000 1.00000000
vc 0.00000000 0.00000000 1.00000000 1.00000000
vc 0.00000000 0.00000000 1.00000000 1.00000000
vc 0.00000000 0.00000000 1.00000000 1.00000000
vc 0.00000000 0.00000000 1.00000000 1.00000000
vc 0.00000000 0.00000000 1.00000000 1.00000000
vc 0.00000000 0.00000000 1.00000000 1.00000000
vc 0.00000000 0.00000000 1.00000000 1.00000000
vc 0.00000000 0.00000000 1.00000000 1.00000000
vc 0.00000000 0.00000000 1.00000000 1.00000000
vc 0.00000000 0.00000000 1.00000000 1.00000000
vc 0.00000000 0.00000000 1.00000000 1.00000000
vc 0.00000000 0.00000000 1.00000000 1.00000000
vc 0.00000000 0.00000000 1.00000000 1.00000000
vc 0.00000000 0.00000000 1.00000000 1.00000000
vc 0.00000000 0.00000000 1.00000000 1.00000000
vc 0.00000000 0.00000000 1.00000000 1.00000000
vc 0.00000000 0.00000000 1.00000000 1.00000000
vc 0.00000000 0.00000000 1.00000000 1.00000000
vc 0.00000000 0.00000000 1.00000000 1.00000000
vc 0.00000000 0.00000000 1.00000000 1.00000000
vc 0.00000000 0.00000000 1.00000000 1.00000000
vc 0.00000000 0.00000000 1.00000000 1.00000000
vc 0.00000000 0.00000000 1.00000000 1.00000000
vc 0.00000000 0.00000000 1.00000000 1.00000000
vc 0.00000000 0.00000000 1.00000000 1.00000000
vc 0.00000000 0.00000000 1.00000000 1.00000000
vc 0.00000000 0.00000000 1.00000000 1.00000000
vc 0.00000000 0.00000000 1.00000000 1.00000000
vc 0.00000000 0.00000000 1.00000000 1.00000000
vc 0.00000000 0.00000000 1.00000000 1.00000000
vc 0.00000000 0.00000000 1.00000000 1.00000000
vc 0.00000000 0.00000000 1.00000000 1.00000000
vc 0.00000000 0.00000000 1.00000000 1.00000000
vc 0.00000000 0.00000000 1.00000000 1.00000000
vc 0.00000000 0.00000000 1.00000000 1.00000000
vc 0.00000000 0.00000000 1.00000000 1.00000000
vc 0.00000000 0.00000000 1.00000000 1.00000000
vc 0.00000000 0.00000000 1.00000000 1.00000000
vc 0.00000000 0.00000000 1.00000000 1.00000000
vc 0.00000000 0.00000000 1.00000000 1.00000000
vc 0.00000000 0.00000000 1.00000000 1.00000000
vc 0.00000000 0.00000000 1.00000000 1.00000000
vc 0.00000000 0.00000000 1.00000000 1.00000000
vc 0.00000000 0.00000000 1.00000000 1.00000000
vc 0.00000000 0.00000000 1.00000000 1.00000000
vc 0.00000000 0.00000000 1.00000000 1.00000000
vc 0.00000000 0.00000000 1.00000000 1.00000000
vc 0.00000000 0.00000000 1.00000000 1.00000000
vc 0.00000000 0.00000000 1.00000000 1.00000000
vc 0.00000000 0.00000000 1.00000000 1.00000000
vc 0.00000000 0.00000000 1.00000000 1.00000000
vc 0.00000000 0.00000000 1.00000000 1.00000000
vc 0.00000000 0.00000000 1.00000000 1.00000000
vc 0.00000000 0.00000000 1.00000000 1.00000000
vc 0.00000000 0.00000000 1.00000000 1.00000000
vc 0.00000000 0.00000000 1.00000000 1.00000000
vc 0.00000000 0.00000000 1.00000000 1.00000000
vc 0.00000000 0.00000000 1.00000000 1.00000000
vc 0.00000000 0.00000000 1.00000000 1.00000000
vc 0.00000000 0.00000000 1.00000000 1.00000000
vc 0.00000000 0.00000000 1.00000000 1.00000000
vc 0.00000000 0.00000000 1.00000000 1.00000000
vc 0.00000000 0.00000000 1.00000000 1.00000000
vc 0.00000000 0.00000000 1.00000000 1.00000000
vc 0.00000000 0.00000000 1.00000000 1.00000000
vc 0.00000000 0.00000000 1.00000000 1.00000000
vc 0.00000000 0.00000000 1.00000000 1.00000000
vc 0.00000000 0.00000000 1.00000000 1.00000000
vc 0.00000000 0.00000000 1.00000000 1.00000000
vc 0.00000000 0.00000000 1.00000000 1.00000000
vc 0.00000000 0.00000000 1.00000000 1.00000000
vc 0.00000000 0.00000000 1.00000000 1.00000000
vc 0.00000000 0.00000000 1.00000000 1.00000000
vc 0.00000000 0.00000000 1.00000000 1.00000000
vc 0.00000000 0.00000000 1.00000000 1.00000000
vc 0.00000000 0.00000000 1.00000000 1.00000000
vc 0.00000000 0.00000000 1.00000000 1.00000000
vc 0.00000000 0.00000000 1.00000000 1.00000000
vc 0.00000000 0.00000000 1.00000000 1.00000000
vc 0.00000000 0.00000000 1.00000000 1.00000000
vc 0.00000000 0.00000000 1.00000000 1.00000000
vc 0.00000000 0.00000000 1.00000000 1.00000000
vc 0.00000000 0.00000000 1.00000000 1.00000000
vc 0.00000000 0.00000000 1.00000000 1.00000000
vc 0.00000000 0.00000000 1.00000000 1.00000000
vc 0.00000000 0.00000000 1.00000000 1.00000000
vc 0.00000000 0.00000000 1.00000000 1.00000000
vc 0.00000000 0.00000000 1.00000000 1.00000000
vc 0.00000000 0.00000000 1.00000000 1.00000000
vc 0.00000000 0.00000000 1.00000000 1.00000000
vc 0.00000000 0.00000000 1.00000000 1.00000000
vc 0.00000000 0.00000000 1.00000000 1.00000000
vc 0.00000000 0.00000000 1.00000000 1.00000000
vc 0.00000000 0.00000000 1.00000000 1.00000000
vc 0.00000000 0.00000000 1.00000000 1.00000000
vc 0.00000000 0.00000000 1.00000000 1.00000000
vc 0.00000000 0.00000000 1.00000000 1.00000000
vc 0.00000000 0.00000000 1.00000000 1.00000000
vc 0.00000000 0.00000000 1.00000000 1.00000000
vc 0.00000000 0.00000000 1.00000000 1.00000000
vc 0.00000000 0.00000000 1.00000000 1.00000000
vc 0.00000000 0.00000000 1.00000000 1.00000000
vc 0.00000000 0.00000000 1.00000000 1.00000000
vc 0.00000000 0.00000000 1.00000000 1.00000000
vc 0.00000000 0.00000000 1.00000000 1.00000000
vc 0.00000000 0.00000000 1.00000000 1.00000000
vc 0.00000000 0.00000000 1.00000000 1.00000000
vc 0.00000000 0.00000000 1.00000000 1.00000000
vc 0.00000000 0.00000000 1.00000000 1.00000000
vc 0.00000000 0.00000000 1.00000000 1.00000000
vc 0.00000000 0.00000000 1.00000000 1.00000000
vc 0.00000000 0.00000000 1.00000000 1.00000000
vc 0.00000000 0.00000000 1.00000000 1.00000000
vc 0.00000000 0.00000000 1.00000000 1.00000000
vc 0.00000000 0.00000000 1.00000000 1.00000000
vc 0.00000000 0.00000000 1.00000000 1.00000000
vc 0.00000000 0.00000000 1.00000000 1.00000000
vc 0.00000000 0.00000000 1.00000000 1.00000000
vc 0.00000000 0.00000000 1.00000000 1.00000000
vc 0.00000000 0.00000000 1.00000000 1.00000000
vc 0.00000000 0.00000000 1.00000000 1.00000000
vc 0.00000000 0.00000000 1.00000000 1.00000000
vc 0.00000000 0.00000000 1.00000000 1.00000000
vc 0.00000000 0.00000000 1.00000000 1.00000000
vc 0.00000000 0.00000000 1.00000000 1.00000000
vc 0.00000000 0.00000000 1.00000000 1.00000000
vc 0.00000000 0.00000000 1.00000000 1.00000000
vc 0.00000000 0.00000000 1.00000000 1.00000000
vc 0.00000000 0.00000000 1.00000000 1.00000000
vc 0.00000000 0.00000000 1.00000000 1.00000000
vc 0.00000000 0.00000000 1.00000000 1.00000000
vc 0.00000000 0.00000000 1.00000000 1.00000000
vc 0.00000000 0.00000000 1.00000000 1.00000000
vc 0.00000000 0.00000000 1.00000000 1.00000000
vc 0.00000000 0.00000000 1.00000000 1.00000000
vc 0.00000000 0.00000000 1.00000000 1.00000000
vc 0.00000000 0.00000000 1.00000000 1.00000000
vc 0.00000000 0.00000000 1.00000000 1.00000000
vc 0.00000000 0.00000000 1.00000000 1.00000000
vc 0.00000000 0.00000000 1.00000000 1.00000000
vc 0.00000000 0.00000000 1.00000000 1.00000000
vc 0.00000000 0.00000000 1.00000000 1.00000000
vc 0.00000000 0.00000000 1.00000000 1.00000000
vc 0.00000000 0.00000000 1.00000000 1.00000000
vc 0.00000000 0.00000000 1.00000000 1.00000000
vc 0.00000000 0.00000000 1.00000000 1.00000000
vc 0.00000000 0.00000000 1.00000000 1.00000000
vc 0.00000000 0.00000000 1.00000000 1.00000000
vc 0.00000000 0.00000000 1.00000000 1.00000000
vc 0.00000000 0.00000000 1.00000000 1.00000000
vc 0.00000000 0.00000000 1.00000000 1.00000000
vc 0.00000000 0.00000000 1.00000000 1.00000000
vc 0.00000000 0.00000000 1.00000000 1.00000000
vc 0.00000000 0.00000000 1.00000000 1.00000000
vc 0.00000000 0.00000000 1.00000000 1.00000000
vc 0.00000000 0.00000000 1.00000000 1.00000000
vc 0.00000000 0.00000000 1.00000000 1.00000000
vc 0.00000000 0.00000000 1.00000000 1.00000000
vc 0.00000000 0.00000000 1.00000000 1.00000000
vc 0.00000000 0.00000000 1.00000000 1.00000000
vc 0.00000000 0.00000000 1.00000000 1.00000000
vc 0.00000000 0.00000000 1.00000000 1.00000000
vc 0.00000000 0.00000000 1.00000000 1.00000000
vc 0.00000000 0.00000000 1.00000000 1.00000000
vc 0.00000000 0.00000000 1.00000000 1.00000000
vc 0.00000000 0.00000000 1.00000000 1.00000000
vc 0.00000000 0.00000000 1.00000000 1.00000000
vc 0.00000000 0.00000000 1.00000000 1.00000000
vc 0.00000000 0.00000000 1.00000000 1.00000000
vc 0.00000000 0.00000000 1.00000000 1.00000000
vc 0.00000000 0.00000000 1.00000000 1.00000000
vc 0.00000000 0.00000000 1.00000000 1.00000000
vc 0.00000000 0.00000000 1.00000000 1.00000000
vc 0.00000000 0.00000000 1.00000000 1.00000000
vc 0.00000000 0.00000000 1.00000000 1.00000000
vc 0.00000000 0.00000000 1.00000000 1.00000000
vc 0.00000000 0.00000000 1.00000000 1.00000000
vc 0.00000000 0.00000000 1.00000000 1.00000000
vc 0.00000000 0.00000000 1.00000000 1.00000000
vc 0.00000000 0.00000000 1.00000000 1.00000000
vc 0.00000000 0.00000000 1.00000000 1.00000000
vc 0.00000000 0.00000000 1.00000000 1.00000000
vc 0.00000000 0.00000000 1.00000000 1.00000000
vc 0.00000000 0.00000000 1.00000000 1.00000000
vc 0.00000000 0.00000000 1.00000000 1.00000000
vc 0.00000000 0.00000000 1.00000000 1.00000000
vc 0.00000000 0.00000000 1.00000000 1.00000000
vc 0.00000000 0.00000000 1.00000000 1.00000000
vc 0.00000000 0.00000000 1.00000000 1.00000000
vc 0.00000000 0.00000000 1.00000000 1.00000000
vc 0.00000000 0.00000000 1.00000000 1.00000000
vc 0.00000000 0.00000000 1.00000000 1.00000000
vc 0.00000000 0.00000000 1.00000000 1.00000000
vc 0.00000000 0.00000000 1.00000000 1.00000000
vc 0.00000000 0.00000000 1.00000000 1.00000000
vc 0.00000000 0.00000000 1.00000000 1.00000000
vc 0.00000000 0.00000000 1.00000000 1.00000000
vc 0.00000000 0.00000000 1.00000000 1.00000000
vc 0.00000000 0.00000000 1.00000000 1.00000000
vc 0.00000000 0.00000000 1.00000000 1.00000000
vc 0.00000000 0.00000000 1.00000000 1.00000000
vc 0.00000000 0.00000000 1.00000000 1.00000000
vc 0.00000000 0.00000000 1.00000000 1.00000000
vc 0.00000000 0.00000000 1.00000000 1.00000000
vc 0.00000000 0.00000000 1.00000000 1.00000000
vc 0.00000000 0.00000000 1.00000000 1.00000000
vc 0.00000000 0.00000000 1.00000000 1.00000000
vc 0.00000000 0.00000000 1.00000000 1.00000000
vc 0.00000000 0.00000000 1.00000000 1.00000000
vc 0.00000000 0.00000000 1.00000000 1.00000000
vc 0.00000000 0.00000000 1.00000000 1.00000000
vc 0.00000000 0.00000000 1.00000000 1.00000000
vc 0.00000000 0.00000000 1.00000000 1.00000000
vc 0.00000000 0.00000000 1.00000000 1.00000000
vc 0.00000000 0.00000000 1.00000000 1.00000000
vc 0.00000000 0.00000000 1.00000000 1.00000000
vc 0.00000000 0.00000000 1.00000000 1.00000000
vc 0.00000000 0.00000000 1.00000000 1.00000000
vc 0.00000000 0.00000000 1.00000000 1.00000000
vc 0.00000000 0.00000000 1.00000000 1.00000000
vc 0.00000000 0.00000000 1.00000000 1.00000000
vc 0.00000000 0.00000000 1.00000000 1.00000000
vc 0.00000000 0.00000000 1.00000000 1.00000000
vc 0.00000000 0.00000000 1.00000000 1.00000000
vc 0.00000000 0.00000000 1.00000000 1.00000000
vc 0.00000000 0.00000000 1.00000000 1.00000000
vc 0.00000000 0.00000000 1.00000000 1.00000000
vc 0.00000000 0.00000000 1.00000000 1.00000000
vc 0.00000000 0.00000000 1.00000000 1.00000000
vc 0.00000000 0.00000000 1.00000000 1.00000000
vc 0.00000000 0.00000000 1.00000000 1.00000000
vc 0.00000000 0.00000000 1.00000000 1.00000000
vc 0.00000000 0.00000000 1.00000000 1.00000000
vc 0.00000000 0.00000000 1.00000000 1.00000000
vc 0.00000000 0.00000000 1.00000000 1.00000000
vc 0.00000000 0.00000000 1.00000000 1.00000000
vc 0.00000000 0.00000000 1.00000000 1.00000000
vc 0.00000000 0.00000000 1.00000000 1.00000000
vc 0.00000000 0.00000000 1.00000000 1.00000000
vc 0.00000000 0.00000000 1.00000000 1.00000000
vc 0.00000000 0.00000000 1.00000000 1.00000000
vc 0.00000000 0.00000000 1.00000000 1.00000000
vc 0.00000000 0.00000000 1.00000000 1.00000000
vc 0.00000000 0.00000000 1.00000000 1.00000000
vc 0.00000000 0.00000000 1.00000000 1.00000000
vc 0.00000000 0.00000000 1.00000000 1.00000000
vc 0.00000000 0.00000000 1.00000000 1.00000000
vc 0.00000000 0.00000000 1.00000000 1.00000000
vc 0.00000000 0.00000000 1.00000000 1.00000000
vc 0.00000000 0.00000000 1.00000000 1.00000000
vc 0.00000000 0.00000000 1.00000000 1.00000000
vc 0.00000000 0.00000000 1.00000000 1.00000000
vc 0.00000000 0.00000000 1.00000000 1.00000000
vc 0.00000000 0.00000000 1.00000000 1.00000000
vc 0.00000000 0.00000000 1.00000000 1.00000000
vc 0.00000000 0.00000000 1.00000000 1.00000000
vc 0.00000000 0.00000000 1.00000000 1.00000000
vc 0.00000000 0.00000000 1.00000000 1.00000000
vc 0.00000000 0.00000000 1.00000000 1.00000000
vc 0.00000000 0.00000000 1.00000000 1.00000000
vc 0.00000000 0.00000000 1.00000000 1.00000000
vc 0.00000000 0.00000000 1.00000000 1.00000000
vc 0.00000000 0.00000000 1.00000000 1.00000000
vc 0.00000000 0.00000000 1.00000000 1.00000000
vc 0.00000000 0.00000000 1.00000000 1.00000000
vc 0.00000000 0.00000000 1.00000000 1.00000000
vc 0.00000000 0.00000000 1.00000000 1.00000000
vc 0.00000000 0.00000000 1.00000000 1.00000000
vc 0.00000000 0.00000000 1.00000000 1.00000000
vc 0.00000000 0.00000000 1.00000000 1.00000000
vc 0.00000000 0.00000000 1.00000000 1.00000000
vc 0.00000000 0.00000000 1.00000000 1.00000000
vc 0.00000000 0.00000000 1.00000000 1.00000000
vc 0.00000000 0.00000000 1.00000000 1.00000000
vc 0.00000000 0.00000000 1.00000000 1.00000000
vc 0.00000000 0.00000000 1.00000000 1.00000000
vc 0.00000000 0.00000000 1.00000000 1.00000000
vc 0.00000000 0.00000000 1.00000000 1.00000000
vc 0.00000000 0.00000000 1.00000000 1.00000000
vc 0.00000000 0.00000000 1.00000000 1.00000000
vc 0.00000000 0.00000000 1.00000000 1.00000000
vc 0.00000000 0.00000000 1.00000000 1.00000000
vc 0.00000000 0.00000000 1.00000000 1.00000000
vc 0.00000000 0.00000000 1.00000000 1.00000000
vc 0.00000000 0.00000000 1.00000000 1.00000000
vc 0.00000000 0.00000000 1.00000000 1.00000000
vc 0.00000000 0.00000000 1.00000000 1.00000000
vc 0.00000000 0.00000000 1.00000000 1.00000000
vc 0.00000000 0.00000000 1.00000000 1.00000000
vc 0.00000000 0.00000000 1.00000000 1.00000000
vc 0.00000000 0.00000000 1.00000000 1.00000000
vc 0.00000000 0.00000000 1.00000000 1.00000000
vc 0.00000000 0.00000000 1.00000000 1.00000000
vc 0.00000000 0.00000000 1.00000000 1.00000000
vc 0.00000000 0.00000000 1.00000000 1.00000000
vc 0.00000000 0.00000000 1.00000000 1.00000000
vc 0.00000000 0.00000000 1.00000000 1.00000000
vc 0.00000000 0.00000000 1.00000000 1.00000000
vc 0.00000000 0.00000000 1.00000000 1.00000000
vc 0.00000000 0.00000000 1.00000000 1.00000000
vc 0.00000000 0.00000000 1.00000000 1.00000000
vc 0.00000000 0.00000000 1.00000000 1.00000000
vc 0.00000000 0.00000000 1.00000000 1.00000000
vc 0.00000000 0.00000000 1.00000000 1.00000000
vc 0.00000000 0.00000000 1.00000000 1.00000000
vc 0.00000000 0.00000000 1.00000000 1.00000000
vc 0.00000000 0.00000000 1.00000000 1.00000000
vc 0.00000000 0.00000000 1.00000000 1.00000000
vc 0.00000000 0.00000000 1.00000000 1.00000000
vc 0.00000000 0.00000000 1.00000000 1.00000000
vc 0.00000000 0.00000000 1.00000000 1.00000000
vc 0.00000000 0.00000000 1.00000000 1.00000000
vc 0.00000000 0.00000000 1.00000000 1.00000000
vc 0.00000000 0.00000000 1.00000000 1.00000000
vc 0.00000000 0.00000000 1.00000000 1.00000000
vc 0.00000000 0.00000000 1.00000000 1.00000000
vc 0.00000000 0.00000000 1.00000000 1.00000000
vc 0.00000000 0.00000000 1.00000000 1.00000000
vc 0.00000000 0.00000000 1.00000000 1.00000000
vc 0.00000000 0.00000000 1.00000000 1.00000000
vc 0.00000000 0.00000000 1.00000000 1.00000000
vc 0.00000000 0.00000000 1.00000000 1.00000000
vc 0.00000000 0.00000000 1.00000000 1.00000000
vc 0.00000000 0.00000000 1.00000000 1.00000000
vc 0.00000000 0.00000000 1.00000000 1.00000000
vc 0.00000000 0.00000000 1.00000000 1.00000000
vc 0.00000000 0.00000000 1.00000000 1.00000000
vc 0.00000000 0.00000000 1.00000000 1.00000000
vc 0.00000000 0.00000000 1.00000000 1.00000000
vc 0.00000000 0.00000000 1.00000000 1.00000000
vc 0.00000000 0.00000000 1.00000000 1.00000000
vc 0.00000000 0.00000000 1.00000000 1.00000000
vc 0.00000000 0.00000000 1.00000000 1.00000000
vc 0.00000000 0.00000000 1.00000000 1.00000000
vc 0.00000000 0.00000000 1.00000000 1.00000000
vc 0.00000000 0.00000000 1.00000000 1.00000000
vc 0.00000000 0.00000000 1.00000000 1.00000000
vc 0.00000000 0.00000000 1.00000000 1.00000000
vc 0.00000000 0.00000000 1.00000000 1.00000000
vc 0.00000000 0.00000000 1.00000000 1.00000000
vc 0.00000000 0.00000000 1.00000000 1.00000000
vc 0.00000000 0.00000000 1.00000000 1.00000000
vc 0.00000000 0.00000000 1.00000000 1.00000000
vc 0.00000000 0.00000000 1.00000000 1.00000000
vc 0.00000000 0.00000000 1.00000000 1.00000000
vc 0.00000000 0.00000000 1.00000000 1.00000000
vc 0.00000000 0.00000000 1.00000000 1.00000000
vc 0.00000000 0.00000000 1.00000000 1.00000000
vc 0.00000000 0.00000000 1.00000000 1.00000000
vc 0.00000000 0.00000000 1.00000000 1.00000000
vc 0.00000000 0.00000000 1.00000000 1.00000000
vc 0.00000000 0.00000000 1.00000000 1.00000000
vc 0.00000000 0.00000000 1.00000000 1.00000000
vc 0.00000000 0.00000000 1.00000000 1.00000000
vc 0.00000000 0.00000000 1.00000000 1.00000000
vc 0.00000000 0.00000000 1.00000000 1.00000000
vc 0.00000000 0.00000000 1.00000000 1.00000000
vc 0.00000000 0.00000000 1.00000000 1.00000000
vc 0.00000000 0.00000000 1.00000000 1.00000000
vc 0.00000000 0.00000000 1.00000000 1.00000000
vc 0.00000000 0.00000000 1.00000000 1.00000000
vc 0.00000000 0.00000000 1.00000000 1.00000000
vc 0.00000000 0.00000000 1.00000000 1.00000000
vc 0.00000000 0.00000000 1.00000000 1.00000000
vc 0.00000000 0.00000000 1.00000000 1.00000000
vc 0.00000000 0.00000000 1.00000000 1.00000000
vc 0.00000000 0.00000000 1.00000000 1.00000000
vc 0.00000000 0.00000000 1.00000000 1.00000000
vc 0.00000000 0.00000000 1.00000000 1.00000000
vc 0.00000000 0.00000000 1.00000000 1.00000000
vc 0.00000000 0.00000000 1.00000000 1.00000000
vc 0.00000000 0.00000000 1.00000000 1.00000000
vc 0.00000000 0.00000000 1.00000000 1.00000000
vc 0.00000000 0.00000000 1.00000000 1.00000000
vc 0.00000000 0.00000000 1.00000000 1.00000000
vc 0.00000000 0.00000000 1.00000000 1.00000000
vc 0.00000000 0.00000000 1.00000000 1.00000000
vc 0.00000000 0.00000000 1.00000000 1.00000000
vc 0.00000000 0.00000000 1.00000000 1.00000000
vc 0.00000000 0.00000000 1.00000000 1.00000000
vc 0.00000000 0.00000000 1.00000000 1.00000000
vc 0.00000000 0.00000000 1.00000000 1.00000000
vc 0.00000000 0.00000000 1.00000000 1.00000000
vc 0.00000000 0.00000000 1.00000000 1.00000000
vc 0.00000000 0.00000000 1.00000000 1.00000000
vc 0.00000000 0.00000000 1.00000000 1.00000000
vc 0.00000000 0.00000000 1.00000000 1.00000000
vc 0.00000000 0.00000000 1.00000000 1.00000000
vc 0.00000000 0.00000000 1.00000000 1.00000000
vc 0.00000000 0.00000000 1.00000000 1.00000000
vc 0.00000000 0.00000000 1.00000000 1.00000000
vc 0.00000000 0.00000000 1.00000000 1.00000000
vc 0.00000000 0.00000000 1.00000000 1.00000000
vc 0.00000000 0.00000000 1.00000000 1.00000000
vc 0.00000000 0.00000000 1.00000000 1.00000000
vc 0.00000000 0.00000000 1.00000000 1.00000000
vc 0.00000000 0.00000000 1.00000000 1.00000000
vc 0.00000000 0.00000000 1.00000000 1.00000000
vc 0.00000000 0.00000000 1.00000000 1.00000000
vc 0.00000000 0.00000000 1.00000000 1.00000000
vc 0.00000000 0.00000000 1.00000000 1.00000000
vc 0.00000000 0.00000000 1.00000000 1.00000000
vc 0.00000000 0.00000000 1.00000000 1.00000000
vc 0.00000000 0.00000000 1.00000000 1.00000000
vc 0.00000000 0.00000000 1.00000000 1.00000000
vc 0.00000000 0.00000000 1.00000000 1.00000000
vc 0.00000000 0.00000000 1.00000000 1.00000000
vc 0.00000000 0.00000000 1.00000000 1.00000000
vc 0.00000000 0.00000000 1.00000000 1.00000000
vc 0.00000000 0.00000000 1.00000000 1.00000000
vc 0.00000000 0.00000000 1.00000000 1.00000000
vc 0.00000000 0.00000000 1.00000000 1.00000000
vc 0.00000000 0.00000000 1.00000000 1.00000000
vc 0.00000000 0.00000000 1.00000000 1.00000000
vc 0.00000000 0.00000000 1.00000000 1.00000000
vc 0.00000000 0.00000000 1.00000000 1.00000000
vc 0.00000000 0.00000000 1.00000000 1.00000000
vc 0.00000000 0.00000000 1.00000000 1.00000000
vc 0.00000000 0.00000000 1.00000000 1.00000000
vc 0.00000000 0.00000000 1.00000000 1.00000000
vc 0.00000000 0.00000000 1.00000000 1.00000000
vc 0.00000000 0.00000000 1.00000000 1.00000000
vc 0.00000000 0.00000000 1.00000000 1.00000000
vc 0.00000000 0.00000000 1.00000000 1.00000000
vc 0.00000000 0.00000000 1.00000000 1.00000000
vc 0.00000000 0.00000000 1.00000000 1.00000000
vc 0.00000000 0.00000000 1.00000000 1.00000000
vc 0.00000000 0.00000000 1.00000000 1.00000000
vc 0.00000000 0.00000000 1.00000000 1.00000000
vc 0.00000000 0.00000000 1.00000000 1.00000000
vc 0.00000000 0.00000000 1.00000000 1.00000000
vc 0.00000000 0.00000000 1.00000000 1.00000000
vc 0.00000000 0.00000000 1.00000000 1.00000000
vc 0.00000000 0.00000000 1.00000000 1.00000000
vc 0.00000000 0.00000000 1.00000000 1.00000000
vc 0.00000000 0.00000000 1.00000000 1.00000000
vc 0.00000000 0.00000000 1.00000000 1.00000000
vc 0.00000000 0.00000000 1.00000000 1.00000000
vc 0.00000000 0.00000000 1.00000000 1.00000000
vc 0.00000000 0.00000000 1.00000000 1.00000000
vc 0.00000000 0.00000000 1.00000000 1.00000000
vc 0.00000000 0.00000000 1.00000000 1.00000000
vc 0.00000000 0.00000000 1.00000000 1.00000000
vc 0.00000000 0.00000000 1.00000000 1.00000000
vc 0.00000000 0.00000000 1.00000000 1.00000000
vc 0.00000000 0.00000000 1.00000000 1.00000000
vc 0.00000000 0.00000000 1.00000000 1.00000000
vc 0.00000000 0.00000000 1.00000000 1.00000000
vc 0.00000000 0.00000000 1.00000000 1.00000000
vc 0.00000000 0.00000000 1.00000000 1.00000000
vc 0.00000000 0.00000000 1.00000000 1.00000000
vc 0.00000000 0.00000000 1.00000000 1.00000000
vc 0.00000000 0.00000000 1.00000000 1.00000000
vc 0.00000000 0.00000000 1.00000000 1.00000000
vc 0.00000000 0.00000000 1.00000000 1.00000000
vc 0.00000000 0.00000000 1.00000000 1.00000000
vc 0.00000000 0.00000000 1.00000000 1.00000000
vc 0.00000000 0.00000000 1.00000000 1.00000000
vc 0.00000000 0.00000000 1.00000000 1.00000000
vc 0.00000000 0.00000000 1.00000000 1.00000000
vc 0.00000000 0.00000000 1.00000000 1.00000000
vc 0.00000000 0.00000000 1.00000000 1.00000000
vc 0.00000000 0.00000000 1.00000000 1.00000000
vc 0.00000000 0.00000000 1.00000000 1.00000000
vc 0.00000000 0.00000000 1.00000000 1.00000000
vc 0.00000000 0.00000000 1.00000000 1.00000000
vc 0.00000000 0.00000000 1.00000000 1.00000000
vc 0.00000000 0.00000000 1.00000000 1.00000000
vc 0.00000000 0.00000000 1.00000000 1.00000000
vc 0.00000000 0.00000000 1.00000000 1.00000000
vc 0.00000000 0.00000000 1.00000000 1.00000000
vc 0.00000000 0.00000000 1.00000000 1.00000000
vc 0.00000000 0.00000000 1.00000000 1.00000000
vc 0.00000000 0.00000000 1.00000000 1.00000000
vc 0.00000000 0.00000000 1.00000000 1.00000000
vc 0.00000000 0.00000000 1.00000000 1.00000000
vc 0.00000000 0.00000000 1.00000000 1.00000000
vc 0.00000000 0.00000000 1.00000000 1.00000000
vc 0.00000000 0.00000000 1.00000000 1.00000000
vc 0.00000000 0.00000000 1.00000000 1.00000000
vc 0.00000000 0.00000000 1.00000000 1.00000000
vc 0.00000000 0.00000000 1.00000000 1.00000000
vc 0.00000000 0.00000000 1.00000000 1.00000000
vc 0.00000000 0.00000000 1.00000000 1.00000000
vc 0.00000000 0.00000000 1.00000000 1.00000000
vc 0.00000000 0.00000000 1.00000000 1.00000000
vc 0.00000000 0.00000000 1.00000000 1.00000000
vc 0.00000000 0.00000000 1.00000000 1.00000000
vc 0.00000000 0.00000000 1.00000000 1.00000000
vc 0.00000000 0.00000000 1.00000000 1.00000000
vc 0.00000000 0.00000000 1.00000000 1.00000000
vc 0.00000000 0.00000000 1.00000000 1.00000000
vc 0.00000000 0.00000000 1.00000000 1.00000000
vc 0.00000000 0.00000000 1.00000000 1.00000000
vc 0.00000000 0.00000000 1.00000000 1.00000000
vc 0.00000000 0.00000000 1.00000000 1.00000000
vc 0.00000000 0.00000000 1.00000000 1.00000000
vc 0.00000000 0.00000000 1.00000000 1.00000000
vc 0.00000000 0.00000000 1.00000000 1.00000000
vc 0.00000000 0.00000000 1.00000000 1.00000000
vc 0.00000000 0.00000000 1.00000000 1.00000000
vc 0.00000000 0.00000000 1.00000000 1.00000000
vc 0.00000000 0.00000000 1.00000000 1.00000000
vc 0.00000000 0.00000000 1.00000000 1.00000000
vc 0.00000000 0.00000000 1.00000000 1.00000000
vc 0.00000000 0.00000000 1.00000000 1.00000000
vc 0.00000000 0.00000000 1.00000000 1.00000000
vc 0.00000000 0.00000000 1.00000000 1.00000000
vc 0.00000000 0.00000000 1.00000000 1.00000000
vc 0.00000000 0.00000000 1.00000000 1.00000000
vc 0.00000000 0.00000000 1.00000000 1.00000000
vc 0.00000000 0.00000000 1.00000000 1.00000000
vc 0.00000000 0.00000000 1.00000000 1.00000000
vc 0.00000000 0.00000000 1.00000000 1.00000000
vc 0.00000000 0.00000000 1.00000000 1.00000000
vc 0.00000000 0.00000000 1.00000000 1.00000000
vc 0.00000000 0.00000000 1.00000000 1.00000000
vc 0.00000000 0.00000000 1.00000000 1.00000000
vc 0.00000000 0.00000000 1.00000000 1.00000000
vc 0.00000000 0.00000000 1.00000000 1.00000000
vc 0.00000000 0.00000000 1.00000000 1.00000000
vc 0.00000000 0.00000000 1.00000000 1.00000000
vc 0.00000000 0.00000000 1.00000000 1.00000000
vc 0.00000000 0.00000000 1.00000000 1.00000000
vc 0.00000000 0.00000000 1.00000000 1.00000000
vc 0.00000000 0.00000000 1.00000000 1.00000000
vc 0.00000000 0.00000000 1.00000000 1.00000000
vc 0.00000000 0.00000000 1.00000000 1.00000000
vc 0.00000000 0.00000000 1.00000000 1.00000000
vc 0.00000000 0.00000000 1.00000000 1.00000000
vc 0.00000000 0.00000000 1.00000000 1.00000000
vc 0.00000000 0.00000000 1.00000000 1.00000000
vc 0.00000000 0.00000000 1.00000000 1.00000000
vc 0.00000000 0.00000000 1.00000000 1.00000000
vc 0.00000000 0.00000000 1.00000000 1.00000000
vc 0.00000000 0.00000000 1.00000000 1.00000000
vc 0.00000000 0.00000000 1.00000000 1.00000000
vc 0.00000000 0.00000000 1.00000000 1.00000000
vc 0.00000000 0.00000000 1.00000000 1.00000000
vc 0.00000000 0.00000000 1.00000000 1.00000000
vc 0.00000000 0.00000000 1.00000000 1.00000000
vc 0.00000000 0.00000000 1.00000000 1.00000000
vc 0.00000000 0.00000000 1.00000000 1.00000000
vc 0.00000000 0.00000000 1.00000000 1.00000000
vc 0.00000000 0.00000000 1.00000000 1.00000000
vc 0.00000000 0.00000000 1.00000000 1.00000000
vc 0.00000000 0.00000000 1.00000000 1.00000000
vc 0.00000000 0.00000000 1.00000000 1.00000000
vc 0.00000000 0.00000000 1.00000000 1.00000000
vc 0.00000000 0.00000000 1.00000000 1.00000000
vc 0.00000000 0.00000000 1.00000000 1.00000000
vc 0.00000000 0.00000000 1.00000000 1.00000000
vc 0.00000000 0.00000000 1.00000000 1.00000000
vc 0.00000000 0.00000000 1.00000000 1.00000000
vc 0.00000000 0.00000000 1.00000000 1.00000000
vc 0.00000000 0.00000000 1.00000000 1.00000000
vc 0.00000000 0.00000000 1.00000000 1.00000000
vc 0.00000000 0.00000000 1.00000000 1.00000000
vc 0.00000000 0.00000000 1.00000000 1.00000000
vc 0.00000000 0.00000000 1.00000000 1.00000000
vc 0.00000000 0.00000000 1.00000000 1.00000000
vc 0.00000000 0.00000000 1.00000000 1.00000000
vc 0.00000000 0.00000000 1.00000000 1.00000000
vc 0.00000000 0.00000000 1.00000000 1.00000000
vc 0.00000000 0.00000000 1.00000000 1.00000000
vc 0.00000000 0.00000000 1.00000000 1.00000000
vc 0.00000000 0.00000000 1.00000000 1.00000000
vc 0.00000000 0.00000000 1.00000000 1.00000000
vc 0.00000000 0.00000000 1.00000000 1.00000000
vc 0.00000000 0.00000000 1.00000000 1.00000000
vc 0.00000000 0.00000000 1.00000000 1.00000000
vc 0.00000000 0.00000000 1.00000000 1.00000000
vc 0.00000000 0.00000000 1.00000000 1.00000000
vc 0.00000000 0.00000000 1.00000000 1.00000000
vc 0.00000000 0.00000000 1.00000000 1.00000000
vc 0.00000000 0.00000000 1.00000000 1.00000000
vc 0.00000000 0.00000000 1.00000000 1.00000000
vc 0.00000000 0.00000000 1.00000000 1.00000000
vc 0.00000000 0.00000000 1.00000000 1.00000000
vc 0.00000000 0.00000000 1.00000000 1.00000000
vc 0.00000000 0.00000000 1.00000000 1.00000000
vc 0.00000000 0.00000000 1.00000000 1.00000000
vc 0.00000000 0.00000000 1.00000000 1.00000000
vc 0.00000000 0.00000000 1.00000000 1.00000000
vc 0.00000000 0.00000000 1.00000000 1.00000000
vc 0.00000000 0.00000000 1.00000000 1.00000000
vc 0.00000000 0.00000000 1.00000000 1.00000000
vc 0.00000000 0.00000000 1.00000000 1.00000000
vc 0.00000000 0.00000000 1.00000000 1.00000000
vc 0.00000000 0.00000000 1.00000000 1.00000000
vc 0.00000000 0.00000000 1.00000000 1.00000000
vc 0.00000000 0.00000000 1.00000000 1.00000000
vc 0.00000000 0.00000000 1.00000000 1.00000000
vc 0.00000000 0.00000000 1.00000000 1.00000000
vc 0.00000000 0.00000000 1.00000000 1.00000000
vc 0.00000000 0.00000000 1.00000000 1.00000000
vc 0.00000000 0.00000000 1.00000000 1.00000000
vc 0.00000000 0.00000000 1.00000000 1.00000000
vc 0.00000000 0.00000000 1.00000000 1.00000000
vc 0.00000000 0.00000000 1.00000000 1.00000000
vc 0.00000000 0.00000000 1.00000000 1.00000000
vc 0.00000000 0.00000000 1.00000000 1.00000000
vc 0.00000000 0.00000000 1.00000000 1.00000000
vc 0.00000000 0.00000000 1.00000000 1.00000000
vc 0.00000000 0.00000000 1.00000000 1.00000000
vc 0.00000000 0.00000000 1.00000000 1.00000000
vc 0.00000000 0.00000000 1.00000000 1.00000000
vc 0.00000000 0.00000000 1.00000000 1.00000000
vc 0.00000000 0.00000000 1.00000000 1.00000000
vc 0.00000000 0.00000000 1.00000000 1.00000000
vc 0.00000000 0.00000000 1.00000000 1.00000000
vc 0.00000000 0.00000000 1.00000000 1.00000000
vc 0.00000000 0.00000000 1.00000000 1.00000000
vc 0.00000000 0.00000000 1.00000000 1.00000000
vc 0.00000000 0.00000000 1.00000000 1.00000000
vc 0.00000000 0.00000000 1.00000000 1.00000000
vc 0.00000000 0.00000000 1.00000000 1.00000000
vc 1.00000000 0.00000000 1.00000000 1.00000000
vc 1.00000000 0.00000000 1.00000000 1.00000000
vc 1.00000000 0.00000000 1.00000000 1.00000000
vc 1.00000000 0.00000000 1.00000000 1.00000000
vc 1.00000000 0.00000000 1.00000000 1.00000000
vc 1.00000000 0.00000000 1.00000000 1.00000000
vc 1.00000000 0.00000000 1.00000000 1.00000000
vc 1.00000000 0.00000000 1.00000000 1.00000000
vc 1.00000000 0.00000000 1.00000000 1.00000000
vc 1.00000000 0.00000000 1.00000000 1.00000000
vc 1.00000000 0.00000000 1.00000000 1.00000000
vc 1.00000000 0.00000000 1.00000000 1.00000000
vc 1.00000000 0.00000000 1.00000000 1.00000000
vc 1.00000000 0.00000000 1.00000000 1.00000000
vc 1.00000000 0.00000000 1.00000000 1.00000000
vc 1.00000000 0.00000000 1.00000000 1.00000000
vc 1.00000000 0.00000000 1.00000000 1.00000000
vc 1.00000000 0.00000000 1.00000000 1.00000000
vc 1.00000000 0.00000000 1.00000000 1.00000000
vc 1.00000000 0.00000000 1.00000000 1.00000000
vc 1.00000000 0.00000000 1.00000000 1.00000000
vc 1.00000000 0.00000000 1.00000000 1.00000000
vc 1.00000000 0.00000000 1.00000000 1.00000000
vc 1.00000000 0.00000000 1.00000000 1.00000000
vc 1.00000000 0.03137255 1.00000000 1.00000000
vc 1.00000000 0.03137255 1.00000000 1.00000000
vc 1.00000000 0.03137255 1.00000000 1.00000000
vc 1.00000000 0.03137255 1.00000000 1.00000000
vc 1.00000000 0.03137255 1.00000000 1.00000000
vc 1.00000000 0.03137255 1.00000000 1.00000000
vc 1.00000000 0.03137255 1.00000000 1.00000000
vc 1.00000000 0.03137255 1.00000000 1.00000000
vc 1.00000000 0.03137255 1.00000000 1.00000000
vc 1.00000000 0.03137255 1.00000000 1.00000000
vc 1.00000000 0.03137255 1.00000000 1.00000000
vc 1.00000000 0.03137255 1.00000000 1.00000000
vc 1.00000000 0.03137255 1.00000000 1.00000000
vc 1.00000000 0.03137255 1.00000000 1.00000000
vc 1.00000000 0.03137255 1.00000000 1.00000000
vc 1.00000000 0.03137255 1.00000000 1.00000000
vc 1.00000000 0.03137255 1.00000000 1.00000000
vc 1.00000000 0.03137255 1.00000000 1.00000000
vc 1.00000000 0.03137255 1.00000000 1.00000000
vc 1.00000000 0.03137255 1.00000000 1.00000000
vc 1.00000000 0.03137255 1.00000000 1.00000000
vc 1.00000000 0.03137255 1.00000000 1.00000000
vc 1.00000000 0.03137255 1.00000000 1.00000000
vc 1.00000000 0.03137255 1.00000000 1.00000000
vc 1.00000000 0.06274510 1.00000000 1.00000000
vc 1.00000000 0.06274510 1.00000000 1.00000000
vc 1.00000000 0.06274510 1.00000000 1.00000000
vc 1.00000000 0.06274510 1.00000000 1.00000000
vc 1.00000000 0.06274510 1.00000000 1.00000000
vc 1.00000000 0.06274510 1.00000000 1.00000000
vc 1.00000000 0.06274510 1.00000000 1.00000000
vc 1.00000000 0.06274510 1.00000000 1.00000000
vc 1.00000000 0.06274510 1.00000000 1.00000000
vc 1.00000000 0.06274510 1.00000000 1.00000000
vc 1.00000000 0.06274510 1.00000000 1.00000000
vc 1.00000000 0.06274510 1.00000000 1.00000000
vc 1.00000000 0.06274510 1.00000000 1.00000000
vc 1.00000000 0.06274510 1.00000000 1.00000000
vc 1.00000000 0.06274510 1.00000000 1.00000000
vc 1.00000000 0.06274510 1.00000000 1.00000000
vc 1.00000000 0.06274510 1.00000000 1.00000000
vc 1.00000000 0.06274510 1.00000000 1.00000000
vc 1.00000000 0.06274510 1.00000000 1.00000000
vc 1.00000000 0.06274510 1.00000000 1.00000000
vc 1.00000000 0.06274510 1.00000000 1.00000000
vc 1.00000000 0.06274510 1.00000000 1.00000000
vc 1.00000000 0.06274510 1.00000000 1.00000000
vc 1.00000000 0.06274510 1.00000000 1.00000000
vc 1.00000000 0.09411765 1.00000000 1.00000000
vc 1.00000000 0.09411765 1.00000000 1.00000000
vc 1.00000000 0.09411765 1.00000000 1.00000000
vc 1.00000000 0.09411765 1.00000000 1.00000000
vc 1.00000000 0.09411765 1.00000000 1.00000000
vc 1.00000000 0.09411765 1.00000000 1.00000000
vc 1.00000000 0.09411765 1.00000000 1.00000000
vc 1.00000000 0.09411765 1.00000000 1.00000000
vc 1.00000000 0.09411765 1.00000000 1.00000000
vc 1.00000000 0.09411765 1.00000000 1.00000000
vc 1.00000000 0.09411765 1.00000000 1.00000000
vc 1.00000000 0.09411765 1.00000000 1.00000000
vc 1.00000000 0.09411765 1.00000000 1.00000000
vc 1.00000000 0.09411765 1.00000000 1.00000000
vc 1.00000000 0.09411765 1.00000000 1.00000000
vc 1.00000000 0.09411765 1.00000000 1.00000000
vc 1.00000000 0.09411765 1.00000000 1.00000000
vc 1.00000000 0.09411765 1.00000000 1.00000000
vc 1.00000000 0.09411765 1.00000000 1.00000000
vc 1.00000000 0.09411765 1.00000000 1.00000000
vc 1.00000000 0.09411765 1.00000000 1.00000000
vc 1.00000000 0.09411765 1.00000000 1.00000000
vc 1.00000000 0.09411765 1.00000000 1.00000000
vc 1.00000000 0.09411765 1.00000000 1.00000000
vc 0.00000000 0.00000000 1.00000000 1.00000000
vc 0.00000000 0.00000000 1.00000000 1.00000000
vc 0.00000000 0.00000000 1.00000000 1.00000000
vc 0.00000000 0.00000000 1.00000000 1.00000000
vc 0.00000000 0.00000000 1.00000000 1.00000000
vc 0.00000000 0.00000000 1.00000000 1.00000000
vc 0.00000000 0.00000000 1.00000000 1.00000000
vc 0.00000000 0.00000000 1.00000000 1.00000000
vc 0.00000000 0.00000000 1.00000000 1.00000000
vc 0.00000000 0.00000000 1.00000000 1.00000000
vc 0.00000000 0.00000000 1.00000000 1.00000000
vc 0.00000000 0.00000000 1.00000000 1.00000000
vc 0.00000000 0.00000000 1.00000000 1.00000000
vc 0.00000000 0.00000000 1.00000000 1.00000000
vc 0.00000000 0.00000000 1.00000000 1.00000000
vc 0.00000000 0.00000000 1.00000000 1.00000000
vc 0.00000000 0.00000000 1.00000000 1.00000000
vc 0.00000000 0.00000000 1.00000000 1.00000000
vc 0.00000000 0.00000000 1.00000000 1.00000000
vc 0.00000000 0.00000000 1.00000000 1.00000000
vc 0.00000000 0.00000000 1.00000000 1.00000000
vc 0.00000000 0.00000000 1.00000000 1.00000000
vc 0.00000000 0.00000000 1.00000000 1.00000000
vc 0.00000000 0.00000000 1.00000000 1.00000000
vc 0.00000000 0.00000000 1.00000000 1.00000000
vc 0.00000000 0.00000000 1.00000000 1.00000000
vc 0.00000000 0.00000000 1.00000000 1.00000000
vc 0.00000000 0.00000000 1.00000000 1.00000000
vc 0.00000000 0.00000000 1.00000000 1.00000000
vc 0.00000000 0.00000000 1.00000000 1.00000000
vc 0.00000000 0.00000000 1.00000000 1.00000000
vc 0.00000000 0.00000000 1.00000000 1.00000000
vc 0.00000000 0.00000000 1.00000000 1.00000000
vc 0.00000000 0.00000000 1.00000000 1.00000000
vc 0.00000000 0.00000000 1.00000000 1.00000000
vc 0.00000000 0.00000000 1.00000000 1.00000000
vc 0.00000000 0.00000000 1.00000000 1.00000000
vc 0.00000000 0.00000000 1.00000000 1.00000000
vc 0.00000000 0.00000000 1.00000000 1.00000000
vc 0.00000000 0.00000000 1.00000000 1.00000000
vc 0.00000000 0.00000000 1.00000000 1.00000000
vc 0.00000000 0.00000000 1.00000000 1.00000000
vc 0.00000000 0.00000000 1.00000000 1.00000000
vc 0.00000000 0.00000000 1.00000000 1.00000000
vc 0.00000000 0.00000000 1.00000000 1.00000000
vc 0.00000000 0.00000000 1.00000000 1.00000000
vc 0.00000000 0.00000000 1.00000000 1.00000000
vc 0.00000000 0.00000000 1.00000000 1.00000000
vc 0.00000000 0.00000000 1.00000000 1.00000000
vc 0.00000000 0.00000000 1.00000000 1.00000000
vc 0.00000000 0.00000000 1.00000000 1.00000000
vc 0.00000000 0.00000000 1.00000000 1.00000000
vc 0.00000000 0.00000000 1.00000000 1.00000000
vc 0.00000000 0.00000000 1.00000000 1.00000000
vc 0.00000000 0.00000000 1.00000000 1.00000000
vc 0.00000000 0.00000000 1.00000000 1.00000000
vc 0.00000000 0.00000000 1.00000000 1.00000000
vc 0.00000000 0.00000000 1.00000000 1.00000000
vc 0.00000000 0.00000000 1.00000000 1.00000000
vc 0.00000000 0.00000000 1.00000000 1.00000000
vc 0.00000000 0.00000000 1.00000000 1.00000000
vc 0.00000000 0.00000000 1.00000000 1.00000000
vc 0.00000000 0.00000000 1.00000000 1.00000000
vc 0.00000000 0.00000000 1.00000000 1.00000000
vc 0.00000000 0.00000000 1.00000000 1.00000000
vc 0.00000000 0.00000000 1.00000000 1.00000000
vc 0.00000000 0.00000000 1.00000000 1.00000000
vc 0.00000000 0.00000000 1.00000000 1.00000000
vc 0.00000000 0.00000000 1.00000000 1.00000000
vc 0.00000000 0.00000000 1.00000000 1.00000000
vc 0.00000000 0.00000000 1.00000000 1.00000000
vc 0.00000000 0.00000000 1.00000000 1.00000000
vc 0.00000000 0.00000000 1.00000000 1.00000000
vc 0.00000000 0.00000000 1.00000000 1.00000000
vc 0.00000000 0.00000000 1.00000000 1.00000000
vc 0.00000000 0.00000000 1.00000000 1.00000000
vc 0.00000000 0.00000000 1.00000000 1.00000000
vc 0.00000000 0.00000000 1.00000000 1.00000000
vc 0.00000000 0.00000000 1.00000000 1.00000000
vc 0.00000000 0.00000000 1.00000000 1.00000000
vc 0.00000000 0.00000000 1.00000000 1.00000000
vc 0.00000000 0.00000000 1.00000000 1.00000000
vc 0.00000000 0.00000000 1.00000000 1.00000000
vc 0.00000000 0.00000000 1.00000000 1.00000000
vc 0.00000000 0.00000000 1.00000000 1.00000000
vc 0.00000000 0.00000000 1.00000000 1.00000000
vc 0.00000000 0.00000000 1.00000000 1.00000000
vc 0.00000000 0.00000000 1.00000000 1.00000000
vc 0.00000000 0.00000000 1.00000000 1.00000000
vc 0.00000000 0.00000000 1.00000000 1.00000000
vc 0.00000000 0.00000000 1.00000000 1.00000000
vc 0.00000000 0.00000000 1.00000000 1.00000000
vc 0.00000000 0.00000000 1.00000000 1.00000000
vc 0.00000000 0.00000000 1.00000000 1.00000000
vc 0.00000000 0.00000000 1.00000000 1.00000000
vc 0.00000000 0.00000000 1.00000000 1.00000000
vc 0.00000000 0.00000000 1.00000000 1.00000000
vc 0.00000000 0.00000000 1.00000000 1.00000000
vc 0.00000000 0.00000000 1.00000000 1.00000000
vc 0.00000000 0.00000000 1.00000000 1.00000000
vc 0.00000000 0.00000000 1.00000000 1.00000000
vc 0.00000000 0.00000000 1.00000000 1.00000000
vc 0.00000000 0.00000000 1.00000000 1.00000000
vc 0.00000000 0.00000000 1.00000000 1.00000000
vc 0.00000000 0.00000000 1.00000000 1.00000000
vc 0.00000000 0.00000000 1.00000000 1.00000000
vc 0.00000000 0.00000000 1.00000000 1.00000000
vc 0.00000000 0.00000000 1.00000000 1.00000000
vc 0.00000000 0.00000000 1.00000000 1.00000000
vc 0.00000000 0.00000000 1.00000000 1.00000000
vc 0.00000000 0.00000000 1.00000000 1.00000000
vc 0.00000000 0.00000000 1.00000000 1.00000000
vc 0.00000000 0.00000000 1.00000000 1.00000000
vc 0.00000000 0.00000000 1.00000000 1.00000000
vc 0.00000000 0.00000000 1.00000000 1.00000000
vc 0.00000000 0.00000000 1.00000000 1.00000000
vc 0.00000000 0.00000000 1.00000000 1.00000000
vc 0.00000000 0.00000000 1.00000000 1.00000000
vc 0.00000000 0.00000000 1.00000000 1.00000000
vc 0.00000000 0.00000000 1.00000000 1.00000000
vc 0.00000000 0.00000000 1.00000000 1.00000000
vc 0.00000000 0.00000000 1.00000000 1.00000000
vc 0.00000000 0.00000000 1.00000000 1.00000000
vc 0.00000000 0.00000000 1.00000000 1.00000000
vc 0.00000000 0.00000000 1.00000000 1.00000000
vc 0.00000000 0.00000000 1.00000000 1.00000000
vc 0.00000000 0.00000000 1.00000000 1.00000000
vc 0.00000000 0.00000000 1.00000000 1.00000000
vc 0.00000000 0.00000000 1.00000000 1.00000000
vc 0.00000000 0.00000000 1.00000000 1.00000000
vc 0.00000000 0.00000000 1.00000000 1.00000000
vc 0.00000000 0.00000000 1.00000000 1.00000000
vc 0.00000000 0.00000000 1.00000000 1.00000000
vc 0.00000000 0.00000000 1.00000000 1.00000000
vc 0.00000000 0.00000000 1.00000000 1.00000000
vc 0.00000000 0.00000000 1.00000000 1.00000000
vc 0.00000000 0.00000000 1.00000000 1.00000000
vc 0.00000000 0.00000000 1.00000000 1.00000000
vc 0.00000000 0.00000000 1.00000000 1.00000000
vc 0.00000000 0.00000000 1.00000000 1.00000000
vc 0.00000000 0.00000000 1.00000000 1.00000000
vc 0.00000000 0.00000000 1.00000000 1.00000000
vc 0.00000000 0.00000000 1.00000000 1.00000000
vc 0.00000000 0.00000000 1.00000000 1.00000000
vc 0.00000000 0.00000000 1.00000000 1.00000000
vc 0.00000000 0.00000000 1.00000000 1.00000000
vc 0.00000000 0.00000000 1.00000000 1.00000000
vc 0.00000000 0.00000000 1.00000000 1.00000000
vc 0.00000000 0.00000000 1.00000000 1.00000000
vc 0.00000000 0.00000000 1.00000000 1.00000000
vc 0.00000000 0.00000000 1.00000000 1.00000000
vc 0.00000000 0.00000000 1.00000000 1.00000000
vc 0.00000000 0.00000000 1.00000000 1.00000000
vc 0.00000000 0.00000000 1.00000000 1.00000000
vc 0.00000000 0.00000000 1.00000000 1.00000000
vc 0.00000000 0.00000000 1.00000000 1.00000000
vc 0.00000000 0.00000000 1.00000000 1.00000000
vc 0.00000000 0.00000000 1.00000000 1.00000000
vc 0.00000000 0.00000000 1.00000000 1.00000000
vc 0.00000000 0.00000000 1.00000000 1.00000000
vc 0.00000000 0.00000000 1.00000000 1.00000000
vc 0.00000000 0.00000000 1.00000000 1.00000000
vc 0.00000000 0.00000000 1.00000000 1.00000000
vc 0.00000000 0.00000000 1.00000000 1.00000000
vc 0.00000000 0.00000000 1.00000000 1.00000000
vc 0.00000000 0.00000000 1.00000000 1.00000000
vc 0.00000000 0.00000000 1.00000000 1.00000000
vc 0.00000000 0.00000000 1.00000000 1.00000000
vc 0.00000000 0.00000000 1.00000000 1.00000000
vc 0.00000000 0.00000000 1.00000000 1.00000000
vc 0.00000000 0.00000000 1.00000000 1.00000000
vc 0.00000000 0.00000000 1.00000000 1.00000000
vc 0.00000000 0.00000000 1.00000000 1.00000000
vc 0.00000000 0.00000000 1.00000000 1.00000000
vc 0.00000000 0.00000000 1.00000000 1.00000000
vc 0.00000000 0.00000000 1.00000000 1.00000000
vc 0.00000000 0.00000000 1.00000000 1.00000000
vc 0.00000000 0.00000000 1.00000000 1.00000000
vc 0.00000000 0.00000000 1.00000000 1.00000000
vc 0.00000000 0.00000000 1.00000000 1.00000000
vc 0.00000000 0.00000000 1.00000000 1.00000000
vc 0.00000000 0.00000000 1.00000000 1.00000000
vc 0.00000000 0.00000000 1.00000000 1.00000000
vc 0.00000000 0.00000000 1.00000000 1.00000000
vc 0.00000000 0.00000000 1.00000000 1.00000000
vc 0.00000000 0.00000000 1.00000000 1.00000000
vc 0.00000000 0.00000000 1.00000000 1.00000000
vc 0.00000000 0.00000000 1.00000000 1.00000000
vc 0.00000000 0.00000000 1.00000000 1.00000000
vc 0.00000000 0.00000000 1.00000000 1.00000000
vc 0.00000000 0.00000000 1.00000000 1.00000000
vc 0.00000000 0.00000000 1.00000000 1.00000000
vc 0.00000000 0.00000000 1.00000000 1.00000000
vc 0.00000000 0.00000000 1.00000000 1.00000000
vc 0.00000000 0.00000000 1.00000000 1.00000000
vc 0.00000000 0.00000000 1.00000000 1.00000000
vc 0.00000000 0.00000000 1.00000000 1.00000000
vc 0.00000000 0.00000000 1.00000000 1.00000000
vc 0.00000000 0.00000000 1.00000000 1.00000000
vc 0.00000000 0.00000000 1.00000000 1.00000000
vc 0.00000000 0.00000000 1.00000000 1.00000000
vc 0.00000000 0.00000000 1.00000000 1.00000000
vc 0.00000000 0.00000000 1.00000000 1.00000000
vc 0.00000000 0.00000000 1.00000000 1.00000000
vc 0.00000000 0.00000000 1.00000000 1.00000000
vc 0.00000000 0.00000000 1.00000000 1.00000000
vc 0.00000000 0.00000000 1.00000000 1.00000000
vc 0.00000000 0.00000000 1.00000000 1.00000000
vc 0.00000000 0.00000000 1.00000000 1.00000000
vc 0.00000000 0.00000000 1.00000000 1.00000000
vc 0.00000000 0.00000000 1.00000000 1.00000000
vc 0.00000000 0.00000000 1.00000000 1.00000000
vc 0.00000000 0.00000000 1.00000000 1.00000000
vc 0.00000000 0.00000000 1.00000000 1.00000000
vc 0.00000000 0.00000000 1.00000000 1.00000000
vc 0.00000000 0.00000000 1.00000000 1.00000000
vc 0.00000000 0.00000000 1.00000000 1.00000000
vc 0.00000000 0.00000000 1.00000000 1.00000000
vc 0.00000000 0.00000000 1.00000000 1.00000000
vc 0.00000000 0.00000000 1.00000000 1.00000000
vc 0.00000000 0.00000000 1.00000000 1.00000000
vc 0.00000000 0.00000000 1.00000000 1.00000000
vc 0.00000000 0.00000000 1.00000000 1.00000000
vc 0.00000000 0.00000000 1.00000000 1.00000000
vc 0.00000000 0.00000000 1.00000000 1.00000000
vc 0.00000000 0.00000000 1.00000000 1.00000000
vc 0.00000000 0.00000000 1.00000000 1.00000000
vc 0.00000000 0.00000000 1.00000000 1.00000000
vc 0.00000000 0.00000000 1.00000000 1.00000000
vc 0.00000000 0.00000000 1.00000000 1.00000000
vc 0.00000000 0.00000000 1.00000000 1.00000000
vc 0.00000000 0.00000000 1.00000000 1.00000000
vc 0.00000000 0.00000000 1.00000000 1.00000000
vc 0.00000000 0.00000000 1.00000000 1.00000000
vc 0.00000000 0.00000000 1.00000000 1.00000000
vc 0.00000000 0.00000000 1.00000000 1.00000000
vc 0.00000000 0.00000000 1.00000000 1.00000000
vc 0.00000000 0.00000000 1.00000000 1.00000000
vc 0.00000000 0.00000000 1.00000000 1.00000000
vc 0.00000000 0.00000000 1.00000000 1.00000000
vc 0.00000000 0.00000000 1.00000000 1.00000000
vc 0.00000000 0.00000000 1.00000000 1.00000000
vc 0.00000000 0.00000000 1.00000000 1.00000000
vc 0.00000000 0.00000000 1.00000000 1.00000000
vc 0.00000000 0.00000000 1.00000000 1.00000000
vc 0.00000000 0.00000000 1.00000000 1.00000000
vc 0.00000000 0.00000000 1.00000000 1.00000000
vc 0.00000000 0.00000000 1.00000000 1.00000000
vc 0.00000000 0.00000000 1.00000000 1.00000000
vc 0.00000000 0.00000000 1.00000000 1.00000000
vc 1.00000000 0.12549020 1.00000000 1.00000000
vc 1.00000000 0.12549020 1.00000000 1.00000000
vc 1.00000000 0.12549020 1.00000000 1.00000000
vc 1.00000000 0.12549020 1.00000000 1.00000000
vc 1.00000000 0.12549020 1.00000000 1.00000000
vc 1.00000000 0.12549020 1.00000000 1.00000000
vc 1.00000000 0.12549020 1.00000000 1.00000000
vc 1.00000000 0.12549020 1.00000000 1.00000000
vc 1.00000000 0.12549020 1.00000000 1.00000000
vc 1.00000000 0.12549020 1.00000000 1.00000000
vc 1.00000000 0.12549020 1.00000000 1.00000000
vc 1.00000000 0.12549020 1.00000000 1.00000000
vc 1.00000000 0.12549020 1.00000000 1.00000000
vc 1.00000000 0.12549020 1.00000000 1.00000000
vc 1.00000000 0.12549020 1.00000000 1.00000000
vc 1.00000000 0.12549020 1.00000000 1.00000000
vc 1.00000000 0.12549020 1.00000000 1.00000000
vc 1.00000000 0.12549020 1.00000000 1.00000000
vc 1.00000000 0.12549020 1.00000000 1.00000000
vc 1.00000000 0.12549020 1.00000000 1.00000000
vc 1.00000000 0.12549020 1.00000000 1.00000000
vc 1.00000000 0.12549020 1.00000000 1.00000000
vc 1.00000000 0.12549020 1.00000000 1.00000000
vc 1.00000000 0.12549020 1.00000000 1.00000000
vc 1.00000000 0.15686280 1.00000000 1.00000000
vc 1.00000000 0.15686280 1.00000000 1.00000000
vc 1.00000000 0.15686280 1.00000000 1.00000000
vc 1.00000000 0.15686280 1.00000000 1.00000000
vc 1.00000000 0.15686280 1.00000000 1.00000000
vc 1.00000000 0.15686280 1.00000000 1.00000000
vc 1.00000000 0.15686280 1.00000000 1.00000000
vc 1.00000000 0.15686280 1.00000000 1.00000000
vc 1.00000000 0.15686280 1.00000000 1.00000000
vc 1.00000000 0.15686280 1.00000000 1.00000000
vc 1.00000000 0.15686280 1.00000000 1.00000000
vc 1.00000000 0.15686280 1.00000000 1.00000000
vc 1.00000000 0.15686280 1.00000000 1.00000000
vc 1.00000000 0.15686280 1.00000000 1.00000000
vc 1.00000000 0.15686280 1.00000000 1.00000000
vc 1.00000000 0.15686280 1.00000000 1.00000000
vc 1.00000000 0.15686280 1.00000000 1.00000000
vc 1.00000000 0.15686280 1.00000000 1.00000000
vc 1.00000000 0.15686280 1.00000000 1.00000000
vc 1.00000000 0.15686280 1.00000000 1.00000000
vc 1.00000000 0.15686280 1.00000000 1.00000000
vc 1.00000000 0.15686280 1.00000000 1.00000000
vc 1.00000000 0.15686280 1.00000000 1.00000000
vc 1.00000000 0.15686280 1.00000000 1.00000000
vc 1.00000000 0.18823530 1.00000000 1.00000000
vc 1.00000000 0.18823530 1.00000000 1.00000000
vc 1.00000000 0.18823530 1.00000000 1.00000000
vc 1.00000000 0.18823530 1.00000000 1.00000000
vc 1.00000000 0.18823530 1.00000000 1.00000000
vc 1.00000000 0.18823530 1.00000000 1.00000000
vc 1.00000000 0.18823530 1.00000000 1.00000000
vc 1.00000000 0.18823530 1.00000000 1.00000000
vc 1.00000000 0.18823530 1.00000000 1.00000000
vc 1.00000000 0.18823530 1.00000000 1.00000000
vc 1.00000000 0.18823530 1.00000000 1.00000000
vc 1.00000000 0.18823530 1.00000000 1.00000000
vc 1.00000000 0.18823530 1.00000000 1.00000000
vc 1.00000000 0.18823530 1.00000000 1.00000000
vc 1.00000000 0.18823530 1.00000000 1.00000000
vc 1.00000000 0.18823530 1.00000000 1.00000000
vc 1.00000000 0.18823530 1.00000000 1.00000000
vc 1.00000000 0.18823530 1.00000000 1.00000000
vc 1.00000000 0.18823530 1.00000000 1.00000000
vc 1.00000000 0.18823530 1.00000000 1.00000000
vc 1.00000000 0.18823530 1.00000000 1.00000000
vc 1.00000000 0.18823530 1.00000000 1.00000000
vc 1.00000000 0.18823530 1.00000000 1.00000000
vc 1.00000000 0.18823530 1.00000000 1.00000000
vc 1.00000000 0.21960780 1.00000000 1.00000000
vc 1.00000000 0.21960780 1.00000000 1.00000000
vc 1.00000000 0.21960780 1.00000000 1.00000000
vc 1.00000000 0.21960780 1.00000000 1.00000000
vc 1.00000000 0.21960780 1.00000000 1.00000000
vc 1.00000000 0.21960780 1.00000000 1.00000000
vc 1.00000000 0.21960780 1.00000000 1.00000000
vc 1.00000000 0.21960780 1.00000000 1.00000000
vc 1.00000000 0.21960780 1.00000000 1.00000000
vc 1.00000000 0.21960780 1.00000000 1.00000000
vc 1.00000000 0.21960780 1.00000000 1.00000000
vc 1.00000000 0.21960780 1.00000000 1.00000000
vc 1.00000000 0.21960780 1.00000000 1.00000000
vc 1.00000000 0.21960780 1.00000000 1.00000000
vc 1.00000000 0.21960780 1.00000000 1.00000000
vc 1.00000000 0.21960780 1.00000000 1.00000000
vc 1.00000000 0.21960780 1.00000000 1.00000000
vc 1.00000000 0.21960780 1.00000000 1.00000000
vc 1.00000000 0.21960780 1.00000000 1.00000000
vc 1.00000000 0.21960780 1.00000000 1.00000000
vc 1.00000000 0.21960780 1.00000000 1.00000000
vc 1.00000000 0.21960780 1.00000000 1.00000000
vc 1.00000000 0.21960780 1.00000000 1.00000000
vc 1.00000000 0.21960780 1.00000000 1.00000000
vc 0.00000000 0.00000000 1.00000000 1.00000000
vc 0.00000000 0.00000000 1.00000000 1.00000000
vc 0.00000000 0.00000000 1.00000000 1.00000000
vc 0.00000000 0.00000000 1.00000000 1.00000000
vc 0.00000000 0.00000000 1.00000000 1.00000000
vc 0.00000000 0.00000000 1.00000000 1.00000000
vc 0.00000000 0.00000000 1.00000000 1.00000000
vc 0.00000000 0.00000000 1.00000000 1.00000000
vc 0.00000000 0.00000000 1.00000000 1.00000000
vc 0.00000000 0.00000000 1.00000000 1.00000000
vc 0.00000000 0.00000000 1.00000000 1.00000000
vc 0.00000000 0.00000000 1.00000000 1.00000000
vc 0.00000000 0.00000000 1.00000000 1.00000000
vc 0.00000000 0.00000000 1.00000000 1.00000000
vc 0.00000000 0.00000000 1.00000000 1.00000000
vc 0.00000000 0.00000000 1.00000000 1.00000000
vc 0.00000000 0.00000000 1.00000000 1.00000000
vc 0.00000000 0.00000000 1.00000000 1.00000000
vc 0.00000000 0.00000000 1.00000000 1.00000000
vc 0.00000000 0.00000000 1.00000000 1.00000000
vc 0.00000000 0.00000000 1.00000000 1.00000000
vc 0.00000000 0.00000000 1.00000000 1.00000000
vc 0.00000000 0.00000000 1.00000000 1.00000000
vc 0.00000000 0.00000000 1.00000000 1.00000000
vc 0.00000000 0.00000000 1.00000000 1.00000000
vc 0.00000000 0.00000000 1.00000000 1.00000000
vc 0.00000000 0.00000000 1.00000000 1.00000000
vc 0.00000000 0.00000000 1.00000000 1.00000000
vc 0.00000000 0.00000000 1.00000000 1.00000000
vc 0.00000000 0.00000000 1.00000000 1.00000000
vc 0.00000000 0.00000000 1.00000000 1.00000000
vc 0.00000000 0.00000000 1.00000000 1.00000000
vc 0.00000000 0.00000000 1.00000000 1.00000000
vc 0.00000000 0.00000000 1.00000000 1.00000000
vc 0.00000000 0.00000000 1.00000000 1.00000000
vc 0.00000000 0.00000000 1.00000000 1.00000000
vc 0.00000000 0.00000000 1.00000000 1.00000000
vc 0.00000000 0.00000000 1.00000000 1.00000000
vc 0.00000000 0.00000000 1.00000000 1.00000000
vc 0.00000000 0.00000000 1.00000000 1.00000000
vc 0.00000000 0.00000000 1.00000000 1.00000000
vc 0.00000000 0.00000000 1.00000000 1.00000000
vc 0.00000000 0.00000000 1.00000000 1.00000000
vc 0.00000000 0.00000000 1.00000000 1.00000000
vc 0.00000000 0.00000000 1.00000000 1.00000000
vc 0.00000000 0.00000000 1.00000000 1.00000000
vc 0.00000000 0.00000000 1.00000000 1.00000000
vc 0.00000000 0.00000000 1.00000000 1.00000000
vc 0.00000000 0.00000000 1.00000000 1.00000000
vc 0.00000000 0.00000000 1.00000000 1.00000000
vc 0.00000000 0.00000000 1.00000000 1.00000000
vc 0.00000000 0.00000000 1.00000000 1.00000000
vc 0.00000000 0.00000000 1.00000000 1.00000000
vc 0.00000000 0.00000000 1.00000000 1.00000000
vc 0.00000000 0.00000000 1.00000000 1.00000000
vc 0.00000000 0.00000000 1.00000000 1.00000000
vc 0.00000000 0.00000000 1.00000000 1.00000000
vc 0.00000000 0.00000000 1.00000000 1.00000000
vc 0.00000000 0.00000000 1.00000000 1.00000000
vc 0.00000000 0.00000000 1.00000000 1.00000000
vc 0.00000000 0.00000000 1.00000000 1.00000000
vc 0.00000000 0.00000000 1.00000000 1.00000000
vc 0.00000000 0.00000000 1.00000000 1.00000000
vc 0.00000000 0.00000000 1.00000000 1.00000000
vc 0.00000000 0.00000000 1.00000000 1.00000000
vc 0.00000000 0.00000000 1.00000000 1.00000000
vc 0.00000000 0.00000000 1.00000000 1.00000000
vc 0.00000000 0.00000000 1.00000000 1.00000000
vc 0.00000000 0.00000000 1.00000000 1.00000000
vc 0.00000000 0.00000000 1.00000000 1.00000000
vc 0.00000000 0.00000000 1.00000000 1.00000000
vc 0.00000000 0.00000000 1.00000000 1.00000000
vc 0.00000000 0.00000000 1.00000000 1.00000000
vc 0.00000000 0.00000000 1.00000000 1.00000000
vc 0.00000000 0.00000000 1.00000000 1.00000000
vc 0.00000000 0.00000000 1.00000000 1.00000000
vc 0.00000000 0.00000000 1.00000000 1.00000000
vc 0.00000000 0.00000000 1.00000000 1.00000000
vc 0.00000000 0.00000000 1.00000000 1.00000000
vc 0.00000000 0.00000000 1.00000000 1.00000000
vc 0.00000000 0.00000000 1.00000000 1.00000000
vc 0.00000000 0.00000000 1.00000000 1.00000000
vc 0.00000000 0.00000000 1.00000000 1.00000000
vc 0.00000000 0.00000000 1.00000000 1.00000000
vc 0.00000000 0.00000000 1.00000000 1.00000000
vc 0.00000000 0.00000000 1.00000000 1.00000000
vc 0.00000000 0.00000000 1.00000000 1.00000000
vc 0.00000000 0.00000000 1.00000000 1.00000000
vc 0.00000000 0.00000000 1.00000000 1.00000000
vc 0.00000000 0.00000000 1.00000000 1.00000000
vc 0.00000000 0.00000000 1.00000000 1.00000000
vc 0.00000000 0.00000000 1.00000000 1.00000000
vc 0.00000000 0.00000000 1.00000000 1.00000000
vc 0.00000000 0.00000000 1.00000000 1.00000000
vc 0.00000000 0.00000000 1.00000000 1.00000000
vc 0.00000000 0.00000000 1.00000000 1.00000000
vc 0.00000000 0.00000000 1.00000000 1.00000000
vc 0.00000000 0.00000000 1.00000000 1.00000000
vc 0.00000000 0.00000000 1.00000000 1.00000000
vc 0.00000000 0.00000000 1.00000000 1.00000000
vc 0.00000000 0.00000000 1.00000000 1.00000000
vc 0.00000000 0.00000000 1.00000000 1.00000000
vc 0.00000000 0.00000000 1.00000000 1.00000000
vc 0.00000000 0.00000000 1.00000000 1.00000000
vc 0.00000000 0.00000000 1.00000000 1.00000000
vc 0.00000000 0.00000000 1.00000000 1.00000000
vc 0.00000000 0.00000000 1.00000000 1.00000000
vc 0.00000000 0.00000000 1.00000000 1.00000000
vc 0.00000000 0.00000000 1.00000000 1.00000000
vc 0.00000000 0.00000000 1.00000000 1.00000000
vc 0.00000000 0.00000000 1.00000000 1.00000000
vc 0.00000000 0.00000000 1.00000000 1.00000000
vc 0.00000000 0.00000000 1.00000000 1.00000000
vc 0.00000000 0.00000000 1.00000000 1.00000000
vc 0.00000000 0.00000000 1.00000000 1.00000000
vc 0.00000000 0.00000000 1.00000000 1.00000000
vc 0.00000000 0.00000000 1.00000000 1.00000000
vc 0.00000000 0.00000000 1.00000000 1.00000000
vc 0.00000000 0.00000000 1.00000000 1.00000000
vc 0.00000000 0.00000000 1.00000000 1.00000000
vc 0.00000000 0.00000000 1.00000000 1.00000000
vc 0.00000000 0.00000000 1.00000000 1.00000000
vc 0.00000000 0.00000000 1.00000000 1.00000000
vc 0.00000000 0.00000000 1.00000000 1.00000000
vc 0.00000000 0.00000000 1.00000000 1.00000000
vc 0.00000000 0.00000000 1.00000000 1.00000000
vc 0.00000000 0.00000000 1.00000000 1.00000000
vc 0.00000000 0.00000000 1.00000000 1.00000000
vc 0.00000000 0.00000000 1.00000000 1.00000000
vc 0.00000000 0.00000000 1.00000000 1.00000000
vc 0.00000000 0.00000000 1.00000000 1.00000000
vc 0.00000000 0.00000000 1.00000000 1.00000000
vc 0.00000000 0.00000000 1.00000000 1.00000000
vc 0.00000000 0.00000000 1.00000000 1.00000000
vc 0.00000000 0.00000000 1.00000000 1.00000000
vc 0.00000000 0.00000000 1.00000000 1.00000000
vc 0.00000000 0.00000000 1.00000000 1.00000000
vc 0.00000000 0.00000000 1.00000000 1.00000000
vc 0.00000000 0.00000000 1.00000000 1.00000000
vc 0.00000000 0.00000000 1.00000000 1.00000000
vc 0.00000000 0.00000000 1.00000000 1.00000000
vc 0.00000000 0.00000000 1.00000000 1.00000000
vc 0.00000000 0.00000000 1.00000000 1.00000000
vc 0.00000000 0.00000000 1.00000000 1.00000000
vc 0.00000000 0.00000000 1.00000000 1.00000000
vc 0.00000000 0.00000000 1.00000000 1.00000000
vc 0.00000000 0.00000000 1.00000000 1.00000000
vc 0.00000000 0.00000000 1.00000000 1.00000000
vc 0.00000000 0.00000000 1.00000000 1.00000000
vc 0.00000000 0.00000000 1.00000000 1.00000000
vc 0.00000000 0.00000000 1.00000000 1.00000000
vc 0.00000000 0.00000000 1.00000000 1.00000000
vc 0.00000000 0.00000000 1.00000000 1.00000000
vc 0.00000000 0.00000000 1.00000000 1.00000000
vc 0.00000000 0.00000000 1.00000000 1.00000000
vc 0.00000000 0.00000000 1.00000000 1.00000000
vc 0.00000000 0.00000000 1.00000000 1.00000000
vc 0.00000000 0.00000000 1.00000000 1.00000000
vc 0.00000000 0.00000000 1.00000000 1.00000000
vc 0.00000000 0.00000000 1.00000000 1.00000000
vc 0.00000000 0.00000000 1.00000000 1.00000000
vc 0.00000000 0.00000000 1.00000000 1.00000000
vc 0.00000000 0.00000000 1.00000000 1.00000000
vc 0.00000000 0.00000000 1.00000000 1.00000000
vc 0.00000000 0.00000000 1.00000000 1.00000000
vc 0.00000000 0.00000000 1.00000000 1.00000000
vc 0.00000000 0.00000000 1.00000000 1.00000000
vc 0.00000000 0.00000000 1.00000000 1.00000000
vc 0.00000000 0.00000000 1.00000000 1.00000000
vc 0.00000000 0.00000000 1.00000000 1.00000000
vc 0.00000000 0.00000000 1.00000000 1.00000000
vc 0.00000000 0.00000000 1.00000000 1.00000000
vc 0.00000000 0.00000000 1.00000000 1.00000000
vc 0.00000000 0.00000000 1.00000000 1.00000000
vc 0.00000000 0.00000000 1.00000000 1.00000000
vc 0.00000000 0.00000000 1.00000000 1.00000000
vc 0.00000000 0.00000000 1.00000000 1.00000000
vc 0.00000000 0.00000000 1.00000000 1.00000000
vc 0.00000000 0.00000000 1.00000000 1.00000000
vc 0.00000000 0.00000000 1.00000000 1.00000000
vc 0.00000000 0.00000000 1.00000000 1.00000000
vc 0.00000000 0.00000000 1.00000000 1.00000000
vc 0.00000000 0.00000000 1.00000000 1.00000000
vc 0.00000000 0.00000000 1.00000000 1.00000000
vc 0.00000000 0.00000000 1.00000000 1.00000000
vc 0.00000000 0.00000000 1.00000000 1.00000000
vc 0.00000000 0.00000000 1.00000000 1.00000000
vc 0.00000000 0.00000000 1.00000000 1.00000000
vc 0.00000000 0.00000000 1.00000000 1.00000000
vc 0.00000000 0.00000000 1.00000000 1.00000000
vc 0.00000000 0.00000000 1.00000000 1.00000000
vc 0.00000000 0.00000000 1.00000000 1.00000000
vc 0.00000000 0.00000000 1.00000000 1.00000000
vc 0.00000000 0.00000000 1.00000000 1.00000000
vc 0.00000000 0.00000000 1.00000000 1.00000000
vc 0.00000000 0.00000000 1.00000000 1.00000000
vc 0.00000000 0.00000000 1.00000000 1.00000000
vc 0.00000000 0.00000000 1.00000000 1.00000000
vc 0.00000000 0.00000000 1.00000000 1.00000000
vc 0.00000000 0.00000000 1.00000000 1.00000000
vc 0.00000000 0.00000000 1.00000000 1.00000000
vc 0.00000000 0.00000000 1.00000000 1.00000000
vc 0.00000000 0.00000000 1.00000000 1.00000000
vc 0.00000000 0.00000000 1.00000000 1.00000000
vc 0.00000000 0.00000000 1.00000000 1.00000000
vc 0.00000000 0.00000000 1.00000000 1.00000000
vc 0.00000000 0.00000000 1.00000000 1.00000000
vc 0.00000000 0.00000000 1.00000000 1.00000000
vc 0.00000000 0.00000000 1.00000000 1.00000000
vc 0.00000000 0.00000000 1.00000000 1.00000000
vc 0.00000000 0.00000000 1.00000000 1.00000000
vc 0.00000000 0.00000000 1.00000000 1.00000000
vc 0.00000000 0.00000000 1.00000000 1.00000000
vc 0.00000000 0.00000000 1.00000000 1.00000000
vc 0.00000000 0.00000000 1.00000000 1.00000000
vc 0.00000000 0.00000000 1.00000000 1.00000000
vc 0.00000000 0.00000000 1.00000000 1.00000000
vc 0.00000000 0.00000000 1.00000000 1.00000000
vc 0.00000000 0.00000000 1.00000000 1.00000000
vc 0.00000000 0.00000000 1.00000000 1.00000000
vc 0.00000000 0.00000000 1.00000000 1.00000000
vc 0.00000000 0.00000000 1.00000000 1.00000000
vc 0.00000000 0.00000000 1.00000000 1.00000000
vc 0.00000000 0.00000000 1.00000000 1.00000000
vc 0.00000000 0.00000000 1.00000000 1.00000000
vc 0.00000000 0.00000000 1.00000000 1.00000000
vc 0.00000000 0.00000000 1.00000000 1.00000000
vc 0.00000000 0.00000000 1.00000000 1.00000000
vc 0.00000000 0.00000000 1.00000000 1.00000000
vc 0.00000000 0.00000000 1.00000000 1.00000000
vc 0.00000000 0.00000000 1.00000000 1.00000000
vc 0.00000000 0.00000000 1.00000000 1.00000000
vc 0.00000000 0.00000000 1.00000000 1.00000000
vc 0.00000000 0.00000000 1.00000000 1.00000000
vc 0.00000000 0.00000000 1.00000000 1.00000000
vc 0.00000000 0.00000000 1.00000000 1.00000000
vc 0.00000000 0.00000000 1.00000000 1.00000000
vc 0.00000000 0.00000000 1.00000000 1.00000000
vc 0.00000000 0.00000000 1.00000000 1.00000000
vc 0.00000000 0.00000000 1.00000000 1.00000000
vc 0.00000000 0.00000000 1.00000000 1.00000000
vc 0.00000000 0.00000000 1.00000000 1.00000000
vc 0.00000000 0.00000000 1.00000000 1.00000000
vc 0.00000000 0.00000000 1.00000000 1.00000000
vc 0.00000000 0.00000000 1.00000000 1.00000000
vc 0.00000000 0.00000000 1.00000000 1.00000000
vc 0.00000000 0.00000000 1.00000000 1.00000000
vc 0.00000000 0.00000000 1.00000000 1.00000000
vc 0.00000000 0.00000000 1.00000000 1.00000000
vc 0.00000000 0.00000000 1.00000000 1.00000000
vc 0.00000000 0.00000000 1.00000000 1.00000000
vc 0.00000000 0.00000000 1.00000000 1.00000000
vc 0.00000000 0.00000000 1.00000000 1.00000000
vc 0.00000000 0.00000000 1.00000000 1.00000000
vc 0.00000000 0.00000000 1.00000000 1.00000000
vc 0.00000000 0.00000000 1.00000000 1.00000000
vc 0.00000000 0.00000000 1.00000000 1.00000000
vc 0.00000000 0.00000000 1.00000000 1.00000000
vc 0.00000000 0.00000000 1.00000000 1.00000000
vc 0.00000000 0.00000000 1.00000000 1.00000000
vc 0.00000000 0.00000000 1.00000000 1.00000000
vc 0.00000000 0.00000000 1.00000000 1.00000000
vc 0.00000000 0.00000000 1.00000000 1.00000000
vc 0.00000000 0.00000000 1.00000000 1.00000000
vc 0.00000000 0.00000000 1.00000000 1.00000000
vc 0.00000000 0.00000000 1.00000000 1.00000000
vc 0.00000000 0.00000000 1.00000000 1.00000000
vc 0.00000000 0.00000000 1.00000000 1.00000000
vc 0.00000000 0.00000000 1.00000000 1.00000000
vc 0.00000000 0.00000000 1.00000000 1.00000000
vc 0.00000000 0.00000000 1.00000000 1.00000000
vc 0.00000000 0.00000000 1.00000000 1.00000000
vc 0.00000000 0.00000000 1.00000000 1.00000000
vc 0.00000000 0.00000000 1.00000000 1.00000000
vc 0.00000000 0.00000000 1.00000000 1.00000000
vc 0.00000000 0.00000000 1.00000000 1.00000000
vc 0.00000000 0.00000000 1.00000000 1.00000000
vc 0.00000000 0.00000000 1.00000000 1.00000000
vc 0.00000000 0.00000000 1.00000000 1.00000000
vc 0.00000000 0.00000000 1.00000000 1.00000000
vc 0.00000000 0.00000000 1.00000000 1.00000000
vc 0.00000000 0.00000000 1.00000000 1.00000000
vc 0.00000000 0.00000000 1.00000000 1.00000000
vc 0.00000000 0.00000000 1.00000000 1.00000000
vc 0.00000000 0.00000000 1.00000000 1.00000000
vc 0.00000000 0.00000000 1.00000000 1.00000000
vc 0.00000000 0.00000000 1.00000000 1.00000000
vc 0.00000000 0.00000000 1.00000000 1.00000000
vc 0.00000000 0.00000000 1.00000000 1.00000000
vc 0.00000000 0.00000000 1.00000000 1.00000000
vc 0.00000000 0.00000000 1.00000000 1.00000000
vc 0.00000000 0.00000000 1.00000000 1.00000000
vc 0.00000000 0.00000000 1.00000000 1.00000000
vc 0.00000000 0.00000000 1.00000000 1.00000000
vc 0.00000000 0.00000000 1.00000000 1.00000000
vc 0.00000000 0.00000000 1.00000000 1.00000000
vc 0.00000000 0.00000000 1.00000000 1.00000000
vc 0.00000000 0.00000000 1.00000000 1.00000000
vc 0.00000000 0.00000000 1.00000000 1.00000000
vc 0.00000000 0.00000000 1.00000000 1.00000000
vc 0.00000000 0.00000000 1.00000000 1.00000000
vc 0.00000000 0.00000000 1.00000000 1.00000000
vc 0.00000000 0.00000000 1.00000000 1.00000000
vc 0.00000000 0.00000000 1.00000000 1.00000000
vc 0.00000000 0.00000000 1.00000000 1.00000000
vc 0.00000000 0.00000000 1.00000000 1.00000000
vc 0.00000000 0.00000000 1.00000000 1.00000000
vc 0.00000000 0.00000000 1.00000000 1.00000000
vc 0.00000000 0.00000000 1.00000000 1.00000000
vc 0.00000000 0.00000000 1.00000000 1.00000000
vc 0.00000000 0.00000000 1.00000000 1.00000000
vc 0.00000000 0.00000000 1.00000000 1.00000000
vc 0.00000000 0.00000000 1.00000000 1.00000000
vc 0.00000000 0.00000000 1.00000000 1.00000000
vc 0.00000000 0.00000000 1.00000000 1.00000000
vc 0.00000000 0.00000000 1.00000000 1.00000000
vc 0.00000000 0.00000000 1.00000000 1.00000000
vc 0.00000000 0.00000000 1.00000000 1.00000000
vc 0.00000000 0.00000000 1.00000000 1.00000000
vc 0.00000000 0.00000000 1.00000000 1.00000000
vc 0.00000000 0.00000000 1.00000000 1.00000000
vc 0.00000000 0.00000000 1.00000000 1.00000000
vc 0.00000000 0.00000000 1.00000000 1.00000000
vc 0.00000000 0.00000000 1.00000000 1.00000000
vc 0.00000000 0.00000000 1.00000000 1.00000000
vc 0.00000000 0.00000000 1.00000000 1.00000000
vc 0.00000000 0.00000000 1.00000000 1.00000000
vc 0.00000000 0.00000000 1.00000000 1.00000000
vc 0.00000000 0.00000000 1.00000000 1.00000000
vc 0.00000000 0.00000000 1.00000000 1.00000000
vc 0.00000000 0.00000000 1.00000000 1.00000000
vc 0.00000000 0.00000000 1.00000000 1.00000000
vc 0.00000000 0.00000000 1.00000000 1.00000000
vc 0.00000000 0.00000000 1.00000000 1.00000000
vc 0.00000000 0.00000000 1.00000000 1.00000000
vc 0.00000000 0.00000000 1.00000000 1.00000000
vc 0.00000000 0.00000000 1.00000000 1.00000000
vc 0.00000000 0.00000000 1.00000000 1.00000000
vc 0.00000000 0.00000000 1.00000000 1.00000000
vc 0.00000000 0.00000000 1.00000000 1.00000000
vc 0.00000000 0.00000000 1.00000000 1.00000000
vc 0.00000000 0.00000000 1.00000000 1.00000000
vc 0.00000000 0.00000000 1.00000000 1.00000000
vc 0.00000000 0.00000000 1.00000000 1.00000000
vc 0.00000000 0.00000000 1.00000000 1.00000000
vc 0.00000000 0.00000000 1.00000000 1.00000000
vc 0.00000000 0.00000000 1.00000000 1.00000000
vc 0.00000000 0.00000000 1.00000000 1.00000000
vc 0.00000000 0.00000000 1.00000000 1.00000000
vc 0.00000000 0.00000000 1.00000000 1.00000000
vc 0.00000000 0.00000000 1.00000000 1.00000000
vc 0.00000000 0.00000000 1.00000000 1.00000000
vc 0.00000000 0.00000000 1.00000000 1.00000000
vc 0.00000000 0.00000000 1.00000000 1.00000000
vc 0.00000000 0.00000000 1.00000000 1.00000000
vc 0.00000000 0.00000000 1.00000000 1.00000000
vc 0.00000000 0.00000000 1.00000000 1.00000000
vc 0.00000000 0.00000000 1.00000000 1.00000000
vc 0.00000000 0.00000000 1.00000000 1.00000000
vc 0.00000000 0.00000000 1.00000000 1.00000000
vc 0.00000000 0.00000000 1.00000000 1.00000000
vc 0.00000000 0.00000000 1.00000000 1.00000000
vc 0.00000000 0.00000000 1.00000000 1.00000000
vc 0.00000000 0.00000000 1.00000000 1.00000000
vc 0.00000000 0.00000000 1.00000000 1.00000000
vc 0.00000000 0.00000000 1.00000000 1.00000000
vc 0.00000000 0.00000000 1.00000000 1.00000000
vc 0.00000000 0.00000000 1.00000000 1.00000000
vc 0.00000000 0.00000000 1.00000000 1.00000000
vc 0.00000000 0.00000000 1.00000000 1.00000000
vc 0.00000000 0.00000000 1.00000000 1.00000000
vc 0.00000000 0.00000000 1.00000000 1.00000000
vc 0.00000000 0.00000000 1.00000000 1.00000000
vc 0.00000000 0.00000000 1.00000000 1.00000000
vc 0.00000000 0.00000000 1.00000000 1.00000000
vc 0.00000000 0.00000000 1.00000000 1.00000000
vc 0.00000000 0.00000000 1.00000000 1.00000000
vc 0.00000000 0.00000000 1.00000000 1.00000000
vc 0.00000000 0.00000000 1.00000000 1.00000000
vc 0.00000000 0.00000000 1.00000000 1.00000000
vc 0.00000000 0.00000000 1.00000000 1.00000000
vc 0.00000000 0.00000000 1.00000000 1.00000000
vc 0.00000000 0.00000000 1.00000000 1.00000000
vc 0.00000000 0.00000000 1.00000000 1.00000000
vc 0.00000000 0.00000000 1.00000000 1.00000000
vc 0.00000000 0.00000000 1.00000000 1.00000000
vc 0.00000000 0.00000000 1.00000000 1.00000000
vc 0.00000000 0.00000000 1.00000000 1.00000000
vc 0.00000000 0.00000000 1.00000000 1.00000000
vc 0.00000000 0.00000000 1.00000000 1.00000000
vc 0.00000000 0.00000000 1.00000000 1.00000000
vc 0.00000000 0.00000000 1.00000000 1.00000000
vc 0.00000000 0.00000000 1.00000000 1.00000000
vc 0.00000000 0.00000000 1.00000000 1.00000000
vc 0.00000000 0.00000000 1.00000000 1.00000000
vc 0.00000000 0.00000000 1.00000000 1.00000000
vc 0.00000000 0.00000000 1.00000000 1.00000000
vc 0.00000000 0.00000000 1.00000000 1.00000000
vc 0.00000000 0.00000000 1.00000000 1.00000000
vc 0.00000000 0.00000000 1.00000000 1.00000000
vc 0.00000000 0.00000000 1.00000000 1.00000000
vc 0.00000000 0.00000000 1.00000000 1.00000000
vc 0.00000000 0.00000000 1.00000000 1.00000000
vc 0.00000000 0.00000000 1.00000000 1.00000000
vc 0.00000000 0.00000000 1.00000000 1.00000000
vc 0.00000000 0.00000000 1.00000000 1.00000000
vc 0.00000000 0.00000000 1.00000000 1.00000000
vc 0.00000000 0.00000000 1.00000000 1.00000000
vc 0.00000000 0.00000000 1.00000000 1.00000000
vc 0.00000000 0.00000000 1.00000000 1.00000000
vc 0.00000000 0.00000000 1.00000000 1.00000000
vc 0.00000000 0.00000000 1.00000000 1.00000000
vc 0.00000000 0.00000000 1.00000000 1.00000000
vc 0.00000000 0.00000000 1.00000000 1.00000000
vc 0.00000000 0.00000000 1.00000000 1.00000000
vc 0.00000000 0.00000000 1.00000000 1.00000000
vc 0.00000000 0.00000000 1.00000000 1.00000000
vc 0.00000000 0.00000000 1.00000000 1.00000000
vc 0.00000000 0.00000000 1.00000000 1.00000000
vc 0.00000000 0.00000000 1.00000000 1.00000000
vc 0.00000000 0.00000000 1.00000000 1.00000000
vc 0.00000000 0.00000000 1.00000000 1.00000000
vc 0.00000000 0.00000000 1.00000000 1.00000000
vc 0.00000000 0.00000000 1.00000000 1.00000000
vc 0.00000000 0.00000000 1.00000000 1.00000000
vc 0.00000000 0.00000000 1.00000000 1.00000000
vc 0.00000000 0.00000000 1.00000000 1.00000000
vc 0.00000000 0.00000000 1.00000000 1.00000000
vc 0.00000000 0.00000000 1.00000000 1.00000000
vc 0.00000000 0.00000000 1.00000000 1.00000000
vc 0.00000000 0.00000000 1.00000000 1.00000000
vc 0.00000000 0.00000000 1.00000000 1.00000000
vc 0.00000000 0.00000000 1.00000000 1.00000000
vc 0.00000000 0.00000000 1.00000000 1.00000000
vc 0.00000000 0.00000000 1.00000000 1.00000000
vc 0.00000000 0.00000000 1.00000000 1.00000000
vc 0.00000000 0.00000000 1.00000000 1.00000000
vc 0.00000000 0.00000000 1.00000000 1.00000000
vc 0.00000000 0.00000000 1.00000000 1.00000000
vc 0.00000000 0.00000000 1.00000000 1.00000000
vc 0.00000000 0.00000000 1.00000000 1.00000000
vc 0.00000000 0.00000000 1.00000000 1.00000000
vc 0.00000000 0.00000000 1.00000000 1.00000000
vc 0.00000000 0.00000000 1.00000000 1.00000000
vc 0.00000000 0.00000000 1.00000000 1.00000000
vc 0.00000000 0.00000000 1.00000000 1.00000000
vc 0.00000000 0.00000000 1.00000000 1.00000000
vc 0.00000000 0.00000000 1.00000000 1.00000000
vc 0.00000000 0.00000000 1.00000000 1.00000000
vc 0.00000000 0.00000000 1.00000000 1.00000000
vc 0.00000000 0.00000000 1.00000000 1.00000000
vc 0.00000000 0.00000000 1.00000000 1.00000000
vc 0.00000000 0.00000000 1.00000000 1.00000000
vc 0.00000000 0.00000000 1.00000000 1.00000000
vc 0.00000000 0.00000000 1.00000000 1.00000000
vc 0.00000000 0.00000000 1.00000000 1.00000000
vc 0.00000000 0.00000000 1.00000000 1.00000000
vc 0.00000000 0.00000000 1.00000000 1.00000000
vc 0.00000000 0.00000000 1.00000000 1.00000000
vc 0.00000000 0.00000000 1.00000000 1.00000000
vc 0.00000000 0.00000000 1.00000000 1.00000000
vc 0.00000000 0.00000000 1.00000000 1.00000000
vc 0.00000000 0.00000000 1.00000000 1.00000000
vc 0.00000000 0.00000000 1.00000000 1.00000000
vc 0.00000000 0.00000000 1.00000000 1.00000000
vc 0.00000000 0.00000000 1.00000000 1.00000000
vc 0.00000000 0.00000000 1.00000000 1.00000000
vc 0.00000000 0.00000000 1.00000000 1.00000000
vc 0.00000000 0.00000000 1.00000000 1.00000000
vc 0.00000000 0.00000000 1.00000000 1.00000000
vc 0.00000000 0.00000000 1.00000000 1.00000000
vc 0.00000000 0.00000000 1.00000000 1.00000000
vc 0.00000000 0.00000000 1.00000000 1.00000000
vc 0.00000000 0.00000000 1.00000000 1.00000000
vc 0.00000000 0.00000000 1.00000000 1.00000000
vc 0.00000000 0.00000000 1.00000000 1.00000000
vc 0.00000000 0.00000000 1.00000000 1.00000000
vc 0.00000000 0.00000000 1.00000000 1.00000000
vc 0.00000000 0.00000000 1.00000000 1.00000000
vc 0.00000000 0.00000000 1.00000000 1.00000000
vc 0.00000000 0.00000000 1.00000000 1.00000000
vc 0.00000000 0.00000000 1.00000000 1.00000000
vc 0.00000000 0.00000000 1.00000000 1.00000000
vc 0.00000000 0.00000000 1.00000000 1.00000000
vc 0.00000000 0.00000000 1.00000000 1.00000000
vc 0.00000000 0.00000000 1.00000000 1.00000000
vc 0.00000000 0.00000000 1.00000000 1.00000000
vc 0.00000000 0.00000000 1.00000000 1.00000000
vc 0.00000000 0.00000000 1.00000000 1.00000000
vc 0.00000000 0.00000000 1.00000000 1.00000000
vc 0.00000000 0.00000000 1.00000000 1.00000000
vc 0.00000000 0.00000000 1.00000000 1.00000000
vc 0.00000000 0.00000000 1.00000000 1.00000000
vc 0.00000000 0.00000000 1.00000000 1.00000000
vc 0.00000000 0.00000000 1.00000000 1.00000000
vc 0.00000000 0.00000000 1.00000000 1.00000000
vc 0.00000000 0.00000000 1.00000000 1.00000000
vc 0.00000000 0.00000000 1.00000000 1.00000000
vc 0.00000000 0.00000000 1.00000000 1.00000000
vc 0.00000000 0.00000000 1.00000000 1.00000000
vc 0.00000000 0.00000000 1.00000000 1.00000000
vc 0.00000000 0.00000000 1.00000000 1.00000000
vc 0.00000000 0.00000000 1.00000000 1.00000000
vc 0.00000000 0.00000000 1.00000000 1.00000000
vc 0.00000000 0.00000000 1.00000000 1.00000000
vc 0.00000000 0.00000000 1.00000000 1.00000000
vc 0.00000000 0.00000000 1.00000000 1.00000000
vc 0.00000000 0.00000000 1.00000000 1.00000000
vc 0.00000000 0.00000000 1.00000000 1.00000000
vc 0.00000000 0.00000000 1.00000000 1.00000000
vc 0.00000000 0.00000000 1.00000000 1.00000000
vc 0.00000000 0.00000000 1.00000000 1.00000000
vc 0.00000000 0.00000000 1.00000000 1.00000000
vc 0.00000000 0.00000000 1.00000000 1.00000000
vc 0.00000000 0.00000000 1.00000000 1.00000000
vc 0.00000000 0.00000000 1.00000000 1.00000000
vc 0.00000000 0.00000000 1.00000000 1.00000000
vc 0.00000000 0.00000000 1.00000000 1.00000000
vc 0.00000000 0.00000000 1.00000000 1.00000000
vc 0.00000000 0.00000000 1.00000000 1.00000000
vc 0.00000000 0.00000000 1.00000000 1.00000000
vc 0.00000000 0.00000000 1.00000000 1.00000000
vc 0.00000000 0.00000000 1.00000000 1.00000000
vc 0.00000000 0.00000000 1.00000000 1.00000000
vc 0.00000000 0.00000000 1.00000000 1.00000000
vc 0.00000000 0.00000000 1.00000000 1.00000000
vc 0.00000000 0.00000000 1.00000000 1.00000000
vc 0.00000000 0.00000000 1.00000000 1.00000000
vc 0.00000000 0.00000000 1.00000000 1.00000000
vc 0.00000000 0.00000000 1.00000000 1.00000000
vc 0.00000000 0.00000000 1.00000000 1.00000000
vc 0.00000000 0.00000000 1.00000000 1.00000000
vc 0.00000000 0.00000000 1.00000000 1.00000000
vc 0.00000000 0.00000000 1.00000000 1.00000000
vc 0.00000000 0.00000000 1.00000000 1.00000000
vc 0.00000000 0.00000000 1.00000000 1.00000000
vc 0.00000000 0.00000000 1.00000000 1.00000000
vc 0.00000000 0.00000000 1.00000000 1.00000000
vc 0.00000000 0.00000000 1.00000000 1.00000000
vc 0.00000000 0.00000000 1.00000000 1.00000000
vc 0.00000000 0.00000000 1.00000000 1.00000000
vc 0.00000000 0.00000000 1.00000000 1.00000000
vc 0.00000000 0.00000000 1.00000000 1.00000000
vc 0.00000000 0.00000000 1.00000000 1.00000000
vc 0.00000000 0.00000000 1.00000000 1.00000000
vc 0.00000000 0.00000000 1.00000000 1.00000000
vc 0.00000000 0.00000000 1.00000000 1.00000000
vc 0.00000000 0.00000000 1.00000000 1.00000000
vc 0.00000000 0.00000000 1.00000000 1.00000000
vc 0.00000000 0.00000000 1.00000000 1.00000000
vc 0.00000000 0.00000000 1.00000000 1.00000000
vc 0.00000000 0.00000000 1.00000000 1.00000000
vc 0.00000000 0.00000000 1.00000000 1.00000000
vc 0.00000000 0.00000000 1.00000000 1.00000000
vc 0.00000000 0.00000000 1.00000000 1.00000000
vc 0.00000000 0.00000000 1.00000000 1.00000000
vc 0.00000000 0.00000000 1.00000000 1.00000000
vc 0.00000000 0.00000000 1.00000000 1.00000000
vc 0.00000000 0.00000000 1.00000000 1.00000000
vc 0.00000000 0.00000000 1.00000000 1.00000000
vc 0.00000000 0.00000000 1.00000000 1.00000000
vc 0.00000000 0.00000000 1.00000000 1.00000000
vc 0.00000000 0.00000000 1.00000000 1.00000000
vc 0.00000000 0.00000000 1.00000000 1.00000000
vc 0.00000000 0.00000000 1.00000000 1.00000000
vc 0.00000000 0.00000000 1.00000000 1.00000000
vc 0.00000000 0.00000000 1.00000000 1.00000000
vc 0.00000000 0.00000000 1.00000000 1.00000000
vc 0.00000000 0.00000000 1.00000000 1.00000000
vc 0.00000000 0.00000000 1.00000000 1.00000000
vc 0.00000000 0.00000000 1.00000000 1.00000000
vc 0.00000000 0.00000000 1.00000000 1.00000000
vc 0.00000000 0.00000000 1.00000000 1.00000000
vc 0.00000000 0.00000000 1.00000000 1.00000000
vc 0.00000000 0.00000000 1.00000000 1.00000000
vc 0.00000000 0.00000000 1.00000000 1.00000000
vc 0.00000000 0.00000000 1.00000000 1.00000000
vc 0.00000000 0.00000000 1.00000000 1.00000000
vc 0.00000000 0.00000000 1.00000000 1.00000000
vc 0.00000000 0.00000000 1.00000000 1.00000000
vc 0.00000000 0.00000000 1.00000000 1.00000000
vc 0.00000000 0.00000000 1.00000000 1.00000000
vc 0.00000000 0.00000000 1.00000000 1.00000000
vc 0.00000000 0.00000000 1.00000000 1.00000000
vc 0.00000000 0.00000000 1.00000000 1.00000000
vc 0.00000000 0.00000000 1.00000000 1.00000000
vc 0.00000000 0.00000000 1.00000000 1.00000000
vc 0.00000000 0.00000000 1.00000000 1.00000000
vc 0.00000000 0.00000000 1.00000000 1.00000000
vc 0.00000000 0.00000000 1.00000000 1.00000000
vc 0.00000000 0.00000000 1.00000000 1.00000000
vc 0.00000000 0.00000000 1.00000000 1.00000000
vc 0.00000000 0.00000000 1.00000000 1.00000000
vc 0.00000000 0.00000000 1.00000000 1.00000000
vc 0.00000000 0.00000000 1.00000000 1.00000000
vc 0.00000000 0.00000000 1.00000000 1.00000000
vc 0.00000000 0.00000000 1.00000000 1.00000000
vc 0.00000000 0.00000000 1.00000000 1.00000000
vc 0.00000000 0.00000000 1.00000000 1.00000000
vc 0.00000000 0.00000000 1.00000000 1.00000000
vc 0.00000000 0.00000000 1.00000000 1.00000000
vc 0.00000000 0.00000000 1.00000000 1.00000000
vc 0.00000000 0.00000000 1.00000000 1.00000000
vc 0.00000000 0.00000000 1.00000000 1.00000000
vc 0.00000000 0.00000000 1.00000000 1.00000000
vc 0.00000000 0.00000000 1.00000000 1.00000000
vc 0.00000000 0.00000000 1.00000000 1.00000000
vc 0.00000000 0.00000000 1.00000000 1.00000000
vc 0.00000000 0.00000000 1.00000000 1.00000000
vc 0.00000000 0.00000000 1.00000000 1.00000000
vc 0.00000000 0.00000000 1.00000000 1.00000000
vc 0.00000000 0.00000000 1.00000000 1.00000000
vc 0.00000000 0.00000000 1.00000000 1.00000000
vc 0.00000000 0.00000000 1.00000000 1.00000000
vc 0.00000000 0.00000000 1.00000000 1.00000000
vc 0.00000000 0.00000000 1.00000000 1.00000000
vc 0.00000000 0.00000000 1.00000000 1.00000000
vc 0.00000000 0.00000000 1.00000000 1.00000000
vc 0.00000000 0.00000000 1.00000000 1.00000000
vc 0.00000000 0.00000000 1.00000000 1.00000000
vc 0.00000000 0.00000000 1.00000000 1.00000000
vc 0.00000000 0.00000000 1.00000000 1.00000000
vc 0.00000000 0.00000000 1.00000000 1.00000000
vc 0.00000000 0.00000000 1.00000000 1.00000000
vc 0.00000000 0.00000000 1.00000000 1.00000000
vc 0.00000000 0.00000000 1.00000000 1.00000000
vc 0.00000000 0.00000000 1.00000000 1.00000000
vc 0.00000000 0.00000000 1.00000000 1.00000000
vc 0.00000000 0.00000000 1.00000000 1.00000000
vc 0.00000000 0.00000000 1.00000000 1.00000000
vc 0.00000000 0.00000000 1.00000000 1.00000000
vc 0.00000000 0.00000000 1.00000000 1.00000000
vc 0.00000000 0.00000000 1.00000000 1.00000000
vc 0.00000000 0.00000000 1.00000000 1.00000000
vc 0.00000000 0.00000000 1.00000000 1.00000000
vc 0.00000000 0.00000000 1.00000000 1.00000000
vc 0.00000000 0.00000000 1.00000000 1.00000000
vc 0.00000000 0.00000000 1.00000000 1.00000000
vc 0.00000000 0.00000000 1.00000000 1.00000000
vc 0.00000000 0.00000000 1.00000000 1.00000000
vc 0.00000000 0.00000000 1.00000000 1.00000000
vc 0.00000000 0.00000000 1.00000000 1.00000000
vc 0.00000000 0.00000000 1.00000000 1.00000000
vc 0.00000000 0.00000000 1.00000000 1.00000000
vc 0.00000000 0.00000000 1.00000000 1.00000000
vc 0.00000000 0.00000000 1.00000000 1.00000000
vc 0.00000000 0.00000000 1.00000000 1.00000000
vc 0.00000000 0.00000000 1.00000000 1.00000000
vc 0.00000000 0.00000000 1.00000000 1.00000000
vc 0.00000000 0.00000000 1.00000000 1.00000000
vc 0.00000000 0.00000000 1.00000000 1.00000000
vc 0.00000000 0.00000000 1.00000000 1.00000000
vc 0.00000000 0.00000000 1.00000000 1.00000000
vc 0.00000000 0.00000000 1.00000000 1.00000000
vc 0.00000000 0.00000000 1.00000000 1.00000000
vc 0.00000000 0.00000000 1.00000000 1.00000000
vc 0.00000000 0.00000000 1.00000000 1.00000000
vc 0.00000000 0.00000000 1.00000000 1.00000000
vc 0.00000000 0.00000000 1.00000000 1.00000000
vc 0.00000000 0.00000000 1.00000000 1.00000000
vc 0.00000000 0.00000000 1.00000000 1.00000000
vc 0.00000000 0.00000000 1.00000000 1.00000000
vc 0.00000000 0.00000000 1.00000000 1.00000000
vc 0.00000000 0.00000000 1.00000000 1.00000000
vc 0.00000000 0.00000000 1.00000000 1.00000000
vc 0.00000000 0.00000000 1.00000000 1.00000000
vc 0.00000000 0.00000000 1.00000000 1.00000000
vc 0.00000000 0.00000000 1.00000000 1.00000000
vc 0.00000000 0.00000000 1.00000000 1.00000000
vc 0.00000000 0.00000000 1.00000000 1.00000000
vc 0.00000000 0.00000000 1.00000000 1.00000000
vc 0.00000000 0.00000000 1.00000000 1.00000000
vc 0.00000000 0.00000000 1.00000000 1.00000000
vc 0.00000000 0.00000000 1.00000000 1.00000000
vc 0.00000000 0.00000000 1.00000000 1.00000000
vc 0.00000000 0.00000000 1.00000000 1.00000000
vc 0.00000000 0.00000000 1.00000000 1.00000000
vc 0.00000000 0.00000000 1.00000000 1.00000000
vc 0.00000000 0.00000000 1.00000000 1.00000000
vc 0.00000000 0.00000000 1.00000000 1.00000000
vc 0.00000000 0.00000000 1.00000000 1.00000000
vc 0.00000000 0.00000000 1.00000000 1.00000000
vc 0.00000000 0.00000000 1.00000000 1.00000000
vc 0.00000000 0.00000000 1.00000000 1.00000000
vc 0.00000000 0.00000000 1.00000000 1.00000000
vc 0.00000000 0.00000000 1.00000000 1.00000000
vc 0.00000000 0.00000000 1.00000000 1.00000000
vc 0.00000000 0.00000000 1.00000000 1.00000000
vc 0.00000000 0.00000000 1.00000000 1.00000000
vc 0.00000000 0.00000000 1.00000000 1.00000000
vc 0.00000000 0.00000000 1.00000000 1.00000000
vc 0.00000000 0.00000000 1.00000000 1.00000000
vc 0.00000000 0.00000000 1.00000000 1.00000000
vc 0.00000000 0.00000000 1.00000000 1.00000000
vc 0.00000000 0.00000000 1.00000000 1.00000000
vc 0.00000000 0.00000000 1.00000000 1.00000000
vc 0.00000000 0.00000000 1.00000000 1.00000000
vc 0.00000000 0.00000000 1.00000000 1.00000000
vc 0.00000000 0.00000000 1.00000000 1.00000000
vc 0.00000000 0.00000000 1.00000000 1.00000000
vc 0.00000000 0.00000000 1.00000000 1.00000000
vc 0.00000000 0.00000000 1.00000000 1.00000000
vc 0.00000000 0.00000000 1.00000000 1.00000000
vc 0.00000000 0.00000000 1.00000000 1.00000000
vc 0.00000000 0.00000000 1.00000000 1.00000000
vc 0.00000000 0.00000000 1.00000000 1.00000000
vc 0.00000000 0.00000000 1.00000000 1.00000000
vc 0.00000000 0.00000000 1.00000000 1.00000000
vc 0.00000000 0.00000000 1.00000000 1.00000000
vc 0.00000000 0.00000000 1.00000000 1.00000000
vc 0.00000000 0.00000000 1.00000000 1.00000000
vc 0.00000000 0.00000000 1.00000000 1.00000000
vc 0.00000000 0.00000000 1.00000000 1.00000000
vc 0.00000000 0.00000000 1.00000000 1.00000000
vc 0.00000000 0.00000000 1.00000000 1.00000000
vc 0.00000000 0.00000000 1.00000000 1.00000000
vc 0.00000000 0.00000000 1.00000000 1.00000000
vc 0.00000000 0.00000000 1.00000000 1.00000000
vc 0.00000000 0.00000000 1.00000000 1.00000000
vc 0.00000000 0.00000000 1.00000000 1.00000000
vc 0.00000000 0.00000000 1.00000000 1.00000000
vc 0.00000000 0.00000000 1.00000000 1.00000000
vc 0.00000000 0.00000000 1.00000000 1.00000000
vc 0.00000000 0.00000000 1.00000000 1.00000000
vc 0.00000000 0.00000000 1.00000000 1.00000000
vc 0.00000000 0.00000000 1.00000000 1.00000000
vc 0.00000000 0.00000000 1.00000000 1.00000000
vc 0.00000000 0.00000000 1.00000000 1.00000000
vc 0.00000000 0.00000000 1.00000000 1.00000000
vc 0.00000000 0.00000000 1.00000000 1.00000000
vc 0.00000000 0.00000000 1.00000000 1.00000000
vc 0.00000000 0.00000000 1.00000000 1.00000000
vc 0.00000000 0.00000000 1.00000000 1.00000000
vc 0.00000000 0.00000000 1.00000000 1.00000000
vc 0.00000000 0.00000000 1.00000000 1.00000000
vc 0.00000000 0.00000000 1.00000000 1.00000000
vc 0.00000000 0.00000000 1.00000000 1.00000000
vc 0.00000000 0.00000000 1.00000000 1.00000000
vc 0.00000000 0.00000000 1.00000000 1.00000000
vc 0.00000000 0.00000000 1.00000000 1.00000000
vc 0.00000000 0.00000000 1.00000000 1.00000000
vc 0.00000000 0.00000000 1.00000000 1.00000000
vc 0.00000000 0.00000000 1.00000000 1.00000000
vc 0.00000000 0.00000000 1.00000000 1.00000000
vc 0.00000000 0.00000000 1.00000000 1.00000000
vc 0.00000000 0.00000000 1.00000000 1.00000000
vc 0.00000000 0.00000000 1.00000000 1.00000000
vc 0.00000000 0.00000000 1.00000000 1.00000000
vc 0.00000000 0.00000000 1.00000000 1.00000000
vc 0.00000000 0.00000000 1.00000000 1.00000000
vc 0.00000000 0.00000000 1.00000000 1.00000000
vc 0.00000000 0.00000000 1.00000000 1.00000000
vc 0.00000000 0.00000000 1.00000000 1.00000000
vc 0.00000000 0.00000000 1.00000000 1.00000000
vc 0.00000000 0.00000000 1.00000000 1.00000000
vc 0.00000000 0.00000000 1.00000000 1.00000000
vc 0.00000000 0.00000000 1.00000000 1.00000000
vc 0.00000000 0.00000000 1.00000000 1.00000000
vc 0.00000000 0.00000000 1.00000000 1.00000000
vc 0.00000000 0.00000000 1.00000000 1.00000000
vc 0.00000000 0.00000000 1.00000000 1.00000000
vc 0.00000000 0.00000000 1.00000000 1.00000000
vc 0.00000000 0.00000000 1.00000000 1.00000000
vc 0.00000000 0.00000000 1.00000000 1.00000000
vc 0.00000000 0.00000000 1.00000000 1.00000000
vc 0.00000000 0.00000000 1.00000000 1.00000000
vc 0.00000000 0.00000000 1.00000000 1.00000000
vc 0.00000000 0.00000000 1.00000000 1.00000000
vc 0.00000000 0.00000000 1.00000000 1.00000000
vc 0.00000000 0.00000000 1.00000000 1.00000000
vc 0.00000000 0.00000000 1.00000000 1.00000000
vc 0.00000000 0.00000000 1.00000000 1.00000000
vc 0.00000000 0.00000000 1.00000000 1.00000000
vc 0.00000000 0.00000000 1.00000000 1.00000000
vc 0.00000000 0.00000000 1.00000000 1.00000000
vc 0.00000000 0.00000000 1.00000000 1.00000000
vc 0.00000000 0.00000000 1.00000000 1.00000000
vc 0.00000000 0.00000000 1.00000000 1.00000000
vc 0.00000000 0.00000000 1.00000000 1.00000000
vc 0.00000000 0.00000000 1.00000000 1.00000000
vc 0.00000000 0.00000000 1.00000000 1.00000000
vc 0.00000000 0.00000000 1.00000000 1.00000000
vc 0.00000000 0.00000000 1.00000000 1.00000000
vc 0.00000000 0.00000000 1.00000000 1.00000000
vc 0.00000000 0.00000000 1.00000000 1.00000000
vc 0.00000000 0.00000000 1.00000000 1.00000000
vc 0.00000000 0.00000000 1.00000000 1.00000000
vc 0.00000000 0.00000000 1.00000000 1.00000000
vc 0.00000000 0.00000000 1.00000000 1.00000000
vc 0.00000000 0.00000000 1.00000000 1.00000000
vc 0.00000000 0.00000000 1.00000000 1.00000000
vc 0.00000000 0.00000000 1.00000000 1.00000000
vc 0.00000000 0.00000000 1.00000000 1.00000000
vc 0.00000000 0.00000000 1.00000000 1.00000000
vc 0.00000000 0.00000000 1.00000000 1.00000000
vc 0.00000000 0.00000000 1.00000000 1.00000000
vc 0.00000000 0.00000000 1.00000000 1.00000000
vc 0.00000000 0.00000000 1.00000000 1.00000000
vc 0.00000000 0.00000000 1.00000000 1.00000000
vc 0.00000000 0.00000000 1.00000000 1.00000000
vc 0.00000000 0.00000000 1.00000000 1.00000000
vc 0.00000000 0.00000000 1.00000000 1.00000000
vc 0.00000000 0.00000000 1.00000000 1.00000000
vc 0.00000000 0.00000000 1.00000000 1.00000000
vc 0.00000000 0.00000000 1.00000000 1.00000000
vc 0.00000000 0.00000000 1.00000000 1.00000000
vc 0.00000000 0.00000000 1.00000000 1.00000000
vc 0.00000000 0.00000000 1.00000000 1.00000000
vc 0.00000000 0.00000000 1.00000000 1.00000000
vc 0.00000000 0.00000000 1.00000000 1.00000000
vc 0.00000000 0.00000000 1.00000000 1.00000000
vc 0.00000000 0.00000000 1.00000000 1.00000000
vc 0.00000000 0.00000000 1.00000000 1.00000000
vc 0.00000000 0.00000000 1.00000000 1.00000000
vc 0.00000000 0.00000000 1.00000000 1.00000000
vc 0.00000000 0.00000000 1.00000000 1.00000000
vc 0.00000000 0.00000000 1.00000000 1.00000000
vc 0.00000000 0.00000000 1.00000000 1.00000000
vc 0.00000000 0.00000000 1.00000000 1.00000000
vc 0.00000000 0.00000000 1.00000000 1.00000000
vc 0.00000000 0.00000000 1.00000000 1.00000000
vc 0.00000000 0.00000000 1.00000000 1.00000000
vc 0.00000000 0.00000000 1.00000000 1.00000000
vc 0.00000000 0.00000000 1.00000000 1.00000000
vc 0.00000000 0.00000000 1.00000000 1.00000000
vc 0.00000000 0.00000000 1.00000000 1.00000000
vc 0.00000000 0.00000000 1.00000000 1.00000000
vc 0.00000000 0.00000000 1.00000000 1.00000000
vc 0.00000000 0.00000000 1.00000000 1.00000000
vc 0.00000000 0.00000000 1.00000000 1.00000000
vc 0.00000000 0.00000000 1.00000000 1.00000000
vc 0.00000000 0.00000000 1.00000000 1.00000000
vc 0.00000000 0.00000000 1.00000000 1.00000000
vc 0.00000000 0.00000000 1.00000000 1.00000000
vc 0.00000000 0.00000000 1.00000000 1.00000000
vc 0.00000000 0.00000000 1.00000000 1.00000000
vc 0.00000000 0.00000000 1.00000000 1.00000000
vc 0.00000000 0.00000000 1.00000000 1.00000000
vc 0.00000000 0.00000000 1.00000000 1.00000000
vc 0.00000000 0.00000000 1.00000000 1.00000000
vc 0.00000000 0.00000000 1.00000000 1.00000000
vc 0.00000000 0.00000000 1.00000000 1.00000000
vc 0.00000000 0.00000000 1.00000000 1.00000000
vc 0.00000000 0.00000000 1.00000000 1.00000000
vc 0.00000000 0.00000000 1.00000000 1.00000000
vc 0.00000000 0.00000000 1.00000000 1.00000000
vc 0.00000000 0.00000000 1.00000000 1.00000000
vc 0.00000000 0.00000000 1.00000000 1.00000000
vc 0.00000000 0.00000000 1.00000000 1.00000000
vc 0.00000000 0.00000000 1.00000000 1.00000000
vc 0.00000000 0.00000000 1.00000000 1.00000000
vc 0.00000000 0.00000000 1.00000000 1.00000000
vc 0.00000000 0.00000000 1.00000000 1.00000000
vc 0.00000000 0.00000000 1.00000000 1.00000000
vc 0.00000000 0.00000000 1.00000000 1.00000000
vc 0.00000000 0.00000000 1.00000000 1.00000000
vc 0.00000000 0.00000000 1.00000000 1.00000000
vc 0.00000000 0.00000000 1.00000000 1.00000000
vc 0.00000000 0.00000000 1.00000000 1.00000000
vc 0.00000000 0.00000000 1.00000000 1.00000000
vc 0.00000000 0.00000000 1.00000000 1.00000000
vc 0.00000000 0.00000000 1.00000000 1.00000000
vc 0.00000000 0.00000000 1.00000000 1.00000000
vc 0.00000000 0.00000000 1.00000000 1.00000000
vc 0.00000000 0.00000000 1.00000000 1.00000000
vc 0.00000000 0.00000000 1.00000000 1.00000000
vc 0.00000000 0.00000000 1.00000000 1.00000000
vc 0.00000000 0.00000000 1.00000000 1.00000000
vc 0.00000000 0.00000000 1.00000000 1.00000000
vc 0.00000000 0.00000000 1.00000000 1.00000000
vc 0.00000000 0.00000000 1.00000000 1.00000000
vc 0.00000000 0.00000000 1.00000000 1.00000000
vc 0.00000000 0.00000000 1.00000000 1.00000000
vc 0.00000000 0.00000000 1.00000000 1.00000000
vc 0.00000000 0.00000000 1.00000000 1.00000000
vc 0.00000000 0.00000000 1.00000000 1.00000000
vc 0.00000000 0.00000000 1.00000000 1.00000000
vc 0.00000000 0.00000000 1.00000000 1.00000000
vc 0.00000000 0.00000000 1.00000000 1.00000000
vc 0.00000000 0.00000000 1.00000000 1.00000000
vc 0.00000000 0.00000000 1.00000000 1.00000000
vc 0.00000000 0.00000000 1.00000000 1.00000000
vc 0.00000000 0.00000000 1.00000000 1.00000000
vc 0.00000000 0.00000000 1.00000000 1.00000000
vc 0.00000000 0.00000000 1.00000000 1.00000000
vc 0.00000000 0.00000000 1.00000000 1.00000000
vc 0.00000000 0.00000000 1.00000000 1.00000000
vc 0.00000000 0.00000000 1.00000000 1.00000000
vc 0.00000000 0.00000000 1.00000000 1.00000000
vc 0.00000000 0.00000000 1.00000000 1.00000000
vc 0.00000000 0.00000000 1.00000000 1.00000000
vc 0.00000000 0.00000000 1.00000000 1.00000000
vc 0.00000000 0.00000000 1.00000000 1.00000000
vc 0.00000000 0.00000000 1.00000000 1.00000000
vc 0.00000000 0.00000000 1.00000000 1.00000000
vc 0.00000000 0.00000000 1.00000000 1.00000000
vc 0.00000000 0.00000000 1.00000000 1.00000000
vc 0.00000000 0.00000000 1.00000000 1.00000000
vc 0.00000000 0.00000000 1.00000000 1.00000000
vc 0.00000000 0.00000000 1.00000000 1.00000000
vc 0.00000000 0.00000000 1.00000000 1.00000000
vc 0.00000000 0.00000000 1.00000000 1.00000000
vc 0.00000000 0.00000000 1.00000000 1.00000000
vc 0.00000000 0.00000000 1.00000000 1.00000000
vc 0.00000000 0.00000000 1.00000000 1.00000000
vc 0.00000000 0.00000000 1.00000000 1.00000000
vc 0.00000000 0.00000000 1.00000000 1.00000000
vc 0.00000000 0.00000000 1.00000000 1.00000000
vc 0.00000000 0.00000000 1.00000000 1.00000000
vc 0.00000000 0.00000000 1.00000000 1.00000000
vc 0.00000000 0.00000000 1.00000000 1.00000000
vc 0.00000000 0.00000000 1.00000000 1.00000000
vc 0.00000000 0.00000000 1.00000000 1.00000000
vc 0.00000000 0.00000000 1.00000000 1.00000000
vc 0.00000000 0.00000000 1.00000000 1.00000000
vc 0.00000000 0.00000000 1.00000000 1.00000000
vc 0.00000000 0.00000000 1.00000000 1.00000000
vc 0.00000000 0.00000000 1.00000000 1.00000000
vc 0.00000000 0.00000000 1.00000000 1.00000000
vc 0.00000000 0.00000000 1.00000000 1.00000000
vc 0.00000000 0.00000000 1.00000000 1.00000000
vc 0.00000000 0.00000000 1.00000000 1.00000000
vc 0.00000000 0.00000000 1.00000000 1.00000000
vc 0.00000000 0.00000000 1.00000000 1.00000000
vc 0.00000000 0.00000000 1.00000000 1.00000000
vc 0.00000000 0.00000000 1.00000000 1.00000000
vc 0.00000000 0.00000000 1.00000000 1.00000000
vc 0.00000000 0.00000000 1.00000000 1.00000000
vc 0.00000000 0.00000000 1.00000000 1.00000000
vc 0.00000000 0.00000000 1.00000000 1.00000000
vc 0.00000000 0.00000000 1.00000000 1.00000000
vc 0.00000000 0.00000000 1.00000000 1.00000000
vc 0.00000000 0.00000000 1.00000000 1.00000000
vc 0.00000000 0.00000000 1.00000000 1.00000000
vc 0.00000000 0.00000000 1.00000000 1.00000000
vc 0.00000000 0.00000000 1.00000000 1.00000000
vc 0.00000000 0.00000000 1.00000000 1.00000000
vc 0.00000000 0.00000000 1.00000000 1.00000000
vc 0.00000000 0.00000000 1.00000000 1.00000000
vc 0.00000000 0.00000000 1.00000000 1.00000000
vc 0.00000000 0.00000000 1.00000000 1.00000000
vc 0.00000000 0.00000000 1.00000000 1.00000000
vc 0.00000000 0.00000000 1.00000000 1.00000000
vc 0.00000000 0.00000000 1.00000000 1.00000000
vc 0.00000000 0.00000000 1.00000000 1.00000000
vc 0.00000000 0.00000000 1.00000000 1.00000000
vc 0.00000000 0.00000000 1.00000000 1.00000000
vc 0.00000000 0.00000000 1.00000000 1.00000000
vc 0.00000000 0.00000000 1.00000000 1.00000000
vc 0.00000000 0.00000000 1.00000000 1.00000000
vc 0.00000000 0.00000000 1.00000000 1.00000000
vc 0.00000000 0.00000000 1.00000000 1.00000000
vc 0.00000000 0.00000000 1.00000000 1.00000000
vc 0.00000000 0.00000000 1.00000000 1.00000000
vc 0.00000000 0.00000000 1.00000000 1.00000000
vc 0.00000000 0.00000000 1.00000000 1.00000000
vc 0.00000000 0.00000000 1.00000000 1.00000000
vc 0.00000000 0.00000000 1.00000000 1.00000000
vc 0.00000000 0.00000000 1.00000000 1.00000000
vc 0.00000000 0.00000000 1.00000000 1.00000000
vc 0.00000000 0.00000000 1.00000000 1.00000000
vc 0.00000000 0.00000000 1.00000000 1.00000000
vc 0.00000000 0.00000000 1.00000000 1.00000000
vc 0.00000000 0.00000000 1.00000000 1.00000000
vc 0.00000000 0.00000000 1.00000000 1.00000000
vc 0.00000000 0.00000000 1.00000000 1.00000000
vc 0.00000000 0.00000000 1.00000000 1.00000000
vc 0.00000000 0.00000000 1.00000000 1.00000000
vc 0.00000000 0.00000000 1.00000000 1.00000000
vc 0.00000000 0.00000000 1.00000000 1.00000000
vc 0.00000000 0.00000000 1.00000000 1.00000000
vc 0.00000000 0.00000000 1.00000000 1.00000000
vc 0.00000000 0.00000000 1.00000000 1.00000000
vc 0.00000000 0.00000000 1.00000000 1.00000000
vc 0.00000000 0.00000000 1.00000000 1.00000000
vc 0.00000000 0.00000000 1.00000000 1.00000000
vc 0.00000000 0.00000000 1.00000000 1.00000000
vc 0.00000000 0.00000000 1.00000000 1.00000000
vc 0.00000000 0.00000000 1.00000000 1.00000000
vc 0.00000000 0.00000000 1.00000000 1.00000000
vc 0.00000000 0.00000000 1.00000000 1.00000000
vc 0.00000000 0.00000000 1.00000000 1.00000000
vc 0.00000000 0.00000000 1.00000000 1.00000000
vc 0.00000000 0.00000000 1.00000000 1.00000000
vc 0.00000000 0.00000000 1.00000000 1.00000000
vc 0.00000000 0.00000000 1.00000000 1.00000000
vc 0.00000000 0.00000000 1.00000000 1.00000000
vc 0.00000000 0.00000000 1.00000000 1.00000000
vc 0.00000000 0.00000000 1.00000000 1.00000000
vc 0.00000000 0.00000000 1.00000000 1.00000000
vc 0.00000000 0.00000000 1.00000000 1.00000000
vc 0.00000000 0.00000000 1.00000000 1.00000000
vc 0.00000000 0.00000000 1.00000000 1.00000000
vc 0.00000000 0.00000000 1.00000000 1.00000000
vc 0.00000000 0.00000000 1.00000000 1.00000000
vc 0.00000000 0.00000000 1.00000000 1.00000000
vc 0.00000000 0.00000000 1.00000000 1.00000000
vc 0.00000000 0.00000000 1.00000000 1.00000000
vc 0.00000000 0.00000000 1.00000000 1.00000000
vc 0.00000000 0.00000000 1.00000000 1.00000000
vc 0.00000000 0.00000000 1.00000000 1.00000000
vc 0.00000000 0.00000000 1.00000000 1.00000000
vc 0.00000000 0.00000000 1.00000000 1.00000000
vc 0.00000000 0.00000000 1.00000000 1.00000000
vc 0.00000000 0.00000000 1.00000000 1.00000000
vc 0.00000000 0.00000000 1.00000000 1.00000000
vc 0.00000000 0.00000000 1.00000000 1.00000000
vc 0.00000000 0.00000000 1.00000000 1.00000000
vc 0.00000000 0.00000000 1.00000000 1.00000000
vc 0.00000000 0.00000000 1.00000000 1.00000000
vc 0.00000000 0.00000000 1.00000000 1.00000000
vc 0.00000000 0.00000000 1.00000000 1.00000000
vc 0.00000000 0.00000000 1.00000000 1.00000000
vc 0.00000000 0.00000000 1.00000000 1.00000000
vc 0.00000000 0.00000000 1.00000000 1.00000000
vc 0.00000000 0.00000000 1.00000000 1.00000000
vc 0.00000000 0.00000000 1.00000000 1.00000000
vc 0.00000000 0.00000000 1.00000000 1.00000000
vc 0.00000000 0.00000000 1.00000000 1.00000000
vc 0.00000000 0.00000000 1.00000000 1.00000000
vc 0.00000000 0.00000000 1.00000000 1.00000000
vc 0.00000000 0.00000000 1.00000000 1.00000000
vc 0.00000000 0.00000000 1.00000000 1.00000000
vc 0.00000000 0.00000000 1.00000000 1.00000000
vc 0.00000000 0.00000000 1.00000000 1.00000000
vc 0.00000000 0.00000000 1.00000000 1.00000000
vc 0.00000000 0.00000000 1.00000000 1.00000000
vc 0.00000000 0.00000000 1.00000000 1.00000000
vc 0.00000000 0.00000000 1.00000000 1.00000000
vc 0.00000000 0.00000000 1.00000000 1.00000000
vc 0.00000000 0.00000000 1.00000000 1.00000000
vc 0.00000000 0.00000000 1.00000000 1.00000000
vc 0.00000000 0.00000000 1.00000000 1.00000000
vc 0.00000000 0.00000000 1.00000000 1.00000000
vc 0.00000000 0.00000000 1.00000000 1.00000000
vc 0.00000000 0.00000000 1.00000000 1.00000000
vc 0.00000000 0.00000000 1.00000000 1.00000000
vc 0.00000000 0.00000000 1.00000000 1.00000000
vc 0.00000000 0.00000000 1.00000000 1.00000000
vc 0.00000000 0.00000000 1.00000000 1.00000000
vc 0.00000000 0.00000000 1.00000000 1.00000000
vc 0.00000000 0.00000000 1.00000000 1.00000000
vc 0.00000000 0.00000000 1.00000000 1.00000000
vc 0.00000000 0.00000000 1.00000000 1.00000000
vc 0.00000000 0.00000000 1.00000000 1.00000000
vc 0.00000000 0.00000000 1.00000000 1.00000000
vc 0.00000000 0.00000000 1.00000000 1.00000000
vc 0.00000000 0.00000000 1.00000000 1.00000000
vc 0.00000000 0.00000000 1.00000000 1.00000000
vc 0.00000000 0.00000000 1.00000000 1.00000000
vc 0.00000000 0.00000000 1.00000000 1.00000000
vc 0.00000000 0.00000000 1.00000000 1.00000000
vc 0.00000000 0.00000000 1.00000000 1.00000000
vc 0.00000000 0.00000000 1.00000000 1.00000000
vc 0.00000000 0.00000000 1.00000000 1.00000000
vc 0.00000000 0.00000000 1.00000000 1.00000000
vc 0.00000000 0.00000000 1.00000000 1.00000000
vc 0.00000000 0.00000000 1.00000000 1.00000000
vc 0.00000000 0.00000000 1.00000000 1.00000000
vc 0.00000000 0.00000000 1.00000000 1.00000000
vc 0.00000000 0.00000000 1.00000000 1.00000000
vc 0.00000000 0.00000000 1.00000000 1.00000000
vc 0.00000000 0.00000000 1.00000000 1.00000000
vc 0.00000000 0.00000000 1.00000000 1.00000000
vc 0.00000000 0.00000000 1.00000000 1.00000000
vc 0.00000000 0.00000000 1.00000000 1.00000000
vc 0.00000000 0.00000000 1.00000000 1.00000000
vc 0.00000000 0.00000000 1.00000000 1.00000000
vc 0.00000000 0.00000000 1.00000000 1.00000000
vc 0.00000000 0.00000000 1.00000000 1.00000000
vc 0.00000000 0.00000000 1.00000000 1.00000000
vc 0.00000000 0.00000000 1.00000000 1.00000000
vc 0.00000000 0.00000000 1.00000000 1.00000000
vc 0.00000000 0.00000000 1.00000000 1.00000000
vc 0.00000000 0.00000000 1.00000000 1.00000000
vc 0.00000000 0.00000000 1.00000000 1.00000000
vc 0.00000000 0.00000000 1.00000000 1.00000000
vc 0.00000000 0.00000000 1.00000000 1.00000000
vc 0.00000000 0.00000000 1.00000000 1.00000000
vc 0.00000000 0.00000000 1.00000000 1.00000000
vc 0.00000000 0.00000000 1.00000000 1.00000000
vc 0.00000000 0.00000000 1.00000000 1.00000000
vc 0.00000000 0.00000000 1.00000000 1.00000000
vc 0.00000000 0.00000000 1.00000000 1.00000000
vc 0.00000000 0.00000000 1.00000000 1.00000000
vc 0.00000000 0.00000000 1.00000000 1.00000000
vc 0.00000000 0.00000000 1.00000000 1.00000000
vc 0.00000000 0.00000000 1.00000000 1.00000000
vc 0.00000000 0.00000000 1.00000000 1.00000000
vc 0.00000000 0.00000000 1.00000000 1.00000000
vc 0.00000000 0.00000000 1.00000000 1.00000000
vc 0.00000000 0.00000000 1.00000000 1.00000000
vc 0.00000000 0.00000000 1.00000000 1.00000000
vc 0.00000000 0.00000000 1.00000000 1.00000000
vc 0.00000000 0.00000000 1.00000000 1.00000000
vc 0.00000000 0.00000000 1.00000000 1.00000000
vc 0.00000000 0.00000000 1.00000000 1.00000000
vc 0.00000000 0.00000000 1.00000000 1.00000000
vc 0.00000000 0.00000000 1.00000000 1.00000000
vc 0.00000000 0.00000000 1.00000000 1.00000000
vc 0.00000000 0.00000000 1.00000000 1.00000000
vc 0.00000000 0.00000000 1.00000000 1.00000000
vc 0.00000000 0.00000000 1.00000000 1.00000000
vc 0.00000000 0.00000000 1.00000000 1.00000000
vc 0.00000000 0.00000000 1.00000000 1.00000000
vc 0.00000000 0.00000000 1.00000000 1.00000000
vc 0.00000000 0.00000000 1.00000000 1.00000000
vc 0.00000000 0.00000000 1.00000000 1.00000000
vc 0.00000000 0.00000000 1.00000000 1.00000000
vc 0.00000000 0.00000000 1.00000000 1.00000000
vc 0.00000000 0.00000000 1.00000000 1.00000000
vc 0.00000000 0.00000000 1.00000000 1.00000000
vc 0.00000000 0.00000000 1.00000000 1.00000000
vc 0.00000000 0.00000000 1.00000000 1.00000000
vc 0.00000000 0.00000000 1.00000000 1.00000000
vc 0.00000000 0.00000000 1.00000000 1.00000000
vc 0.00000000 0.00000000 1.00000000 1.00000000
vc 0.00000000 0.00000000 1.00000000 1.00000000
vc 0.00000000 0.00000000 1.00000000 1.00000000
vc 0.00000000 0.00000000 1.00000000 1.00000000
vc 0.00000000 0.00000000 1.00000000 1.00000000
vc 0.00000000 0.00000000 1.00000000 1.00000000
vc 0.00000000 0.00000000 1.00000000 1.00000000
vc 0.00000000 0.00000000 1.00000000 1.00000000
vc 0.00000000 0.00000000 1.00000000 1.00000000
vc 0.00000000 0.00000000 1.00000000 1.00000000
vc 0.00000000 0.00000000 1.00000000 1.00000000
vc 0.00000000 0.00000000 1.00000000 1.00000000
vc 0.00000000 0.00000000 1.00000000 1.00000000
vc 0.00000000 0.00000000 1.00000000 1.00000000
vc 0.00000000 0.00000000 1.00000000 1.00000000
vc 0.00000000 0.00000000 1.00000000 1.00000000
vc 0.00000000 0.00000000 1.00000000 1.00000000
vc 0.00000000 0.00000000 1.00000000 1.00000000
vc 0.00000000 0.00000000 1.00000000 1.00000000
vc 0.00000000 0.00000000 1.00000000 1.00000000
vc 0.00000000 0.00000000 1.00000000 1.00000000
vc 0.00000000 0.00000000 1.00000000 1.00000000
vc 0.00000000 0.00000000 1.00000000 1.00000000
vc 0.00000000 0.00000000 1.00000000 1.00000000
vc 0.00000000 0.00000000 1.00000000 1.00000000
vc 0.00000000 0.00000000 1.00000000 1.00000000
vc 0.00000000 0.00000000 1.00000000 1.00000000
vc 0.00000000 0.00000000 1.00000000 1.00000000
vc 0.00000000 0.00000000 1.00000000 1.00000000
vc 0.00000000 0.00000000 1.00000000 1.00000000
vc 0.00000000 0.00000000 1.00000000 1.00000000
vc 0.00000000 0.00000000 1.00000000 1.00000000
vc 0.00000000 0.00000000 1.00000000 1.00000000
vc 0.00000000 0.00000000 1.00000000 1.00000000
vc 0.00000000 0.00000000 1.00000000 1.00000000
vc 0.00000000 0.00000000 1.00000000 1.00000000
vc 0.00000000 0.00000000 1.00000000 1.00000000
vc 0.00000000 0.00000000 1.00000000 1.00000000
vc 0.00000000 0.00000000 1.00000000 1.00000000
vc 0.00000000 0.00000000 1.00000000 1.00000000
vc 0.00000000 0.00000000 1.00000000 1.00000000
vc 0.00000000 0.00000000 1.00000000 1.00000000
vc 0.00000000 0.00000000 1.00000000 1.00000000
vc 0.00000000 0.00000000 1.00000000 1.00000000
vc 0.00000000 0.00000000 1.00000000 1.00000000
vc 0.00000000 0.00000000 1.00000000 1.00000000
vc 0.00000000 0.00000000 1.00000000 1.00000000
vc 0.00000000 0.00000000 1.00000000 1.00000000
vc 0.00000000 0.00000000 1.00000000 1.00000000
vc 0.00000000 0.00000000 1.00000000 1.00000000
vc 0.00000000 0.00000000 1.00000000 1.00000000
vc 0.00000000 0.00000000 1.00000000 1.00000000
vc 0.00000000 0.00000000 1.00000000 1.00000000
vc 0.00000000 0.00000000 1.00000000 1.00000000
vc 0.00000000 0.00000000 1.00000000 1.00000000
vc 0.00000000 0.00000000 1.00000000 1.00000000
vc 0.00000000 0.00000000 1.00000000 1.00000000
vc 0.00000000 0.00000000 1.00000000 1.00000000
vc 0.00000000 0.00000000 1.00000000 1.00000000
vc 0.00000000 0.00000000 1.00000000 1.00000000
vc 0.00000000 0.00000000 1.00000000 1.00000000
vc 0.00000000 0.00000000 1.00000000 1.00000000
vc 0.00000000 0.00000000 1.00000000 1.00000000
vc 0.00000000 0.00000000 1.00000000 1.00000000
vc 0.00000000 0.00000000 1.00000000 1.00000000
vc 0.00000000 0.00000000 1.00000000 1.00000000
vc 0.00000000 0.00000000 1.00000000 1.00000000
vc 0.00000000 0.00000000 1.00000000 1.00000000
vc 0.00000000 0.00000000 1.00000000 1.00000000
vc 0.00000000 0.00000000 1.00000000 1.00000000
vc 0.00000000 0.00000000 1.00000000 1.00000000
vc 0.00000000 0.00000000 1.00000000 1.00000000
vc 0.00000000 0.00000000 1.00000000 1.00000000
vc 0.00000000 0.00000000 1.00000000 1.00000000
vc 0.00000000 0.00000000 1.00000000 1.00000000
vc 0.00000000 0.00000000 1.00000000 1.00000000
vc 0.00000000 0.00000000 1.00000000 1.00000000
vc 0.00000000 0.00000000 1.00000000 1.00000000
vc 0.00000000 0.00000000 1.00000000 1.00000000
vc 0.00000000 0.00000000 1.00000000 1.00000000
vc 0.00000000 0.00000000 1.00000000 1.00000000
vc 0.00000000 0.00000000 1.00000000 1.00000000
vc 0.00000000 0.00000000 1.00000000 1.00000000
vc 0.00000000 0.00000000 1.00000000 1.00000000
vc 0.00000000 0.00000000 1.00000000 1.00000000
vc 0.00000000 0.00000000 1.00000000 1.00000000
vc 0.00000000 0.00000000 1.00000000 1.00000000
vc 0.00000000 0.00000000 1.00000000 1.00000000
vc 0.00000000 0.00000000 1.00000000 1.00000000
vc 0.00000000 0.00000000 1.00000000 1.00000000
vc 0.00000000 0.00000000 1.00000000 1.00000000
vc 0.00000000 0.00000000 1.00000000 1.00000000
vc 0.00000000 0.00000000 1.00000000 1.00000000
vc 0.00000000 0.00000000 1.00000000 1.00000000
vc 0.00000000 0.00000000 1.00000000 1.00000000
vc 0.00000000 0.00000000 1.00000000 1.00000000
vc 0.00000000 0.00000000 1.00000000 1.00000000
vc 0.00000000 0.00000000 1.00000000 1.00000000
vc 0.00000000 0.00000000 1.00000000 1.00000000
vc 0.00000000 0.00000000 1.00000000 1.00000000
vc 0.00000000 0.00000000 1.00000000 1.00000000
vc 0.00000000 0.00000000 1.00000000 1.00000000
vc 0.00000000 0.00000000 1.00000000 1.00000000
vc 0.00000000 0.00000000 1.00000000 1.00000000
vc 0.00000000 0.00000000 1.00000000 1.00000000
vc 0.00000000 0.00000000 1.00000000 1.00000000
vc 0.00000000 0.00000000 1.00000000 1.00000000
vc 0.00000000 0.00000000 1.00000000 1.00000000
vc 0.00000000 0.00000000 1.00000000 1.00000000
vc 0.00000000 0.00000000 1.00000000 1.00000000
vc 0.00000000 0.00000000 1.00000000 1.00000000
vc 0.00000000 0.00000000 1.00000000 1.00000000
vc 0.00000000 0.00000000 1.00000000 1.00000000
vc 0.00000000 0.00000000 1.00000000 1.00000000
vc 0.00000000 0.00000000 1.00000000 1.00000000
vc 0.00000000 0.00000000 1.00000000 1.00000000
vc 0.00000000 0.00000000 1.00000000 1.00000000
vc 0.00000000 0.00000000 1.00000000 1.00000000
vc 0.00000000 0.00000000 1.00000000 1.00000000
vc 0.00000000 0.00000000 1.00000000 1.00000000
vc 0.00000000 0.00000000 1.00000000 1.00000000
vc 0.00000000 0.00000000 1.00000000 1.00000000
vc 0.00000000 0.00000000 1.00000000 1.00000000
vc 0.00000000 0.00000000 1.00000000 1.00000000
vc 0.00000000 0.00000000 1.00000000 1.00000000
vc 0.00000000 0.00000000 1.00000000 1.00000000
vc 0.00000000 0.00000000 1.00000000 1.00000000
vc 0.00000000 0.00000000 1.00000000 1.00000000
vc 0.00000000 0.00000000 1.00000000 1.00000000
vc 0.00000000 0.00000000 1.00000000 1.00000000
vc 0.00000000 0.00000000 1.00000000 1.00000000
vc 0.00000000 0.00000000 1.00000000 1.00000000
vc 0.00000000 0.00000000 1.00000000 1.00000000
vc 0.00000000 0.00000000 1.00000000 1.00000000
vc 0.00000000 0.00000000 1.00000000 1.00000000
vc 0.00000000 0.00000000 1.00000000 1.00000000
vc 0.00000000 0.00000000 1.00000000 1.00000000
vc 0.00000000 0.00000000 1.00000000 1.00000000
vc 0.00000000 0.00000000 1.00000000 1.00000000
vc 0.00000000 0.00000000 1.00000000 1.00000000
vc 0.00000000 0.00000000 1.00000000 1.00000000
vc 0.00000000 0.00000000 1.00000000 1.00000000
vc 0.00000000 0.00000000 1.00000000 1.00000000
vc 0.00000000 0.00000000 1.00000000 1.00000000
vc 0.00000000 0.00000000 1.00000000 1.00000000
vc 0.00000000 0.00000000 1.00000000 1.00000000
vc 0.00000000 0.00000000 1.00000000 1.00000000
vc 0.00000000 0.00000000 1.00000000 1.00000000
vc 1.00000000 0.00000000 1.00000000 1.00000000
vc 1.00000000 0.00000000 1.00000000 1.00000000
vc 1.00000000 0.00000000 1.00000000 1.00000000
vc 1.00000000 0.00000000 1.00000000 1.00000000
vc 1.00000000 0.00000000 1.00000000 1.00000000
vc 1.00000000 0.00000000 1.00000000 1.00000000
vc 1.00000000 0.00000000 1.00000000 1.00000000
vc 1.00000000 0.00000000 1.00000000 1.00000000
vc 1.00000000 0.00000000 1.00000000 1.00000000
vc 1.00000000 0.00000000 1.00000000 1.00000000
vc 1.00000000 0.00000000 1.00000000 1.00000000
vc 1.00000000 0.00000000 1.00000000 1.00000000
vc 1.00000000 0.00000000 1.00000000 1.00000000
vc 1.00000000 0.00000000 1.00000000 1.00000000
vc 1.00000000 0.00000000 1.00000000 1.00000000
vc 1.00000000 0.00000000 1.00000000 1.00000000
vc 1.00000000 0.00000000 1.00000000 1.00000000
vc 1.00000000 0.00000000 1.00000000 1.00000000
vc 1.00000000 0.00000000 1.00000000 1.00000000
vc 1.00000000 0.00000000 1.00000000 1.00000000
vc 1.00000000 0.00000000 1.00000000 1.00000000
vc 1.00000000 0.00000000 1.00000000 1.00000000
vc 1.00000000 0.00000000 1.00000000 1.00000000
vc 1.00000000 0.00000000 1.00000000 1.00000000
vc 1.00000000 0.00000000 1.00000000 1.00000000
vc 1.00000000 0.00000000 1.00000000 1.00000000
vc 1.00000000 0.00000000 1.00000000 1.00000000
vc 1.00000000 0.00000000 1.00000000 1.00000000
vc 1.00000000 0.00000000 1.00000000 1.00000000
vc 1.00000000 0.00000000 1.00000000 1.00000000
vc 1.00000000 0.00000000 1.00000000 1.00000000
vc 1.00000000 0.00000000 1.00000000 1.00000000
vc 1.00000000 0.00000000 1.00000000 1.00000000
vc 1.00000000 0.00000000 1.00000000 1.00000000
vc 1.00000000 0.00000000 1.00000000 1.00000000
vc 1.00000000 0.00000000 1.00000000 1.00000000
vc 1.00000000 0.03137255 1.00000000 1.00000000
vc 1.00000000 0.03137255 1.00000000 1.00000000
vc 1.00000000 0.03137255 1.00000000 1.00000000
vc 1.00000000 0.03137255 1.00000000 1.00000000
vc 1.00000000 0.03137255 1.00000000 1.00000000
vc 1.00000000 0.03137255 1.00000000 1.00000000
vc 1.00000000 0.03137255 1.00000000 1.00000000
vc 1.00000000 0.03137255 1.00000000 1.00000000
vc 1.00000000 0.03137255 1.00000000 1.00000000
vc 1.00000000 0.03137255 1.00000000 1.00000000
vc 1.00000000 0.03137255 1.00000000 1.00000000
vc 1.00000000 0.03137255 1.00000000 1.00000000
vc 1.00000000 0.03137255 1.00000000 1.00000000
vc 1.00000000 0.03137255 1.00000000 1.00000000
vc 1.00000000 0.03137255 1.00000000 1.00000000
vc 1.00000000 0.03137255 1.00000000 1.00000000
vc 1.00000000 0.03137255 1.00000000 1.00000000
vc 1.00000000 0.03137255 1.00000000 1.00000000
vc 1.00000000 0.03137255 1.00000000 1.00000000
vc 1.00000000 0.03137255 1.00000000 1.00000000
vc 1.00000000 0.03137255 1.00000000 1.00000000
vc 1.00000000 0.03137255 1.00000000 1.00000000
vc 1.00000000 0.03137255 1.00000000 1.00000000
vc 1.00000000 0.03137255 1.00000000 1.00000000
vc 1.00000000 0.03137255 1.00000000 1.00000000
vc 1.00000000 0.03137255 1.00000000 1.00000000
vc 1.00000000 0.03137255 1.00000000 1.00000000
vc 1.00000000 0.03137255 1.00000000 1.00000000
vc 1.00000000 0.03137255 1.00000000 1.00000000
vc 1.00000000 0.03137255 1.00000000 1.00000000
vc 1.00000000 0.03137255 1.00000000 1.00000000
vc 1.00000000 0.03137255 1.00000000 1.00000000
vc 1.00000000 0.03137255 1.00000000 1.00000000
vc 1.00000000 0.03137255 1.00000000 1.00000000
vc 1.00000000 0.03137255 1.00000000 1.00000000
vc 1.00000000 0.03137255 1.00000000 1.00000000
vc 1.00000000 0.06274510 1.00000000 1.00000000
vc 1.00000000 0.06274510 1.00000000 1.00000000
vc 1.00000000 0.06274510 1.00000000 1.00000000
vc 1.00000000 0.06274510 1.00000000 1.00000000
vc 1.00000000 0.06274510 1.00000000 1.00000000
vc 1.00000000 0.06274510 1.00000000 1.00000000
vc 1.00000000 0.06274510 1.00000000 1.00000000
vc 1.00000000 0.06274510 1.00000000 1.00000000
vc 1.00000000 0.06274510 1.00000000 1.00000000
vc 1.00000000 0.06274510 1.00000000 1.00000000
vc 1.00000000 0.06274510 1.00000000 1.00000000
vc 1.00000000 0.06274510 1.00000000 1.00000000
vc 1.00000000 0.06274510 1.00000000 1.00000000
vc 1.00000000 0.06274510 1.00000000 1.00000000
vc 1.00000000 0.06274510 1.00000000 1.00000000
vc 1.00000000 0.06274510 1.00000000 1.00000000
vc 1.00000000 0.06274510 1.00000000 1.00000000
vc 1.00000000 0.06274510 1.00000000 1.00000000
vc 1.00000000 0.06274510 1.00000000 1.00000000
vc 1.00000000 0.06274510 1.00000000 1.00000000
vc 1.00000000 0.06274510 1.00000000 1.00000000
vc 1.00000000 0.06274510 1.00000000 1.00000000
vc 1.00000000 0.06274510 1.00000000 1.00000000
vc 1.00000000 0.06274510 1.00000000 1.00000000
vc 1.00000000 0.06274510 1.00000000 1.00000000
vc 1.00000000 0.06274510 1.00000000 1.00000000
vc 1.00000000 0.06274510 1.00000000 1.00000000
vc 1.00000000 0.06274510 1.00000000 1.00000000
vc 1.00000000 0.06274510 1.00000000 1.00000000
vc 1.00000000 0.06274510 1.00000000 1.00000000
vc 1.00000000 0.06274510 1.00000000 1.00000000
vc 1.00000000 0.06274510 1.00000000 1.00000000
vc 1.00000000 0.06274510 1.00000000 1.00000000
vc 1.00000000 0.06274510 1.00000000 1.00000000
vc 1.00000000 0.06274510 1.00000000 1.00000000
vc 1.00000000 0.06274510 1.00000000 1.00000000
vc 1.00000000 0.09411765 1.00000000 1.00000000
vc 1.00000000 0.09411765 1.00000000 1.00000000
vc 1.00000000 0.09411765 1.00000000 1.00000000
vc 1.00000000 0.09411765 1.00000000 1.00000000
vc 1.00000000 0.09411765 1.00000000 1.00000000
vc 1.00000000 0.09411765 1.00000000 1.00000000
vc 1.00000000 0.09411765 1.00000000 1.00000000
vc 1.00000000 0.09411765 1.00000000 1.00000000
vc 1.00000000 0.09411765 1.00000000 1.00000000
vc 1.00000000 0.09411765 1.00000000 1.00000000
vc 1.00000000 0.09411765 1.00000000 1.00000000
vc 1.00000000 0.09411765 1.00000000 1.00000000
vc 1.00000000 0.09411765 1.00000000 1.00000000
vc 1.00000000 0.09411765 1.00000000 1.00000000
vc 1.00000000 0.09411765 1.00000000 1.00000000
vc 1.00000000 0.09411765 1.00000000 1.00000000
vc 1.00000000 0.09411765 1.00000000 1.00000000
vc 1.00000000 0.09411765 1.00000000 1.00000000
vc 1.00000000 0.09411765 1.00000000 1.00000000
vc 1.00000000 0.09411765 1.00000000 1.00000000
vc 1.00000000 0.09411765 1.00000000 1.00000000
vc 1.00000000 0.09411765 1.00000000 1.00000000
vc 1.00000000 0.09411765 1.00000000 1.00000000
vc 1.00000000 0.09411765 1.00000000 1.00000000
vc 1.00000000 0.09411765 1.00000000 1.00000000
vc 1.00000000 0.09411765 1.00000000 1.00000000
vc 1.00000000 0.09411765 1.00000000 1.00000000
vc 1.00000000 0.09411765 1.00000000 1.00000000
vc 1.00000000 0.09411765 1.00000000 1.00000000
vc 1.00000000 0.09411765 1.00000000 1.00000000
vc 1.00000000 0.09411765 1.00000000 1.00000000
vc 1.00000000 0.09411765 1.00000000 1.00000000
vc 1.00000000 0.09411765 1.00000000 1.00000000
vc 1.00000000 0.09411765 1.00000000 1.00000000
vc 1.00000000 0.09411765 1.00000000 1.00000000
vc 1.00000000 0.09411765 1.00000000 1.00000000
vc 0.00000000 0.00000000 1.00000000 1.00000000
vc 0.00000000 0.00000000 1.00000000 1.00000000
vc 0.00000000 0.00000000 1.00000000 1.00000000
vc 0.00000000 0.00000000 1.00000000 1.00000000
vc 0.00000000 0.00000000 1.00000000 1.00000000
vc 0.00000000 0.00000000 1.00000000 1.00000000
vc 0.00000000 0.00000000 1.00000000 1.00000000
vc 0.00000000 0.00000000 1.00000000 1.00000000
vc 0.00000000 0.00000000 1.00000000 1.00000000
vc 0.00000000 0.00000000 1.00000000 1.00000000
vc 0.00000000 0.00000000 1.00000000 1.00000000
vc 0.00000000 0.00000000 1.00000000 1.00000000
vc 0.00000000 0.00000000 1.00000000 1.00000000
vc 0.00000000 0.00000000 1.00000000 1.00000000
vc 0.00000000 0.00000000 1.00000000 1.00000000
vc 0.00000000 0.00000000 1.00000000 1.00000000
vc 0.00000000 0.00000000 1.00000000 1.00000000
vc 0.00000000 0.00000000 1.00000000 1.00000000
vc 0.00000000 0.00000000 1.00000000 1.00000000
vc 0.00000000 0.00000000 1.00000000 1.00000000
vc 0.00000000 0.00000000 1.00000000 1.00000000
vc 0.00000000 0.00000000 1.00000000 1.00000000
vc 0.00000000 0.00000000 1.00000000 1.00000000
vc 0.00000000 0.00000000 1.00000000 1.00000000
vc 0.00000000 0.00000000 1.00000000 1.00000000
vc 0.00000000 0.00000000 1.00000000 1.00000000
vc 0.00000000 0.00000000 1.00000000 1.00000000
vc 0.00000000 0.00000000 1.00000000 1.00000000
vc 0.00000000 0.00000000 1.00000000 1.00000000
vc 0.00000000 0.00000000 1.00000000 1.00000000
vc 0.00000000 0.00000000 1.00000000 1.00000000
vc 0.00000000 0.00000000 1.00000000 1.00000000
vc 0.00000000 0.00000000 1.00000000 1.00000000
vc 0.00000000 0.00000000 1.00000000 1.00000000
vc 0.00000000 0.00000000 1.00000000 1.00000000
vc 0.00000000 0.00000000 1.00000000 1.00000000
vc 0.00000000 0.00000000 1.00000000 1.00000000
vc 0.00000000 0.00000000 1.00000000 1.00000000
vc 0.00000000 0.00000000 1.00000000 1.00000000
vc 0.00000000 0.00000000 1.00000000 1.00000000
vc 0.00000000 0.00000000 1.00000000 1.00000000
vc 0.00000000 0.00000000 1.00000000 1.00000000
vc 0.00000000 0.00000000 1.00000000 1.00000000
vc 0.00000000 0.00000000 1.00000000 1.00000000
vc 0.00000000 0.00000000 1.00000000 1.00000000
vc 0.00000000 0.00000000 1.00000000 1.00000000
vc 0.00000000 0.00000000 1.00000000 1.00000000
vc 0.00000000 0.00000000 1.00000000 1.00000000
vc 0.00000000 0.00000000 1.00000000 1.00000000
vc 0.00000000 0.00000000 1.00000000 1.00000000
vc 0.00000000 0.00000000 1.00000000 1.00000000
vc 0.00000000 0.00000000 1.00000000 1.00000000
vc 0.00000000 0.00000000 1.00000000 1.00000000
vc 0.00000000 0.00000000 1.00000000 1.00000000
vc 0.00000000 0.00000000 1.00000000 1.00000000
vc 0.00000000 0.00000000 1.00000000 1.00000000
vc 0.00000000 0.00000000 1.00000000 1.00000000
vc 0.00000000 0.00000000 1.00000000 1.00000000
vc 0.00000000 0.00000000 1.00000000 1.00000000
vc 0.00000000 0.00000000 1.00000000 1.00000000
vc 0.00000000 0.00000000 1.00000000 1.00000000
vc 0.00000000 0.00000000 1.00000000 1.00000000
vc 0.00000000 0.00000000 1.00000000 1.00000000
vc 0.00000000 0.00000000 1.00000000 1.00000000
vc 0.00000000 0.00000000 1.00000000 1.00000000
vc 0.00000000 0.00000000 1.00000000 1.00000000
vc 0.00000000 0.00000000 1.00000000 1.00000000
vc 0.00000000 0.00000000 1.00000000 1.00000000
vc 0.00000000 0.00000000 1.00000000 1.00000000
vc 0.00000000 0.00000000 1.00000000 1.00000000
vc 0.00000000 0.00000000 1.00000000 1.00000000
vc 0.00000000 0.00000000 1.00000000 1.00000000
vc 1.00000000 0.12549020 1.00000000 1.00000000
vc 1.00000000 0.12549020 1.00000000 1.00000000
vc 1.00000000 0.12549020 1.00000000 1.00000000
vc 1.00000000 0.12549020 1.00000000 1.00000000
vc 1.00000000 0.12549020 1.00000000 1.00000000
vc 1.00000000 0.12549020 1.00000000 1.00000000
vc 1.00000000 0.12549020 1.00000000 1.00000000
vc 1.00000000 0.12549020 1.00000000 1.00000000
vc 1.00000000 0.12549020 1.00000000 1.00000000
vc 1.00000000 0.12549020 1.00000000 1.00000000
vc 1.00000000 0.12549020 1.00000000 1.00000000
vc 1.00000000 0.12549020 1.00000000 1.00000000
vc 1.00000000 0.12549020 1.00000000 1.00000000
vc 1.00000000 0.12549020 1.00000000 1.00000000
vc 1.00000000 0.12549020 1.00000000 1.00000000
vc 1.00000000 0.12549020 1.00000000 1.00000000
vc 1.00000000 0.12549020 1.00000000 1.00000000
vc 1.00000000 0.12549020 1.00000000 1.00000000
vc 1.00000000 0.12549020 1.00000000 1.00000000
vc 1.00000000 0.12549020 1.00000000 1.00000000
vc 1.00000000 0.12549020 1.00000000 1.00000000
vc 1.00000000 0.12549020 1.00000000 1.00000000
vc 1.00000000 0.12549020 1.00000000 1.00000000
vc 1.00000000 0.12549020 1.00000000 1.00000000
vc 1.00000000 0.12549020 1.00000000 1.00000000
vc 1.00000000 0.12549020 1.00000000 1.00000000
vc 1.00000000 0.12549020 1.00000000 1.00000000
vc 1.00000000 0.12549020 1.00000000 1.00000000
vc 1.00000000 0.12549020 1.00000000 1.00000000
vc 1.00000000 0.12549020 1.00000000 1.00000000
vc 1.00000000 0.12549020 1.00000000 1.00000000
vc 1.00000000 0.12549020 1.00000000 1.00000000
vc 1.00000000 0.12549020 1.00000000 1.00000000
vc 1.00000000 0.12549020 1.00000000 1.00000000
vc 1.00000000 0.12549020 1.00000000 1.00000000
vc 1.00000000 0.12549020 1.00000000 1.00000000
vc 1.00000000 0.15686280 1.00000000 1.00000000
vc 1.00000000 0.15686280 1.00000000 1.00000000
vc 1.00000000 0.15686280 1.00000000 1.00000000
vc 1.00000000 0.15686280 1.00000000 1.00000000
vc 1.00000000 0.15686280 1.00000000 1.00000000
vc 1.00000000 0.15686280 1.00000000 1.00000000
vc 1.00000000 0.15686280 1.00000000 1.00000000
vc 1.00000000 0.15686280 1.00000000 1.00000000
vc 1.00000000 0.15686280 1.00000000 1.00000000
vc 1.00000000 0.15686280 1.00000000 1.00000000
vc 1.00000000 0.15686280 1.00000000 1.00000000
vc 1.00000000 0.15686280 1.00000000 1.00000000
vc 1.00000000 0.15686280 1.00000000 1.00000000
vc 1.00000000 0.15686280 1.00000000 1.00000000
vc 1.00000000 0.15686280 1.00000000 1.00000000
vc 1.00000000 0.15686280 1.00000000 1.00000000
vc 1.00000000 0.15686280 1.00000000 1.00000000
vc 1.00000000 0.15686280 1.00000000 1.00000000
vc 1.00000000 0.15686280 1.00000000 1.00000000
vc 1.00000000 0.15686280 1.00000000 1.00000000
vc 1.00000000 0.15686280 1.00000000 1.00000000
vc 1.00000000 0.15686280 1.00000000 1.00000000
vc 1.00000000 0.15686280 1.00000000 1.00000000
vc 1.00000000 0.15686280 1.00000000 1.00000000
vc 1.00000000 0.15686280 1.00000000 1.00000000
vc 1.00000000 0.15686280 1.00000000 1.00000000
vc 1.00000000 0.15686280 1.00000000 1.00000000
vc 1.00000000 0.15686280 1.00000000 1.00000000
vc 1.00000000 0.15686280 1.00000000 1.00000000
vc 1.00000000 0.15686280 1.00000000 1.00000000
vc 1.00000000 0.15686280 1.00000000 1.00000000
vc 1.00000000 0.15686280 1.00000000 1.00000000
vc 1.00000000 0.15686280 1.00000000 1.00000000
vc 1.00000000 0.15686280 1.00000000 1.00000000
vc 1.00000000 0.15686280 1.00000000 1.00000000
vc 1.00000000 0.15686280 1.00000000 1.00000000
vc 1.00000000 0.18823530 1.00000000 1.00000000
vc 1.00000000 0.18823530 1.00000000 1.00000000
vc 1.00000000 0.18823530 1.00000000 1.00000000
vc 1.00000000 0.18823530 1.00000000 1.00000000
vc 1.00000000 0.18823530 1.00000000 1.00000000
vc 1.00000000 0.18823530 1.00000000 1.00000000
vc 1.00000000 0.18823530 1.00000000 1.00000000
vc 1.00000000 0.18823530 1.00000000 1.00000000
vc 1.00000000 0.18823530 1.00000000 1.00000000
vc 1.00000000 0.18823530 1.00000000 1.00000000
vc 1.00000000 0.18823530 1.00000000 1.00000000
vc 1.00000000 0.18823530 1.00000000 1.00000000
vc 1.00000000 0.18823530 1.00000000 1.00000000
vc 1.00000000 0.18823530 1.00000000 1.00000000
vc 1.00000000 0.18823530 1.00000000 1.00000000
vc 1.00000000 0.18823530 1.00000000 1.00000000
vc 1.00000000 0.18823530 1.00000000 1.00000000
vc 1.00000000 0.18823530 1.00000000 1.00000000
vc 1.00000000 0.18823530 1.00000000 1.00000000
vc 1.00000000 0.18823530 1.00000000 1.00000000
vc 1.00000000 0.18823530 1.00000000 1.00000000
vc 1.00000000 0.18823530 1.00000000 1.00000000
vc 1.00000000 0.18823530 1.00000000 1.00000000
vc 1.00000000 0.18823530 1.00000000 1.00000000
vc 1.00000000 0.18823530 1.00000000 1.00000000
vc 1.00000000 0.18823530 1.00000000 1.00000000
vc 1.00000000 0.18823530 1.00000000 1.00000000
vc 1.00000000 0.18823530 1.00000000 1.00000000
vc 1.00000000 0.18823530 1.00000000 1.00000000
vc 1.00000000 0.18823530 1.00000000 1.00000000
vc 1.00000000 0.18823530 1.00000000 1.00000000
vc 1.00000000 0.18823530 1.00000000 1.00000000
vc 1.00000000 0.18823530 1.00000000 1.00000000
vc 1.00000000 0.18823530 1.00000000 1.00000000
vc 1.00000000 0.18823530 1.00000000 1.00000000
vc 1.00000000 0.18823530 1.00000000 1.00000000
vc 1.00000000 0.21960780 1.00000000 1.00000000
vc 1.00000000 0.21960780 1.00000000 1.00000000
vc 1.00000000 0.21960780 1.00000000 1.00000000
vc 1.00000000 0.21960780 1.00000000 1.00000000
vc 1.00000000 0.21960780 1.00000000 1.00000000
vc 1.00000000 0.21960780 1.00000000 1.00000000
vc 1.00000000 0.21960780 1.00000000 1.00000000
vc 1.00000000 0.21960780 1.00000000 1.00000000
vc 1.00000000 0.21960780 1.00000000 1.00000000
vc 1.00000000 0.21960780 1.00000000 1.00000000
vc 1.00000000 0.21960780 1.00000000 1.00000000
vc 1.00000000 0.21960780 1.00000000 1.00000000
vc 1.00000000 0.21960780 1.00000000 1.00000000
vc 1.00000000 0.21960780 1.00000000 1.00000000
vc 1.00000000 0.21960780 1.00000000 1.00000000
vc 1.00000000 0.21960780 1.00000000 1.00000000
vc 1.00000000 0.21960780 1.00000000 1.00000000
vc 1.00000000 0.21960780 1.00000000 1.00000000
vc 1.00000000 0.21960780 1.00000000 1.00000000
vc 1.00000000 0.21960780 1.00000000 1.00000000
vc 1.00000000 0.21960780 1.00000000 1.00000000
vc 1.00000000 0.21960780 1.00000000 1.00000000
vc 1.00000000 0.21960780 1.00000000 1.00000000
vc 1.00000000 0.21960780 1.00000000 1.00000000
vc 1.00000000 0.21960780 1.00000000 1.00000000
vc 1.00000000 0.21960780 1.00000000 1.00000000
vc 1.00000000 0.21960780 1.00000000 1.00000000
vc 1.00000000 0.21960780 1.00000000 1.00000000
vc 1.00000000 0.21960780 1.00000000 1.00000000
vc 1.00000000 0.21960780 1.00000000 1.00000000
vc 1.00000000 0.21960780 1.00000000 1.00000000
vc 1.00000000 0.21960780 1.00000000 1.00000000
vc 1.00000000 0.21960780 1.00000000 1.00000000
vc 1.00000000 0.21960780 1.00000000 1.00000000
vc 1.00000000 0.21960780 1.00000000 1.00000000
vc 1.00000000 0.21960780 1.00000000 1.00000000
vc 0.00000000 0.00000000 1.00000000 1.00000000
vc 0.00000000 0.00000000 1.00000000 1.00000000
vc 0.00000000 0.00000000 1.00000000 1.00000000
vc 0.00000000 0.00000000 1.00000000 1.00000000
vc 0.00000000 0.00000000 1.00000000 1.00000000
vc 0.00000000 0.00000000 1.00000000 1.00000000
vc 0.00000000 0.00000000 1.00000000 1.00000000
vc 0.00000000 0.00000000 1.00000000 1.00000000
vc 0.00000000 0.00000000 1.00000000 1.00000000
vc 0.00000000 0.00000000 1.00000000 1.00000000
vc 0.00000000 0.00000000 1.00000000 1.00000000
vc 0.00000000 0.00000000 1.00000000 1.00000000
vc 0.00000000 0.00000000 1.00000000 1.00000000
vc 0.00000000 0.00000000 1.00000000 1.00000000
vc 0.00000000 0.00000000 1.00000000 1.00000000
vc 0.00000000 0.00000000 1.00000000 1.00000000
vc 0.00000000 0.00000000 1.00000000 1.00000000
vc 0.00000000 0.00000000 1.00000000 1.00000000
vc 0.00000000 0.00000000 1.00000000 1.00000000
vc 0.00000000 0.00000000 1.00000000 1.00000000
vc 0.00000000 0.00000000 1.00000000 1.00000000
vc 0.00000000 0.00000000 1.00000000 1.00000000
vc 0.00000000 0.00000000 1.00000000 1.00000000
vc 0.00000000 0.00000000 1.00000000 1.00000000
vc 0.00000000 0.00000000 1.00000000 1.00000000
vc 0.00000000 0.00000000 1.00000000 1.00000000
vc 0.00000000 0.00000000 1.00000000 1.00000000
vc 0.00000000 0.00000000 1.00000000 1.00000000
vc 0.00000000 0.00000000 1.00000000 1.00000000
vc 0.00000000 0.00000000 1.00000000 1.00000000
vc 0.00000000 0.00000000 1.00000000 1.00000000
vc 0.00000000 0.00000000 1.00000000 1.00000000
vc 0.00000000 0.00000000 1.00000000 1.00000000
vc 0.00000000 0.00000000 1.00000000 1.00000000
vc 0.00000000 0.00000000 1.00000000 1.00000000
vc 0.00000000 0.00000000 1.00000000 1.00000000
vc 0.00000000 0.00000000 1.00000000 1.00000000
vc 0.00000000 0.00000000 1.00000000 1.00000000
vc 0.00000000 0.00000000 1.00000000 1.00000000
vc 0.00000000 0.00000000 1.00000000 1.00000000
vc 0.00000000 0.00000000 1.00000000 1.00000000
vc 0.00000000 0.00000000 1.00000000 1.00000000
vc 0.00000000 0.00000000 1.00000000 1.00000000
vc 0.00000000 0.00000000 1.00000000 1.00000000
vc 0.00000000 0.00000000 1.00000000 1.00000000
vc 0.00000000 0.00000000 1.00000000 1.00000000
vc 0.00000000 0.00000000 1.00000000 1.00000000
vc 0.00000000 0.00000000 1.00000000 1.00000000
vc 0.00000000 0.00000000 1.00000000 1.00000000
vc 0.00000000 0.00000000 1.00000000 1.00000000
vc 0.00000000 0.00000000 1.00000000 1.00000000
vc 0.00000000 0.00000000 1.00000000 1.00000000
vc 0.00000000 0.00000000 1.00000000 1.00000000
vc 0.00000000 0.00000000 1.00000000 1.00000000
vc 0.00000000 0.00000000 1.00000000 1.00000000
vc 0.00000000 0.00000000 1.00000000 1.00000000
vc 0.00000000 0.00000000 1.00000000 1.00000000
vc 0.00000000 0.00000000 1.00000000 1.00000000
vc 0.00000000 0.00000000 1.00000000 1.00000000
vc 0.00000000 0.00000000 1.00000000 1.00000000
vc 0.00000000 0.00000000 1.00000000 1.00000000
vc 0.00000000 0.00000000 1.00000000 1.00000000
vc 0.00000000 0.00000000 1.00000000 1.00000000
vc 0.00000000 0.00000000 1.00000000 1.00000000
vc 0.00000000 0.00000000 1.00000000 1.00000000
vc 0.00000000 0.00000000 1.00000000 1.00000000
vc 0.00000000 0.00000000 1.00000000 1.00000000
vc 0.00000000 0.00000000 1.00000000 1.00000000
vc 0.00000000 0.00000000 1.00000000 1.00000000
vc 0.00000000 0.00000000 1.00000000 1.00000000
vc 0.00000000 0.00000000 1.00000000 1.00000000
vc 0.00000000 0.00000000 1.00000000 1.00000000
vc 0.00000000 0.00000000 1.00000000 1.00000000
vc 0.00000000 0.00000000 1.00000000 1.00000000
vc 0.00000000 0.00000000 1.00000000 1.00000000
vc 0.00000000 0.00000000 1.00000000 1.00000000
vc 0.00000000 0.00000000 1.00000000 1.00000000
vc 0.00000000 0.00000000 1.00000000 1.00000000
vc 0.00000000 0.00000000 1.00000000 1.00000000
vc 0.00000000 0.00000000 1.00000000 1.00000000
vc 0.00000000 0.00000000 1.00000000 1.00000000
vc 0.00000000 0.00000000 1.00000000 1.00000000
vc 0.00000000 0.00000000 1.00000000 1.00000000
vc 0.00000000 0.00000000 1.00000000 1.00000000
vc 0.00000000 0.00000000 1.00000000 1.00000000
vc 0.00000000 0.00000000 1.00000000 1.00000000
vc 0.00000000 0.00000000 1.00000000 1.00000000
vc 0.00000000 0.00000000 1.00000000 1.00000000
vc 0.00000000 0.00000000 1.00000000 1.00000000
vc 0.00000000 0.00000000 1.00000000 1.00000000
vc 0.00000000 0.00000000 1.00000000 1.00000000
vc 0.00000000 0.00000000 1.00000000 1.00000000
vc 0.00000000 0.00000000 1.00000000 1.00000000
vc 0.00000000 0.00000000 1.00000000 1.00000000
vc 0.00000000 0.00000000 1.00000000 1.00000000
vc 0.00000000 0.00000000 1.00000000 1.00000000
vc 0.00000000 0.00000000 1.00000000 1.00000000
vc 0.00000000 0.00000000 1.00000000 1.00000000
vc 0.00000000 0.00000000 1.00000000 1.00000000
vc 0.00000000 0.00000000 1.00000000 1.00000000
vc 0.00000000 0.00000000 1.00000000 1.00000000
vc 0.00000000 0.00000000 1.00000000 1.00000000
vc 0.00000000 0.00000000 1.00000000 1.00000000
vc 0.00000000 0.00000000 1.00000000 1.00000000
vc 0.00000000 0.00000000 1.00000000 1.00000000
vc 0.00000000 0.00000000 1.00000000 1.00000000
vc 0.00000000 0.00000000 1.00000000 1.00000000
vc 0.00000000 0.00000000 1.00000000 1.00000000
vc 0.00000000 0.00000000 1.00000000 1.00000000
vc 0.00000000 0.00000000 1.00000000 1.00000000
vc 0.00000000 0.00000000 1.00000000 1.00000000
vc 0.00000000 0.00000000 1.00000000 1.00000000
vc 0.00000000 0.00000000 1.00000000 1.00000000
vc 0.00000000 0.00000000 1.00000000 1.00000000
vc 0.00000000 0.00000000 1.00000000 1.00000000
vc 0.00000000 0.00000000 1.00000000 1.00000000
vc 0.00000000 0.00000000 1.00000000 1.00000000
vc 0.00000000 0.00000000 1.00000000 1.00000000
vc 0.00000000 0.00000000 1.00000000 1.00000000
vc 0.00000000 0.00000000 1.00000000 1.00000000
vc 0.00000000 0.00000000 1.00000000 1.00000000
vc 0.00000000 0.00000000 1.00000000 1.00000000
vc 0.00000000 0.00000000 1.00000000 1.00000000
vc 0.00000000 0.00000000 1.00000000 1.00000000
vc 0.00000000 0.00000000 1.00000000 1.00000000
vc 0.00000000 0.00000000 1.00000000 1.00000000
vc 0.00000000 0.00000000 1.00000000 1.00000000
vc 0.00000000 0.00000000 1.00000000 1.00000000
vc 0.00000000 0.00000000 1.00000000 1.00000000
vc 0.00000000 0.00000000 1.00000000 1.00000000
vc 0.00000000 0.00000000 1.00000000 1.00000000
vc 0.00000000 0.00000000 1.00000000 1.00000000
vc 0.00000000 0.00000000 1.00000000 1.00000000
vc 0.00000000 0.00000000 1.00000000 1.00000000
vc 0.00000000 0.00000000 1.00000000 1.00000000
vc 0.00000000 0.00000000 1.00000000 1.00000000
vc 0.00000000 0.00000000 1.00000000 1.00000000
vc 0.00000000 0.00000000 1.00000000 1.00000000
vc 0.00000000 0.00000000 1.00000000 1.00000000
vc 0.00000000 0.00000000 1.00000000 1.00000000
vc 0.00000000 0.00000000 1.00000000 1.00000000
vc 0.00000000 0.00000000 1.00000000 1.00000000
vc 0.00000000 0.00000000 1.00000000 1.00000000
vc 0.00000000 0.00000000 1.00000000 1.00000000
vc 0.00000000 0.00000000 1.00000000 1.00000000
vc 0.00000000 0.00000000 1.00000000 1.00000000
vc 0.00000000 0.00000000 1.00000000 1.00000000
vc 0.00000000 0.00000000 1.00000000 1.00000000
vc 0.00000000 0.00000000 1.00000000 1.00000000
vc 0.00000000 0.00000000 1.00000000 1.00000000
vc 0.00000000 0.00000000 1.00000000 1.00000000
vc 0.00000000 0.00000000 1.00000000 1.00000000
vc 0.00000000 0.00000000 1.00000000 1.00000000
vc 0.00000000 0.00000000 1.00000000 1.00000000
vc 0.00000000 0.00000000 1.00000000 1.00000000
vc 0.00000000 0.00000000 1.00000000 1.00000000
vc 0.00000000 0.00000000 1.00000000 1.00000000
vc 0.00000000 0.00000000 1.00000000 1.00000000
vc 0.00000000 0.00000000 1.00000000 1.00000000
vc 0.00000000 0.00000000 1.00000000 1.00000000
vc 0.00000000 0.00000000 1.00000000 1.00000000
vc 0.00000000 0.00000000 1.00000000 1.00000000
vc 0.00000000 0.00000000 1.00000000 1.00000000
vc 0.00000000 0.00000000 1.00000000 1.00000000
vc 0.00000000 0.00000000 1.00000000 1.00000000
vc 0.00000000 0.00000000 1.00000000 1.00000000
vc 0.00000000 0.00000000 1.00000000 1.00000000
vc 0.00000000 0.00000000 1.00000000 1.00000000
vc 0.00000000 0.00000000 1.00000000 1.00000000
vc 0.00000000 0.00000000 1.00000000 1.00000000
vc 0.00000000 0.00000000 1.00000000 1.00000000
vc 0.00000000 0.00000000 1.00000000 1.00000000
vc 0.00000000 0.00000000 1.00000000 1.00000000
vc 0.00000000 0.00000000 1.00000000 1.00000000
vc 0.00000000 0.00000000 1.00000000 1.00000000
vc 0.00000000 0.00000000 1.00000000 1.00000000
vc 0.00000000 0.00000000 1.00000000 1.00000000
vc 0.00000000 0.00000000 1.00000000 1.00000000
vc 0.00000000 0.00000000 1.00000000 1.00000000
vc 0.00000000 0.00000000 1.00000000 1.00000000
vc 0.00000000 0.00000000 1.00000000 1.00000000
vc 0.00000000 0.00000000 1.00000000 1.00000000
vc 0.00000000 0.00000000 1.00000000 1.00000000
vc 0.00000000 0.00000000 1.00000000 1.00000000
vc 0.00000000 0.00000000 1.00000000 1.00000000
vc 0.00000000 0.00000000 1.00000000 1.00000000
vc 0.00000000 0.00000000 1.00000000 1.00000000
vc 0.00000000 0.00000000 1.00000000 1.00000000
vc 0.00000000 0.00000000 1.00000000 1.00000000
vc 0.00000000 0.00000000 1.00000000 1.00000000
vc 0.00000000 0.00000000 1.00000000 1.00000000
vc 0.00000000 0.00000000 1.00000000 1.00000000
vc 0.00000000 0.00000000 1.00000000 1.00000000
vc 0.00000000 0.00000000 1.00000000 1.00000000
vc 0.00000000 0.00000000 1.00000000 1.00000000
vc 0.00000000 0.00000000 1.00000000 1.00000000
vc 0.00000000 0.00000000 1.00000000 1.00000000
vc 0.00000000 0.00000000 1.00000000 1.00000000
vc 0.00000000 0.00000000 1.00000000 1.00000000
vc 0.00000000 0.00000000 1.00000000 1.00000000
vc 0.00000000 0.00000000 1.00000000 1.00000000
vc 1.00000000 0.06274510 1.00000000 1.00000000
vc 1.00000000 0.06274510 1.00000000 1.00000000
vc 1.00000000 0.06274510 1.00000000 1.00000000
vc 1.00000000 0.06274510 1.00000000 1.00000000
vc 1.00000000 0.06274510 1.00000000 1.00000000
vc 1.00000000 0.06274510 1.00000000 1.00000000
vc 1.00000000 0.06274510 1.00000000 1.00000000
vc 1.00000000 0.06274510 1.00000000 1.00000000
vc 1.00000000 0.06274510 1.00000000 1.00000000
vc 1.00000000 0.06274510 1.00000000 1.00000000
vc 1.00000000 0.06274510 1.00000000 1.00000000
vc 1.00000000 0.06274510 1.00000000 1.00000000
vc 1.00000000 0.06274510 1.00000000 1.00000000
vc 1.00000000 0.06274510 1.00000000 1.00000000
vc 1.00000000 0.06274510 1.00000000 1.00000000
vc 1.00000000 0.06274510 1.00000000 1.00000000
vc 1.00000000 0.06274510 1.00000000 1.00000000
vc 1.00000000 0.06274510 1.00000000 1.00000000
vc 1.00000000 0.00000000 1.00000000 1.00000000
vc 1.00000000 0.00000000 1.00000000 1.00000000
vc 1.00000000 0.00000000 1.00000000 1.00000000
vc 1.00000000 0.00000000 1.00000000 1.00000000
vc 1.00000000 0.00000000 1.00000000 1.00000000
vc 1.00000000 0.00000000 1.00000000 1.00000000
vc 1.00000000 0.00000000 1.00000000 1.00000000
vc 1.00000000 0.00000000 1.00000000 1.00000000
vc 1.00000000 0.00000000 1.00000000 1.00000000
vc 1.00000000 0.00000000 1.00000000 1.00000000
vc 1.00000000 0.00000000 1.00000000 1.00000000
vc 1.00000000 0.00000000 1.00000000 1.00000000
vc 1.00000000 0.00000000 1.00000000 1.00000000
vc 1.00000000 0.00000000 1.00000000 1.00000000
vc 1.00000000 0.00000000 1.00000000 1.00000000
vc 1.00000000 0.00000000 1.00000000 1.00000000
vc 1.00000000 0.00000000 1.00000000 1.00000000
vc 1.00000000 0.00000000 1.00000000 1.00000000
vc 1.00000000 0.03137255 1.00000000 1.00000000
vc 1.00000000 0.03137255 1.00000000 1.00000000
vc 1.00000000 0.03137255 1.00000000 1.00000000
vc 1.00000000 0.03137255 1.00000000 1.00000000
vc 1.00000000 0.03137255 1.00000000 1.00000000
vc 1.00000000 0.03137255 1.00000000 1.00000000
vc 1.00000000 0.03137255 1.00000000 1.00000000
vc 1.00000000 0.03137255 1.00000000 1.00000000
vc 1.00000000 0.03137255 1.00000000 1.00000000
vc 1.00000000 0.03137255 1.00000000 1.00000000
vc 1.00000000 0.03137255 1.00000000 1.00000000
vc 1.00000000 0.03137255 1.00000000 1.00000000
vc 1.00000000 0.03137255 1.00000000 1.00000000
vc 1.00000000 0.03137255 1.00000000 1.00000000
vc 1.00000000 0.03137255 1.00000000 1.00000000
vc 1.00000000 0.03137255 1.00000000 1.00000000
vc 1.00000000 0.03137255 1.00000000 1.00000000
vc 1.00000000 0.03137255 1.00000000 1.00000000
vc 1.00000000 0.09411765 1.00000000 1.00000000
vc 1.00000000 0.09411765 1.00000000 1.00000000
vc 1.00000000 0.09411765 1.00000000 1.00000000
vc 1.00000000 0.09411765 1.00000000 1.00000000
vc 1.00000000 0.09411765 1.00000000 1.00000000
vc 1.00000000 0.09411765 1.00000000 1.00000000
vc 1.00000000 0.09411765 1.00000000 1.00000000
vc 1.00000000 0.09411765 1.00000000 1.00000000
vc 1.00000000 0.09411765 1.00000000 1.00000000
vc 1.00000000 0.09411765 1.00000000 1.00000000
vc 1.00000000 0.09411765 1.00000000 1.00000000
vc 1.00000000 0.09411765 1.00000000 1.00000000
vc 1.00000000 0.09411765 1.00000000 1.00000000
vc 1.00000000 0.09411765 1.00000000 1.00000000
vc 1.00000000 0.09411765 1.00000000 1.00000000
vc 1.00000000 0.09411765 1.00000000 1.00000000
vc 1.00000000 0.09411765 1.00000000 1.00000000
vc 1.00000000 0.09411765 1.00000000 1.00000000
vc 0.00000000 0.00000000 1.00000000 1.00000000
vc 0.00000000 0.00000000 1.00000000 1.00000000
vc 0.00000000 0.00000000 1.00000000 1.00000000
vc 0.00000000 0.00000000 1.00000000 1.00000000
vc 0.00000000 0.00000000 1.00000000 1.00000000
vc 0.00000000 0.00000000 1.00000000 1.00000000
vc 0.00000000 0.00000000 1.00000000 1.00000000
vc 0.00000000 0.00000000 1.00000000 1.00000000
vc 0.00000000 0.00000000 1.00000000 1.00000000
vc 0.00000000 0.00000000 1.00000000 1.00000000
vc 0.00000000 0.00000000 1.00000000 1.00000000
vc 0.00000000 0.00000000 1.00000000 1.00000000
vc 0.00000000 0.00000000 1.00000000 1.00000000
vc 0.00000000 0.00000000 1.00000000 1.00000000
vc 0.00000000 0.00000000 1.00000000 1.00000000
vc 0.00000000 0.00000000 1.00000000 1.00000000
vc 0.00000000 0.00000000 1.00000000 1.00000000
vc 0.00000000 0.00000000 1.00000000 1.00000000
vc 0.00000000 0.00000000 1.00000000 1.00000000
vc 0.00000000 0.00000000 1.00000000 1.00000000
vc 0.00000000 0.00000000 1.00000000 1.00000000
vc 0.00000000 0.00000000 1.00000000 1.00000000
vc 0.00000000 0.00000000 1.00000000 1.00000000
vc 0.00000000 0.00000000 1.00000000 1.00000000
vc 0.00000000 0.00000000 1.00000000 1.00000000
vc 0.00000000 0.00000000 1.00000000 1.00000000
vc 0.00000000 0.00000000 1.00000000 1.00000000
vc 0.00000000 0.00000000 1.00000000 1.00000000
vc 0.00000000 0.00000000 1.00000000 1.00000000
vc 0.00000000 0.00000000 1.00000000 1.00000000
vc 0.00000000 0.00000000 1.00000000 1.00000000
vc 0.00000000 0.00000000 1.00000000 1.00000000
vc 0.00000000 0.00000000 1.00000000 1.00000000
vc 0.00000000 0.00000000 1.00000000 1.00000000
vc 0.00000000 0.00000000 1.00000000 1.00000000
vc 0.00000000 0.00000000 1.00000000 1.00000000
vc 0.00000000 0.00000000 1.00000000 1.00000000
vc 0.00000000 0.00000000 1.00000000 1.00000000
vc 0.00000000 0.00000000 1.00000000 1.00000000
vc 0.00000000 0.00000000 1.00000000 1.00000000
vc 0.00000000 0.00000000 1.00000000 1.00000000
vc 0.00000000 0.00000000 1.00000000 1.00000000
vc 0.00000000 0.00000000 1.00000000 1.00000000
vc 0.00000000 0.00000000 1.00000000 1.00000000
vc 0.00000000 0.00000000 1.00000000 1.00000000
vc 0.00000000 0.00000000 1.00000000 1.00000000
vc 0.00000000 0.00000000 1.00000000 1.00000000
vc 0.00000000 0.00000000 1.00000000 1.00000000
vc 0.00000000 0.00000000 1.00000000 1.00000000
vc 0.00000000 0.00000000 1.00000000 1.00000000
vc 0.00000000 0.00000000 1.00000000 1.00000000
vc 0.00000000 0.00000000 1.00000000 1.00000000
vc 0.00000000 0.00000000 1.00000000 1.00000000
vc 0.00000000 0.00000000 1.00000000 1.00000000
vc 0.00000000 0.00000000 1.00000000 1.00000000
vc 0.00000000 0.00000000 1.00000000 1.00000000
vc 0.00000000 0.00000000 1.00000000 1.00000000
vc 0.00000000 0.00000000 1.00000000 1.00000000
vc 0.00000000 0.00000000 1.00000000 1.00000000
vc 0.00000000 0.00000000 1.00000000 1.00000000
vc 0.00000000 0.00000000 1.00000000 1.00000000
vc 0.00000000 0.00000000 1.00000000 1.00000000
vc 0.00000000 0.00000000 1.00000000 1.00000000
vc 0.00000000 0.00000000 1.00000000 1.00000000
vc 0.00000000 0.00000000 1.00000000 1.00000000
vc 0.00000000 0.00000000 1.00000000 1.00000000
vc 0.00000000 0.00000000 1.00000000 1.00000000
vc 0.00000000 0.00000000 1.00000000 1.00000000
vc 0.00000000 0.00000000 1.00000000 1.00000000
vc 0.00000000 0.00000000 1.00000000 1.00000000
vc 0.00000000 0.00000000 1.00000000 1.00000000
vc 0.00000000 0.00000000 1.00000000 1.00000000
vc 0.00000000 0.00000000 1.00000000 1.00000000
vc 0.00000000 0.00000000 1.00000000 1.00000000
vc 0.00000000 0.00000000 1.00000000 1.00000000
vc 0.00000000 0.00000000 1.00000000 1.00000000
vc 0.00000000 0.00000000 1.00000000 1.00000000
vc 0.00000000 0.00000000 1.00000000 1.00000000
vc 0.00000000 0.00000000 1.00000000 1.00000000
vc 0.00000000 0.00000000 1.00000000 1.00000000
vc 0.00000000 0.00000000 1.00000000 1.00000000
vc 0.00000000 0.00000000 1.00000000 1.00000000
vc 0.00000000 0.00000000 1.00000000 1.00000000
vc 0.00000000 0.00000000 1.00000000 1.00000000
vc 0.00000000 0.00000000 1.00000000 1.00000000
vc 0.00000000 0.00000000 1.00000000 1.00000000
vc 0.00000000 0.00000000 1.00000000 1.00000000
vc 0.00000000 0.00000000 1.00000000 1.00000000
vc 0.00000000 0.00000000 1.00000000 1.00000000
vc 0.00000000 0.00000000 1.00000000 1.00000000
vc 0.00000000 0.00000000 1.00000000 1.00000000
vc 0.00000000 0.00000000 1.00000000 1.00000000
vc 0.00000000 0.00000000 1.00000000 1.00000000
vc 0.00000000 0.00000000 1.00000000 1.00000000
vc 0.00000000 0.00000000 1.00000000 1.00000000
vc 0.00000000 0.00000000 1.00000000 1.00000000
vc 0.00000000 0.00000000 1.00000000 1.00000000
vc 0.00000000 0.00000000 1.00000000 1.00000000
vc 0.00000000 0.00000000 1.00000000 1.00000000
vc 0.00000000 0.00000000 1.00000000 1.00000000
vc 0.00000000 0.00000000 1.00000000 1.00000000
vc 0.00000000 0.00000000 1.00000000 1.00000000
vc 0.00000000 0.00000000 1.00000000 1.00000000
vc 0.00000000 0.00000000 1.00000000 1.00000000
vc 0.00000000 0.00000000 1.00000000 1.00000000
vc 0.00000000 0.00000000 1.00000000 1.00000000
vc 0.00000000 0.00000000 1.00000000 1.00000000
vc 0.00000000 0.00000000 1.00000000 1.00000000
vc 0.00000000 0.00000000 1.00000000 1.00000000
vc 0.00000000 0.00000000 1.00000000 1.00000000
vc 0.00000000 0.00000000 1.00000000 1.00000000
vc 0.00000000 0.00000000 1.00000000 1.00000000
vc 0.00000000 0.00000000 1.00000000 1.00000000
vc 0.00000000 0.00000000 1.00000000 1.00000000
vc 0.00000000 0.00000000 1.00000000 1.00000000
vc 0.00000000 0.00000000 1.00000000 1.00000000
vc 0.00000000 0.00000000 1.00000000 1.00000000
vc 0.00000000 0.00000000 1.00000000 1.00000000
vc 0.00000000 0.00000000 1.00000000 1.00000000
vc 0.00000000 0.00000000 1.00000000 1.00000000
vc 0.00000000 0.00000000 1.00000000 1.00000000
vc 0.00000000 0.00000000 1.00000000 1.00000000
vc 0.00000000 0.00000000 1.00000000 1.00000000
vc 0.00000000 0.00000000 1.00000000 1.00000000
vc 0.00000000 0.00000000 1.00000000 1.00000000
vc 0.00000000 0.00000000 1.00000000 1.00000000
vc 0.00000000 0.00000000 1.00000000 1.00000000
vc 0.00000000 0.00000000 1.00000000 1.00000000
vc 0.00000000 0.00000000 1.00000000 1.00000000
vc 0.00000000 0.00000000 1.00000000 1.00000000
vc 0.00000000 0.00000000 1.00000000 1.00000000
vc 0.00000000 0.00000000 1.00000000 1.00000000
vc 0.00000000 0.00000000 1.00000000 1.00000000
vc 0.00000000 0.00000000 1.00000000 1.00000000
vc 0.00000000 0.00000000 1.00000000 1.00000000
vc 0.00000000 0.00000000 1.00000000 1.00000000
vc 0.00000000 0.00000000 1.00000000 1.00000000
vc 0.00000000 0.00000000 1.00000000 1.00000000
vc 0.00000000 0.00000000 1.00000000 1.00000000
vc 0.00000000 0.00000000 1.00000000 1.00000000
vc 0.00000000 0.00000000 1.00000000 1.00000000
vc 0.00000000 0.00000000 1.00000000 1.00000000
vc 0.00000000 0.00000000 1.00000000 1.00000000
vc 0.00000000 0.00000000 1.00000000 1.00000000
vc 0.00000000 0.00000000 1.00000000 1.00000000
vc 0.00000000 0.00000000 1.00000000 1.00000000
vc 0.00000000 0.00000000 1.00000000 1.00000000
vc 0.00000000 0.00000000 1.00000000 1.00000000
vc 0.00000000 0.00000000 1.00000000 1.00000000
vc 0.00000000 0.00000000 1.00000000 1.00000000
vc 0.00000000 0.00000000 1.00000000 1.00000000
vc 0.00000000 0.00000000 1.00000000 1.00000000
vc 0.00000000 0.00000000 1.00000000 1.00000000
vc 0.00000000 0.00000000 1.00000000 1.00000000
vc 0.00000000 0.00000000 1.00000000 1.00000000
vc 0.00000000 0.00000000 1.00000000 1.00000000
vc 0.00000000 0.00000000 1.00000000 1.00000000
vc 0.00000000 0.00000000 1.00000000 1.00000000
vc 0.00000000 0.00000000 1.00000000 1.00000000
vc 0.00000000 0.00000000 1.00000000 1.00000000
vc 0.00000000 0.00000000 1.00000000 1.00000000
vc 0.00000000 0.00000000 1.00000000 1.00000000
vc 0.00000000 0.00000000 1.00000000 1.00000000
vc 0.00000000 0.00000000 1.00000000 1.00000000
vc 0.00000000 0.00000000 1.00000000 1.00000000
vc 0.00000000 0.00000000 1.00000000 1.00000000
vc 0.00000000 0.00000000 1.00000000 1.00000000
vc 0.00000000 0.00000000 1.00000000 1.00000000
vc 0.00000000 0.00000000 1.00000000 1.00000000
vc 0.00000000 0.00000000 1.00000000 1.00000000
vc 0.00000000 0.00000000 1.00000000 1.00000000
vc 0.00000000 0.00000000 1.00000000 1.00000000
vc 0.00000000 0.00000000 1.00000000 1.00000000
vc 0.00000000 0.00000000 1.00000000 1.00000000
vc 0.00000000 0.00000000 1.00000000 1.00000000
vc 0.00000000 0.00000000 1.00000000 1.00000000
vc 0.00000000 0.00000000 1.00000000 1.00000000
vc 0.00000000 0.00000000 1.00000000 1.00000000
vc 0.00000000 0.00000000 1.00000000 1.00000000
vc 0.00000000 0.00000000 1.00000000 1.00000000
vc 0.00000000 0.00000000 1.00000000 1.00000000
vc 0.00000000 0.00000000 1.00000000 1.00000000
vc 0.00000000 0.00000000 1.00000000 1.00000000
vc 0.00000000 0.00000000 1.00000000 1.00000000
vc 0.00000000 0.00000000 1.00000000 1.00000000
vc 0.00000000 0.00000000 1.00000000 1.00000000
vc 0.00000000 0.00000000 1.00000000 1.00000000
vc 0.00000000 0.00000000 1.00000000 1.00000000
vc 0.00000000 0.00000000 1.00000000 1.00000000
vc 0.00000000 0.00000000 1.00000000 1.00000000
vc 0.00000000 0.00000000 1.00000000 1.00000000
vc 0.00000000 0.00000000 1.00000000 1.00000000
vc 0.00000000 0.00000000 1.00000000 1.00000000
vc 0.00000000 0.00000000 1.00000000 1.00000000
vc 0.00000000 0.00000000 1.00000000 1.00000000
vc 0.00000000 0.00000000 1.00000000 1.00000000
vc 0.00000000 0.00000000 1.00000000 1.00000000
vc 0.00000000 0.00000000 1.00000000 1.00000000
vc 0.00000000 0.00000000 1.00000000 1.00000000
vc 0.00000000 0.00000000 1.00000000 1.00000000
vc 0.00000000 0.00000000 1.00000000 1.00000000
vc 0.00000000 0.00000000 1.00000000 1.00000000
vc 0.00000000 0.00000000 1.00000000 1.00000000
vc 0.00000000 0.00000000 1.00000000 1.00000000
vc 0.00000000 0.00000000 1.00000000 1.00000000
vc 0.00000000 0.00000000 1.00000000 1.00000000
vc 0.00000000 0.00000000 1.00000000 1.00000000
vc 0.00000000 0.00000000 1.00000000 1.00000000
vc 0.00000000 0.00000000 1.00000000 1.00000000
vc 0.00000000 0.00000000 1.00000000 1.00000000
vc 0.00000000 0.00000000 1.00000000 1.00000000
vc 0.00000000 0.00000000 1.00000000 1.00000000
vc 0.00000000 0.00000000 1.00000000 1.00000000
vc 0.00000000 0.00000000 1.00000000 1.00000000
vc 0.00000000 0.00000000 1.00000000 1.00000000
vc 0.00000000 0.00000000 1.00000000 1.00000000
vc 0.00000000 0.00000000 1.00000000 1.00000000
vc 0.00000000 0.00000000 1.00000000 1.00000000
vc 0.00000000 0.00000000 1.00000000 1.00000000
vc 0.00000000 0.00000000 1.00000000 1.00000000
vc 0.00000000 0.00000000 1.00000000 1.00000000
vc 0.00000000 0.00000000 1.00000000 1.00000000
vc 0.00000000 0.00000000 1.00000000 1.00000000
vc 0.00000000 0.00000000 1.00000000 1.00000000
vc 0.00000000 0.00000000 1.00000000 1.00000000
vc 0.00000000 0.00000000 1.00000000 1.00000000
vc 0.00000000 0.00000000 1.00000000 1.00000000
vc 0.00000000 0.00000000 1.00000000 1.00000000
vc 0.00000000 0.00000000 1.00000000 1.00000000
vc 0.00000000 0.00000000 1.00000000 1.00000000
vc 0.00000000 0.00000000 1.00000000 1.00000000
vc 0.00000000 0.00000000 1.00000000 1.00000000
vc 0.00000000 0.00000000 1.00000000 1.00000000
vc 0.00000000 0.00000000 1.00000000 1.00000000
vc 0.00000000 0.00000000 1.00000000 1.00000000
vc 0.00000000 0.00000000 1.00000000 1.00000000
vc 0.00000000 0.00000000 1.00000000 1.00000000
vc 0.00000000 0.00000000 1.00000000 1.00000000
vc 0.00000000 0.00000000 1.00000000 1.00000000
vc 0.00000000 0.00000000 1.00000000 1.00000000
vc 0.00000000 0.00000000 1.00000000 1.00000000
vc 0.00000000 0.00000000 1.00000000 1.00000000
vc 0.00000000 0.00000000 1.00000000 1.00000000
vc 0.00000000 0.00000000 1.00000000 1.00000000
vc 0.00000000 0.00000000 1.00000000 1.00000000
vc 0.00000000 0.00000000 1.00000000 1.00000000
vc 0.00000000 0.00000000 1.00000000 1.00000000
vc 0.00000000 0.00000000 1.00000000 1.00000000
vc 0.00000000 0.00000000 1.00000000 1.00000000
vc 0.00000000 0.00000000 1.00000000 1.00000000
vc 0.00000000 0.00000000 1.00000000 1.00000000
vc 0.00000000 0.00000000 1.00000000 1.00000000
vc 0.00000000 0.00000000 1.00000000 1.00000000
vc 0.00000000 0.00000000 1.00000000 1.00000000
vc 0.00000000 0.00000000 1.00000000 1.00000000
vc 0.00000000 0.00000000 1.00000000 1.00000000
vc 0.00000000 0.00000000 1.00000000 1.00000000
vc 0.00000000 0.00000000 1.00000000 1.00000000
vc 0.00000000 0.00000000 1.00000000 1.00000000
vc 0.00000000 0.00000000 1.00000000 1.00000000
vc 0.00000000 0.00000000 1.00000000 1.00000000
vc 0.00000000 0.00000000 1.00000000 1.00000000
vc 0.00000000 0.00000000 1.00000000 1.00000000
vc 0.00000000 0.00000000 1.00000000 1.00000000
vc 0.00000000 0.00000000 1.00000000 1.00000000
vc 0.00000000 0.00000000 1.00000000 1.00000000
vc 0.00000000 0.00000000 1.00000000 1.00000000
vc 0.00000000 0.00000000 1.00000000 1.00000000
vc 0.00000000 0.00000000 1.00000000 1.00000000
vc 0.00000000 0.00000000 1.00000000 1.00000000
vc 0.00000000 0.00000000 1.00000000 1.00000000
vc 0.00000000 0.00000000 1.00000000 1.00000000
vc 0.00000000 0.00000000 1.00000000 1.00000000
vc 0.00000000 0.00000000 1.00000000 1.00000000
vc 0.00000000 0.00000000 1.00000000 1.00000000
vc 0.00000000 0.00000000 1.00000000 1.00000000
vc 0.00000000 0.00000000 1.00000000 1.00000000
vc 0.00000000 0.00000000 1.00000000 1.00000000
vc 0.00000000 0.00000000 1.00000000 1.00000000
vc 0.00000000 0.00000000 1.00000000 1.00000000
vc 0.00000000 0.00000000 1.00000000 1.00000000
vc 0.00000000 0.00000000 1.00000000 1.00000000
vc 0.00000000 0.00000000 1.00000000 1.00000000
vc 0.00000000 0.00000000 1.00000000 1.00000000
vc 0.00000000 0.00000000 1.00000000 1.00000000
vc 0.00000000 0.00000000 1.00000000 1.00000000
vc 0.00000000 0.00000000 1.00000000 1.00000000
vc 0.00000000 0.00000000 1.00000000 1.00000000
vc 0.00000000 0.00000000 1.00000000 1.00000000
vc 0.00000000 0.00000000 1.00000000 1.00000000
vc 0.00000000 0.00000000 1.00000000 1.00000000
vc 0.00000000 0.00000000 1.00000000 1.00000000
vc 0.00000000 0.00000000 1.00000000 1.00000000
vc 0.00000000 0.00000000 1.00000000 1.00000000
vc 0.00000000 0.00000000 1.00000000 1.00000000
vc 0.00000000 0.00000000 1.00000000 1.00000000
vc 0.00000000 0.00000000 1.00000000 1.00000000
vc 0.00000000 0.00000000 1.00000000 1.00000000
vc 0.00000000 0.00000000 1.00000000 1.00000000
vc 0.00000000 0.00000000 1.00000000 1.00000000
vc 0.00000000 0.00000000 1.00000000 1.00000000
vc 0.00000000 0.00000000 1.00000000 1.00000000
vc 0.00000000 0.00000000 1.00000000 1.00000000
vc 0.00000000 0.00000000 1.00000000 1.00000000
vc 0.00000000 0.00000000 1.00000000 1.00000000
vc 0.00000000 0.00000000 1.00000000 1.00000000
vc 0.00000000 0.00000000 1.00000000 1.00000000
vc 0.00000000 0.00000000 1.00000000 1.00000000
vc 0.00000000 0.00000000 1.00000000 1.00000000
vc 0.00000000 0.00000000 1.00000000 1.00000000
vc 0.00000000 0.00000000 1.00000000 1.00000000
vc 0.00000000 0.00000000 1.00000000 1.00000000
vc 0.00000000 0.00000000 1.00000000 1.00000000
vc 0.00000000 0.00000000 1.00000000 1.00000000
vc 0.00000000 0.00000000 1.00000000 1.00000000
vc 0.00000000 0.00000000 1.00000000 1.00000000
vc 0.00000000 0.00000000 1.00000000 1.00000000
vc 0.00000000 0.00000000 1.00000000 1.00000000
vc 0.00000000 0.00000000 1.00000000 1.00000000
vc 0.00000000 0.00000000 1.00000000 1.00000000
vc 0.00000000 0.00000000 1.00000000 1.00000000
vc 0.00000000 0.00000000 1.00000000 1.00000000
vc 0.00000000 0.00000000 1.00000000 1.00000000
vc 0.00000000 0.00000000 1.00000000 1.00000000
vc 0.00000000 0.00000000 1.00000000 1.00000000
vc 0.00000000 0.00000000 1.00000000 1.00000000
vc 0.00000000 0.00000000 1.00000000 1.00000000
vc 0.00000000 0.00000000 1.00000000 1.00000000
vc 0.00000000 0.00000000 1.00000000 1.00000000
vc 0.00000000 0.00000000 1.00000000 1.00000000
vc 0.00000000 0.00000000 1.00000000 1.00000000
vc 0.00000000 0.00000000 1.00000000 1.00000000
vc 0.00000000 0.00000000 1.00000000 1.00000000
vc 0.00000000 0.00000000 1.00000000 1.00000000
vc 0.00000000 0.00000000 1.00000000 1.00000000
vc 0.00000000 0.00000000 1.00000000 1.00000000
vc 1.00000000 0.12549020 1.00000000 1.00000000
vc 1.00000000 0.12549020 1.00000000 1.00000000
vc 1.00000000 0.12549020 1.00000000 1.00000000
vc 1.00000000 0.12549020 1.00000000 1.00000000
vc 1.00000000 0.12549020 1.00000000 1.00000000
vc 1.00000000 0.12549020 1.00000000 1.00000000
vc 1.00000000 0.12549020 1.00000000 1.00000000
vc 1.00000000 0.12549020 1.00000000 1.00000000
vc 1.00000000 0.12549020 1.00000000 1.00000000
vc 1.00000000 0.12549020 1.00000000 1.00000000
vc 1.00000000 0.12549020 1.00000000 1.00000000
vc 1.00000000 0.12549020 1.00000000 1.00000000
vc 1.00000000 0.12549020 1.00000000 1.00000000
vc 1.00000000 0.12549020 1.00000000 1.00000000
vc 1.00000000 0.12549020 1.00000000 1.00000000
vc 1.00000000 0.12549020 1.00000000 1.00000000
vc 1.00000000 0.12549020 1.00000000 1.00000000
vc 1.00000000 0.12549020 1.00000000 1.00000000
vc 1.00000000 0.15686280 1.00000000 1.00000000
vc 1.00000000 0.15686280 1.00000000 1.00000000
vc 1.00000000 0.15686280 1.00000000 1.00000000
vc 1.00000000 0.15686280 1.00000000 1.00000000
vc 1.00000000 0.15686280 1.00000000 1.00000000
vc 1.00000000 0.15686280 1.00000000 1.00000000
vc 1.00000000 0.15686280 1.00000000 1.00000000
vc 1.00000000 0.15686280 1.00000000 1.00000000
vc 1.00000000 0.15686280 1.00000000 1.00000000
vc 1.00000000 0.15686280 1.00000000 1.00000000
vc 1.00000000 0.15686280 1.00000000 1.00000000
vc 1.00000000 0.15686280 1.00000000 1.00000000
vc 1.00000000 0.15686280 1.00000000 1.00000000
vc 1.00000000 0.15686280 1.00000000 1.00000000
vc 1.00000000 0.15686280 1.00000000 1.00000000
vc 1.00000000 0.15686280 1.00000000 1.00000000
vc 1.00000000 0.15686280 1.00000000 1.00000000
vc 1.00000000 0.15686280 1.00000000 1.00000000
vc 1.00000000 0.15686280 1.00000000 1.00000000
vc 1.00000000 0.15686280 1.00000000 1.00000000
vc 1.00000000 0.15686280 1.00000000 1.00000000
vc 1.00000000 0.21960780 1.00000000 1.00000000
vc 1.00000000 0.21960780 1.00000000 1.00000000
vc 1.00000000 0.21960780 1.00000000 1.00000000
vc 1.00000000 0.21960780 1.00000000 1.00000000
vc 1.00000000 0.21960780 1.00000000 1.00000000
vc 1.00000000 0.21960780 1.00000000 1.00000000
vc 1.00000000 0.21960780 1.00000000 1.00000000
vc 1.00000000 0.21960780 1.00000000 1.00000000
vc 1.00000000 0.21960780 1.00000000 1.00000000
vc 1.00000000 0.21960780 1.00000000 1.00000000
vc 1.00000000 0.21960780 1.00000000 1.00000000
vc 1.00000000 0.21960780 1.00000000 1.00000000
vc 1.00000000 0.21960780 1.00000000 1.00000000
vc 1.00000000 0.21960780 1.00000000 1.00000000
vc 1.00000000 0.21960780 1.00000000 1.00000000
vc 1.00000000 0.21960780 1.00000000 1.00000000
vc 1.00000000 0.21960780 1.00000000 1.00000000
vc 1.00000000 0.21960780 1.00000000 1.00000000
vc 1.00000000 0.21960780 1.00000000 1.00000000
vc 1.00000000 0.21960780 1.00000000 1.00000000
vc 1.00000000 0.21960780 1.00000000 1.00000000
vc 1.00000000 0.18823530 1.00000000 1.00000000
vc 1.00000000 0.18823530 1.00000000 1.00000000
vc 1.00000000 0.18823530 1.00000000 1.00000000
vc 1.00000000 0.18823530 1.00000000 1.00000000
vc 1.00000000 0.18823530 1.00000000 1.00000000
vc 1.00000000 0.18823530 1.00000000 1.00000000
vc 1.00000000 0.18823530 1.00000000 1.00000000
vc 1.00000000 0.18823530 1.00000000 1.00000000
vc 1.00000000 0.18823530 1.00000000 1.00000000
vc 1.00000000 0.18823530 1.00000000 1.00000000
vc 1.00000000 0.18823530 1.00000000 1.00000000
vc 1.00000000 0.18823530 1.00000000 1.00000000
vc 1.00000000 0.18823530 1.00000000 1.00000000
vc 1.00000000 0.18823530 1.00000000 1.00000000
vc 1.00000000 0.18823530 1.00000000 1.00000000
vc 1.00000000 0.18823530 1.00000000 1.00000000
vc 1.00000000 0.18823530 1.00000000 1.00000000
vc 1.00000000 0.18823530 1.00000000 1.00000000
vc 0.00000000 0.00000000 1.00000000 1.00000000
vc 0.00000000 0.00000000 1.00000000 1.00000000
vc 0.00000000 0.00000000 1.00000000 1.00000000
vc 0.00000000 0.00000000 1.00000000 1.00000000
vc 0.00000000 0.00000000 1.00000000 1.00000000
vc 0.00000000 0.00000000 1.00000000 1.00000000
vc 0.00000000 0.00000000 1.00000000 1.00000000
vc 0.00000000 0.00000000 1.00000000 1.00000000
vc 0.00000000 0.00000000 1.00000000 1.00000000
vc 0.00000000 0.00000000 1.00000000 1.00000000
vc 0.00000000 0.00000000 1.00000000 1.00000000
vc 0.00000000 0.00000000 1.00000000 1.00000000
vc 0.00000000 0.00000000 1.00000000 1.00000000
vc 0.00000000 0.00000000 1.00000000 1.00000000
vc 0.00000000 0.00000000 1.00000000 1.00000000
vc 0.00000000 0.00000000 1.00000000 1.00000000
vc 0.00000000 0.00000000 1.00000000 1.00000000
vc 0.00000000 0.00000000 1.00000000 1.00000000
vc 0.00000000 0.00000000 1.00000000 1.00000000
vc 0.00000000 0.00000000 1.00000000 1.00000000
vc 0.00000000 0.00000000 1.00000000 1.00000000
vc 0.00000000 0.00000000 1.00000000 1.00000000
vc 0.00000000 0.00000000 1.00000000 1.00000000
vc 0.00000000 0.00000000 1.00000000 1.00000000
vc 0.00000000 0.00000000 1.00000000 1.00000000
vc 0.00000000 0.00000000 1.00000000 1.00000000
vc 0.00000000 0.00000000 1.00000000 1.00000000
vc 0.00000000 0.00000000 1.00000000 1.00000000
vc 0.00000000 0.00000000 1.00000000 1.00000000
vc 0.00000000 0.00000000 1.00000000 1.00000000
vc 0.00000000 0.00000000 1.00000000 1.00000000
vc 0.00000000 0.00000000 1.00000000 1.00000000
vc 0.00000000 0.00000000 1.00000000 1.00000000
vc 0.00000000 0.00000000 1.00000000 1.00000000
vc 0.00000000 0.00000000 1.00000000 1.00000000
vc 0.00000000 0.00000000 1.00000000 1.00000000
vc 0.00000000 0.00000000 1.00000000 1.00000000
vc 0.00000000 0.00000000 1.00000000 1.00000000
vc 0.00000000 0.00000000 1.00000000 1.00000000
vc 0.00000000 0.00000000 1.00000000 1.00000000
vc 0.00000000 0.00000000 1.00000000 1.00000000
vc 0.00000000 0.00000000 1.00000000 1.00000000
vc 0.00000000 0.00000000 1.00000000 1.00000000
vc 0.00000000 0.00000000 1.00000000 1.00000000
vc 0.00000000 0.00000000 1.00000000 1.00000000
vc 0.00000000 0.00000000 1.00000000 1.00000000
vc 0.00000000 0.00000000 1.00000000 1.00000000
vc 0.00000000 0.00000000 1.00000000 1.00000000
vc 0.00000000 0.00000000 1.00000000 1.00000000
vc 0.00000000 0.00000000 1.00000000 1.00000000
vc 0.00000000 0.00000000 1.00000000 1.00000000
vc 0.00000000 0.00000000 1.00000000 1.00000000
vc 0.00000000 0.00000000 1.00000000 1.00000000
vc 0.00000000 0.00000000 1.00000000 1.00000000
vc 0.00000000 0.00000000 1.00000000 1.00000000
vc 0.00000000 0.00000000 1.00000000 1.00000000
vc 0.00000000 0.00000000 1.00000000 1.00000000
vc 0.00000000 0.00000000 1.00000000 1.00000000
vc 0.00000000 0.00000000 1.00000000 1.00000000
vc 0.00000000 0.00000000 1.00000000 1.00000000
vc 0.00000000 0.00000000 1.00000000 1.00000000
vc 0.00000000 0.00000000 1.00000000 1.00000000
vc 0.00000000 0.00000000 1.00000000 1.00000000
vc 0.00000000 0.00000000 1.00000000 1.00000000
vc 0.00000000 0.00000000 1.00000000 1.00000000
vc 0.00000000 0.00000000 1.00000000 1.00000000
vc 0.00000000 0.00000000 1.00000000 1.00000000
vc 0.00000000 0.00000000 1.00000000 1.00000000
vc 0.00000000 0.00000000 1.00000000 1.00000000
vc 0.00000000 0.00000000 1.00000000 1.00000000
vc 0.00000000 0.00000000 1.00000000 1.00000000
vc 0.00000000 0.00000000 1.00000000 1.00000000
vc 0.00000000 0.00000000 1.00000000 1.00000000
vc 0.00000000 0.00000000 1.00000000 1.00000000
vc 0.00000000 0.00000000 1.00000000 1.00000000
vc 0.00000000 0.00000000 1.00000000 1.00000000
vc 0.00000000 0.00000000 1.00000000 1.00000000
vc 0.00000000 0.00000000 1.00000000 1.00000000
vc 0.00000000 0.00000000 1.00000000 1.00000000
vc 0.00000000 0.00000000 1.00000000 1.00000000
vc 0.00000000 0.00000000 1.00000000 1.00000000
vc 0.00000000 0.00000000 1.00000000 1.00000000
vc 0.00000000 0.00000000 1.00000000 1.00000000
vc 0.00000000 0.00000000 1.00000000 1.00000000
vc 0.00000000 0.00000000 1.00000000 1.00000000
vc 0.00000000 0.00000000 1.00000000 1.00000000
vc 0.00000000 0.00000000 1.00000000 1.00000000
vc 0.00000000 0.00000000 1.00000000 1.00000000
vc 0.00000000 0.00000000 1.00000000 1.00000000
vc 0.00000000 0.00000000 1.00000000 1.00000000
vc 0.00000000 0.00000000 1.00000000 1.00000000
vc 0.00000000 0.00000000 1.00000000 1.00000000
vc 0.00000000 0.00000000 1.00000000 1.00000000
vc 0.00000000 0.00000000 1.00000000 1.00000000
vc 0.00000000 0.00000000 1.00000000 1.00000000
vc 0.00000000 0.00000000 1.00000000 1.00000000
vc 0.00000000 0.00000000 1.00000000 1.00000000
vc 0.00000000 0.00000000 1.00000000 1.00000000
vc 0.00000000 0.00000000 1.00000000 1.00000000
vc 0.00000000 0.00000000 1.00000000 1.00000000
vc 0.00000000 0.00000000 1.00000000 1.00000000
vc 0.00000000 0.00000000 1.00000000 1.00000000
vc 0.00000000 0.00000000 1.00000000 1.00000000
vc 0.00000000 0.00000000 1.00000000 1.00000000
vc 0.00000000 0.00000000 1.00000000 1.00000000
vc 0.00000000 0.00000000 1.00000000 1.00000000
vc 0.00000000 0.00000000 1.00000000 1.00000000
vc 0.00000000 0.00000000 1.00000000 1.00000000
vc 0.00000000 0.00000000 1.00000000 1.00000000
vc 0.00000000 0.00000000 1.00000000 1.00000000
vc 0.00000000 0.00000000 1.00000000 1.00000000
vc 0.00000000 0.00000000 1.00000000 1.00000000
vc 0.00000000 0.00000000 1.00000000 1.00000000
vc 0.00000000 0.00000000 1.00000000 1.00000000
vc 0.00000000 0.00000000 1.00000000 1.00000000
vc 0.00000000 0.00000000 1.00000000 1.00000000
vc 0.00000000 0.00000000 1.00000000 1.00000000
vc 0.00000000 0.00000000 1.00000000 1.00000000
vc 0.00000000 0.00000000 1.00000000 1.00000000
vc 0.00000000 0.00000000 1.00000000 1.00000000
vc 0.00000000 0.00000000 1.00000000 1.00000000
vc 0.00000000 0.00000000 1.00000000 1.00000000
vc 0.00000000 0.00000000 1.00000000 1.00000000
vc 0.00000000 0.00000000 1.00000000 1.00000000
vc 0.00000000 0.00000000 1.00000000 1.00000000
vc 0.00000000 0.00000000 1.00000000 1.00000000
vc 0.00000000 0.00000000 1.00000000 1.00000000
vc 0.00000000 0.00000000 1.00000000 1.00000000
vc 0.00000000 0.00000000 1.00000000 1.00000000
vc 0.00000000 0.00000000 1.00000000 1.00000000
vc 0.00000000 0.00000000 1.00000000 1.00000000
vc 0.00000000 0.00000000 1.00000000 1.00000000
vc 0.00000000 0.00000000 1.00000000 1.00000000
vc 0.00000000 0.00000000 1.00000000 1.00000000
vc 0.00000000 0.00000000 1.00000000 1.00000000
vc 0.00000000 0.00000000 1.00000000 1.00000000
vc 0.00000000 0.00000000 1.00000000 1.00000000
vc 0.00000000 0.00000000 1.00000000 1.00000000
vc 0.00000000 0.00000000 1.00000000 1.00000000
vc 0.00000000 0.00000000 1.00000000 1.00000000
vc 0.00000000 0.00000000 1.00000000 1.00000000
vc 0.00000000 0.00000000 1.00000000 1.00000000
vc 0.00000000 0.00000000 1.00000000 1.00000000
vc 0.00000000 0.00000000 1.00000000 1.00000000
vc 0.00000000 0.00000000 1.00000000 1.00000000
vc 0.00000000 0.00000000 1.00000000 1.00000000
vc 0.00000000 0.00000000 1.00000000 1.00000000
vc 0.00000000 0.00000000 1.00000000 1.00000000
vc 0.00000000 0.00000000 1.00000000 1.00000000
vc 0.00000000 0.00000000 1.00000000 1.00000000
vc 0.00000000 0.00000000 1.00000000 1.00000000
vc 0.00000000 0.00000000 1.00000000 1.00000000
vc 0.00000000 0.00000000 1.00000000 1.00000000
vc 0.00000000 0.00000000 1.00000000 1.00000000
vc 0.00000000 0.00000000 1.00000000 1.00000000
vc 0.00000000 0.00000000 1.00000000 1.00000000
vc 0.00000000 0.00000000 1.00000000 1.00000000
vc 0.00000000 0.00000000 1.00000000 1.00000000
vc 0.00000000 0.00000000 1.00000000 1.00000000
vc 0.00000000 0.00000000 1.00000000 1.00000000
vc 0.00000000 0.00000000 1.00000000 1.00000000
vc 0.00000000 0.00000000 1.00000000 1.00000000
vc 0.00000000 0.00000000 1.00000000 1.00000000
vc 0.00000000 0.00000000 1.00000000 1.00000000
vc 0.00000000 0.00000000 1.00000000 1.00000000
vc 0.00000000 0.00000000 1.00000000 1.00000000
vc 0.00000000 0.00000000 1.00000000 1.00000000
vc 0.00000000 0.00000000 1.00000000 1.00000000
vc 0.00000000 0.00000000 1.00000000 1.00000000
vc 0.00000000 0.00000000 1.00000000 1.00000000
vc 0.00000000 0.00000000 1.00000000 1.00000000
vc 0.00000000 0.00000000 1.00000000 1.00000000
vc 0.00000000 0.00000000 1.00000000 1.00000000
vc 0.00000000 0.00000000 1.00000000 1.00000000
vc 0.00000000 0.00000000 1.00000000 1.00000000
vc 0.00000000 0.00000000 1.00000000 1.00000000
vc 0.00000000 0.00000000 1.00000000 1.00000000
vc 0.00000000 0.00000000 1.00000000 1.00000000
vc 0.00000000 0.00000000 1.00000000 1.00000000
vc 0.00000000 0.00000000 1.00000000 1.00000000
vc 0.00000000 0.00000000 1.00000000 1.00000000
vc 0.00000000 0.00000000 1.00000000 1.00000000
vc 0.00000000 0.00000000 1.00000000 1.00000000
vc 0.00000000 0.00000000 1.00000000 1.00000000
vc 0.00000000 0.00000000 1.00000000 1.00000000
vc 0.00000000 0.00000000 1.00000000 1.00000000
vc 0.00000000 0.00000000 1.00000000 1.00000000
vc 0.00000000 0.00000000 1.00000000 1.00000000
vc 0.00000000 0.00000000 1.00000000 1.00000000
vc 0.00000000 0.00000000 1.00000000 1.00000000
vc 0.00000000 0.00000000 1.00000000 1.00000000
vc 0.00000000 0.00000000 1.00000000 1.00000000
vc 0.00000000 0.00000000 1.00000000 1.00000000
vc 0.00000000 0.00000000 1.00000000 1.00000000
vc 0.00000000 0.00000000 1.00000000 1.00000000
vc 0.00000000 0.00000000 1.00000000 1.00000000
vc 0.00000000 0.00000000 1.00000000 1.00000000
vc 0.00000000 0.00000000 1.00000000 1.00000000
vc 0.00000000 0.00000000 1.00000000 1.00000000
vc 0.00000000 0.00000000 1.00000000 1.00000000
vc 0.00000000 0.00000000 1.00000000 1.00000000
vc 0.00000000 0.00000000 1.00000000 1.00000000
vc 0.00000000 0.00000000 1.00000000 1.00000000
vc 0.00000000 0.00000000 1.00000000 1.00000000
vc 0.00000000 0.00000000 1.00000000 1.00000000
vc 0.00000000 0.00000000 1.00000000 1.00000000
vc 0.00000000 0.00000000 1.00000000 1.00000000
vc 0.00000000 0.00000000 1.00000000 1.00000000
vc 0.00000000 0.00000000 1.00000000 1.00000000
vc 0.00000000 0.00000000 1.00000000 1.00000000
vc 0.00000000 0.00000000 1.00000000 1.00000000
vc 0.00000000 0.00000000 1.00000000 1.00000000
vc 0.00000000 0.00000000 1.00000000 1.00000000
vc 0.00000000 0.00000000 1.00000000 1.00000000
vc 0.00000000 0.00000000 1.00000000 1.00000000
vc 0.00000000 0.00000000 1.00000000 1.00000000
vc 0.00000000 0.00000000 1.00000000 1.00000000
vc 0.00000000 0.00000000 1.00000000 1.00000000
vc 0.00000000 0.00000000 1.00000000 1.00000000
vc 0.00000000 0.00000000 1.00000000 1.00000000
vc 0.00000000 0.00000000 1.00000000 1.00000000
vc 0.00000000 0.00000000 1.00000000 1.00000000
vc 0.00000000 0.00000000 1.00000000 1.00000000
vc 0.00000000 0.00000000 1.00000000 1.00000000
vc 0.00000000 0.00000000 1.00000000 1.00000000
vc 0.00000000 0.00000000 1.00000000 1.00000000
vc 0.00000000 0.00000000 1.00000000 1.00000000
vc 0.00000000 0.00000000 1.00000000 1.00000000
vc 0.00000000 0.00000000 1.00000000 1.00000000
vc 0.00000000 0.00000000 1.00000000 1.00000000
vc 0.00000000 0.00000000 1.00000000 1.00000000
vc 0.00000000 0.00000000 1.00000000 1.00000000
vc 0.00000000 0.00000000 1.00000000 1.00000000
vc 0.00000000 0.00000000 1.00000000 1.00000000
vc 0.00000000 0.00000000 1.00000000 1.00000000
vc 0.00000000 0.00000000 1.00000000 1.00000000
vc 0.00000000 0.00000000 1.00000000 1.00000000
vc 0.00000000 0.00000000 1.00000000 1.00000000
vc 0.00000000 0.00000000 1.00000000 1.00000000
vc 0.00000000 0.00000000 1.00000000 1.00000000
vc 0.00000000 0.00000000 1.00000000 1.00000000
vc 0.00000000 0.00000000 1.00000000 1.00000000
vc 0.00000000 0.00000000 1.00000000 1.00000000
vc 0.00000000 0.00000000 1.00000000 1.00000000
vc 0.00000000 0.00000000 1.00000000 1.00000000
vc 0.00000000 0.00000000 1.00000000 1.00000000
vc 0.00000000 0.00000000 1.00000000 1.00000000
vc 0.00000000 0.00000000 1.00000000 1.00000000
vc 0.00000000 0.00000000 1.00000000 1.00000000
vc 0.00000000 0.00000000 1.00000000 1.00000000
vc 0.00000000 0.00000000 1.00000000 1.00000000
vc 0.00000000 0.00000000 1.00000000 1.00000000
vc 0.00000000 0.00000000 1.00000000 1.00000000
vc 0.00000000 0.00000000 1.00000000 1.00000000
vc 0.00000000 0.00000000 1.00000000 1.00000000
vc 0.00000000 0.00000000 1.00000000 1.00000000
vc 0.00000000 0.00000000 1.00000000 1.00000000
vc 0.00000000 0.00000000 1.00000000 1.00000000
vc 0.00000000 0.00000000 1.00000000 1.00000000
vc 0.00000000 0.00000000 1.00000000 1.00000000
vc 0.00000000 0.00000000 1.00000000 1.00000000
vc 0.00000000 0.00000000 1.00000000 1.00000000
vc 0.00000000 0.00000000 1.00000000 1.00000000
vc 0.00000000 0.00000000 1.00000000 1.00000000
vc 0.00000000 0.00000000 1.00000000 1.00000000
vc 0.00000000 0.00000000 1.00000000 1.00000000
vc 0.00000000 0.00000000 1.00000000 1.00000000
vc 0.00000000 0.00000000 1.00000000 1.00000000
vc 0.00000000 0.00000000 1.00000000 1.00000000
vc 0.00000000 0.00000000 1.00000000 1.00000000
vc 0.00000000 0.00000000 1.00000000 1.00000000
vc 0.00000000 0.00000000 1.00000000 1.00000000
vc 0.00000000 0.00000000 1.00000000 1.00000000
vc 0.00000000 0.00000000 1.00000000 1.00000000
vc 0.00000000 0.00000000 1.00000000 1.00000000
vc 0.00000000 0.00000000 1.00000000 1.00000000
vc 0.00000000 0.00000000 1.00000000 1.00000000
vc 0.00000000 0.00000000 1.00000000 1.00000000
vc 0.00000000 0.00000000 1.00000000 1.00000000
vc 0.00000000 0.00000000 1.00000000 1.00000000
vc 0.00000000 0.00000000 1.00000000 1.00000000
vc 0.00000000 0.00000000 1.00000000 1.00000000
vc 0.00000000 0.00000000 1.00000000 1.00000000
vc 0.00000000 0.00000000 1.00000000 1.00000000
vc 0.00000000 0.00000000 1.00000000 1.00000000
vc 0.00000000 0.00000000 1.00000000 1.00000000
vc 0.00000000 0.00000000 1.00000000 1.00000000
vc 0.00000000 0.00000000 1.00000000 1.00000000
vc 0.00000000 0.00000000 1.00000000 1.00000000
vc 0.00000000 0.00000000 1.00000000 1.00000000
vc 0.00000000 0.00000000 1.00000000 1.00000000
vc 0.00000000 0.00000000 1.00000000 1.00000000
vc 0.00000000 0.00000000 1.00000000 1.00000000
vc 0.00000000 0.00000000 1.00000000 1.00000000
vc 0.00000000 0.00000000 1.00000000 1.00000000
vc 0.00000000 0.00000000 1.00000000 1.00000000
vc 0.00000000 0.00000000 1.00000000 1.00000000
vc 0.00000000 0.00000000 1.00000000 1.00000000
vc 0.00000000 0.00000000 1.00000000 1.00000000
vc 0.00000000 0.00000000 1.00000000 1.00000000
vc 0.00000000 0.00000000 1.00000000 1.00000000
vc 0.00000000 0.00000000 1.00000000 1.00000000
vc 0.00000000 0.00000000 1.00000000 1.00000000
vc 0.00000000 0.00000000 1.00000000 1.00000000
vc 0.00000000 0.00000000 1.00000000 1.00000000
vc 0.00000000 0.00000000 1.00000000 1.00000000
vc 0.00000000 0.00000000 1.00000000 1.00000000
vc 0.00000000 0.00000000 1.00000000 1.00000000
vc 0.00000000 0.00000000 1.00000000 1.00000000
vc 0.00000000 0.00000000 1.00000000 1.00000000
vc 0.00000000 0.00000000 1.00000000 1.00000000
vc 0.00000000 0.00000000 1.00000000 1.00000000
vc 0.00000000 0.00000000 1.00000000 1.00000000
vc 0.00000000 0.00000000 1.00000000 1.00000000
vc 0.00000000 0.00000000 1.00000000 1.00000000
vc 0.00000000 0.00000000 1.00000000 1.00000000
vc 0.00000000 0.00000000 1.00000000 1.00000000
vc 0.00000000 0.00000000 1.00000000 1.00000000
vc 0.00000000 0.00000000 1.00000000 1.00000000
vc 0.00000000 0.00000000 1.00000000 1.00000000
vc 0.00000000 0.00000000 1.00000000 1.00000000
vc 0.00000000 0.00000000 1.00000000 1.00000000
vc 0.00000000 0.00000000 1.00000000 1.00000000
vc 0.00000000 0.00000000 1.00000000 1.00000000
vc 0.00000000 0.00000000 1.00000000 1.00000000
vc 0.00000000 0.00000000 1.00000000 1.00000000
vc 0.00000000 0.00000000 1.00000000 1.00000000
vc 0.00000000 0.00000000 1.00000000 1.00000000
vc 0.00000000 0.00000000 1.00000000 1.00000000
vc 0.00000000 0.00000000 1.00000000 1.00000000
vc 0.00000000 0.00000000 1.00000000 1.00000000
vc 0.00000000 0.00000000 1.00000000 1.00000000
vc 0.00000000 0.00000000 1.00000000 1.00000000
vc 0.00000000 0.00000000 1.00000000 1.00000000
vc 0.00000000 0.00000000 1.00000000 1.00000000
vc 0.00000000 0.00000000 1.00000000 1.00000000
vc 0.00000000 0.00000000 1.00000000 1.00000000
vc 0.00000000 0.00000000 1.00000000 1.00000000
vc 0.00000000 0.00000000 1.00000000 1.00000000
vc 0.00000000 0.00000000 1.00000000 1.00000000
vc 0.00000000 0.00000000 1.00000000 1.00000000
vc 0.00000000 0.00000000 1.00000000 1.00000000
vc 0.00000000 0.00000000 1.00000000 1.00000000
vc 0.00000000 0.00000000 1.00000000 1.00000000
vc 0.00000000 0.00000000 1.00000000 1.00000000
vc 0.00000000 0.00000000 1.00000000 1.00000000
vc 0.00000000 0.00000000 1.00000000 1.00000000
vc 0.00000000 0.00000000 1.00000000 1.00000000
vc 0.00000000 0.00000000 1.00000000 1.00000000
vc 0.00000000 0.00000000 1.00000000 1.00000000
vc 0.00000000 0.00000000 1.00000000 1.00000000
vc 0.00000000 0.00000000 1.00000000 1.00000000
vc 0.00000000 0.00000000 1.00000000 1.00000000
vc 0.00000000 0.00000000 1.00000000 1.00000000
vc 0.00000000 0.00000000 1.00000000 1.00000000
vc 0.00000000 0.00000000 1.00000000 1.00000000
vc 0.00000000 0.00000000 1.00000000 1.00000000
vc 0.00000000 0.00000000 1.00000000 1.00000000
vc 0.00000000 0.00000000 1.00000000 1.00000000
vc 0.00000000 0.00000000 1.00000000 1.00000000
vc 0.00000000 0.00000000 1.00000000 1.00000000
vc 0.00000000 0.00000000 1.00000000 1.00000000
vc 0.00000000 0.00000000 1.00000000 1.00000000
vc 0.00000000 0.00000000 1.00000000 1.00000000
vc 0.00000000 0.00000000 1.00000000 1.00000000
vc 0.00000000 0.00000000 1.00000000 1.00000000
vc 0.00000000 0.00000000 1.00000000 1.00000000
vc 0.00000000 0.00000000 1.00000000 1.00000000
vc 0.00000000 0.00000000 1.00000000 1.00000000
vc 0.00000000 0.00000000 1.00000000 1.00000000
vc 0.00000000 0.00000000 1.00000000 1.00000000
vc 0.00000000 0.00000000 1.00000000 1.00000000
vc 0.00000000 0.00000000 1.00000000 1.00000000
vc 0.00000000 0.00000000 1.00000000 1.00000000
vc 0.00000000 0.00000000 1.00000000 1.00000000
vc 0.00000000 0.00000000 1.00000000 1.00000000
vc 0.00000000 0.00000000 1.00000000 1.00000000
vc 0.00000000 0.00000000 1.00000000 1.00000000
vc 0.00000000 0.00000000 1.00000000 1.00000000
vc 0.00000000 0.00000000 1.00000000 1.00000000
vc 0.00000000 0.00000000 1.00000000 1.00000000
vc 0.00000000 0.00000000 1.00000000 1.00000000
vc 0.00000000 0.00000000 1.00000000 1.00000000
vc 0.00000000 0.00000000 1.00000000 1.00000000
vc 0.00000000 0.00000000 1.00000000 1.00000000
vc 0.00000000 0.00000000 1.00000000 1.00000000
vc 0.00000000 0.00000000 1.00000000 1.00000000
vc 0.00000000 0.00000000 1.00000000 1.00000000
g Main_body0.007Shinkansen E4 Max (8)Shinkansen E4 Max (8)Shinkansen E4 Max (6)Shinkansen E4 Max (6)_0
f 1/1/1/1 489/489/489/489 24/24/24/24
f 489/489/489/489 1/1/1/1 507/507/507/507
f 58/58/58/58 40/40/40/40 41/41/41/41
f 40/40/40/40 58/58/58/58 57/57/57/57
f 1688/1688/1688/1688 1689/1689/1689/1689 25/25/25/25
f 25/25/25/25 1689/1689/1689/1689 13/13/13/13
f 44/44/44/44 63/63/63/63 73/73/73/73
f 73/73/73/73 54/54/54/54 44/44/44/44
f 26/26/26/26 12/12/12/12 1690/1690/1690/1690
f 1690/1690/1690/1690 28/28/28/28 26/26/26/26
f 105/105/105/105 15/15/15/15 100/100/100/100
f 100/100/100/100 15/15/15/15 126/126/126/126
f 3/3/3/3 108/108/108/108 107/107/107/107
f 108/108/108/108 3/3/3/3 119/119/119/119
f 106/106/106/106 4/4/4/4 107/107/107/107
f 107/107/107/107 4/4/4/4 3/3/3/3
f 164/164/164/164 172/172/172/172 9/9/9/9
f 9/9/9/9 158/158/158/158 164/164/164/164
f 156/156/156/156 11/11/11/11 10/10/10/10
f 10/10/10/10 155/155/155/155 156/156/156/156
f 8/8/8/8 153/153/153/153 159/159/159/159
f 153/153/153/153 8/8/8/8 174/174/174/174
f 19/19/19/19 157/157/157/157 149/149/149/149
f 157/157/157/157 19/19/19/19 18/18/18/18
f 171/171/171/171 156/156/156/156 163/163/163/163
f 156/156/156/156 171/171/171/171 11/11/11/11
f 162/162/162/162 170/170/170/170 22/22/22/22
f 22/22/22/22 150/150/150/150 162/162/162/162
f 173/173/173/173 159/159/159/159 154/154/154/154
f 159/159/159/159 173/173/173/173 8/8/8/8
f 114/114/114/114 125/125/125/125 120/120/120/120
f 120/120/120/120 109/109/109/109 114/114/114/114
f 1691/1691/1691/1691 113/113/113/113 1692/1692/1692/1692
f 113/113/113/113 1691/1691/1691/1691 124/124/124/124
f 112/112/112/112 123/123/123/123 4/4/4/4
f 4/4/4/4 106/106/106/106 112/112/112/112
f 32/32/32/32 48/48/48/48 55/55/55/55
f 55/55/55/55 38/38/38/38 32/32/32/32
f 115/115/115/115 116/116/116/116 129/129/129/129
f 129/129/129/129 127/127/127/127 115/115/115/115
f 55/55/55/55 27/27/27/27 38/38/38/38
f 27/27/27/27 55/55/55/55 49/49/49/49
f 59/59/59/59 41/41/41/41 42/42/42/42
f 41/41/41/41 59/59/59/59 58/58/58/58
f 33/33/33/33 50/50/50/50 51/51/51/51
f 51/51/51/51 34/34/34/34 33/33/33/33
f 60/60/60/60 42/42/42/42 43/43/43/43
f 42/42/42/42 60/60/60/60 59/59/59/59
f 47/47/47/47 36/36/36/36 31/31/31/31
f 36/36/36/36 47/47/47/47 53/53/53/53
f 35/35/35/35 52/52/52/52 45/45/45/45
f 45/45/45/45 29/29/29/29 35/35/35/35
f 13/13/13/13 33/33/33/33 25/25/25/25
f 33/33/33/33 13/13/13/13 50/50/50/50
f 53/53/53/53 26/26/26/26 36/36/36/36
f 26/26/26/26 53/53/53/53 12/12/12/12
f 34/34/34/34 51/51/51/51 52/52/52/52
f 52/52/52/52 35/35/35/35 34/34/34/34
f 29/29/29/29 45/45/45/45 46/46/46/46
f 46/46/46/46 30/30/30/30 29/29/29/29
f 37/37/37/37 1693/1693/1693/1693 48/48/48/48
f 48/48/48/48 32/32/32/32 37/37/37/37
f 56/56/56/56 24/24/24/24 39/39/39/39
f 24/24/24/24 56/56/56/56 1/1/1/1
f 28/28/28/28 1690/1690/1690/1690 1693/1693/1693/1693
f 1693/1693/1693/1693 37/37/37/37 28/28/28/28
f 46/46/46/46 1694/1694/1694/1694 30/30/30/30
f 1694/1694/1694/1694 46/46/46/46 1695/1695/1695/1695
f 49/49/49/49 39/39/39/39 27/27/27/27
f 39/39/39/39 49/49/49/49 56/56/56/56
f 68/68/68/68 1696/1696/1696/1696 1697/1697/1697/1697
f 1696/1696/1696/1696 68/68/68/68 74/74/74/74
f 65/65/65/65 1698/1698/1698/1698 1699/1699/1699/1699
f 1698/1698/1698/1698 65/65/65/65 66/66/66/66
f 1700/1700/1700/1700 61/61/61/61 63/63/63/63
f 63/63/63/63 44/44/44/44 1700/1700/1700/1700
f 1701/1701/1701/1701 75/75/75/75 1702/1702/1702/1702
f 1702/1702/1702/1702 75/75/75/75 62/62/62/62
f 74/74/74/74 1703/1703/1703/1703 1696/1696/1696/1696
f 1703/1703/1703/1703 74/74/74/74 14/14/14/14
f 62/62/62/62 1704/1704/1704/1704 1702/1702/1702/1702
f 1704/1704/1704/1704 62/62/62/62 69/69/69/69
f 76/76/76/76 1705/1705/1705/1705 1706/1706/1706/1706
f 1705/1705/1705/1705 76/76/76/76 1707/1707/1707/1707
f 1704/1704/1704/1704 69/69/69/69 70/70/70/70
f 70/70/70/70 1708/1708/1708/1708 1704/1704/1704/1704
f 14/14/14/14 1709/1709/1709/1709 1703/1703/1703/1703
f 1709/1709/1709/1709 14/14/14/14 527/527/527/527
f 77/77/77/77 1706/1706/1706/1706 1710/1710/1710/1710
f 1706/1706/1706/1706 77/77/77/77 76/76/76/76
f 1711/1711/1711/1711 71/71/71/71 64/64/64/64
f 64/64/64/64 1712/1712/1712/1712 1711/1711/1711/1711
f 78/78/78/78 1710/1710/1710/1710 1713/1713/1713/1713
f 1710/1710/1710/1710 78/78/78/78 77/77/77/77
f 2/2/2/2 1697/1697/1697/1697 1714/1714/1714/1714
f 1697/1697/1697/1697 2/2/2/2 68/68/68/68
f 72/72/72/72 1700/1700/1700/1700 1715/1715/1715/1715
f 1700/1700/1700/1700 72/72/72/72 61/61/61/61
f 1716/1716/1716/1716 1715/1715/1715/1715 1717/1717/1717/1717
f 1715/1715/1715/1715 1716/1716/1716/1716 72/72/72/72
f 70/70/70/70 1711/1711/1711/1711 1708/1708/1708/1708
f 1711/1711/1711/1711 70/70/70/70 71/71/71/71
f 1718/1718/1718/1718 67/67/67/67 2/2/2/2
f 2/2/2/2 1714/1714/1714/1714 1718/1718/1718/1718
f 64/64/64/64 1699/1699/1699/1699 1712/1712/1712/1712
f 1699/1699/1699/1699 64/64/64/64 65/65/65/65
f 54/54/54/54 73/73/73/73 67/67/67/67
f 67/67/67/67 1718/1718/1718/1718 54/54/54/54
f 75/75/75/75 95/95/95/95 62/62/62/62
f 62/62/62/62 95/95/95/95 83/83/83/83
f 79/79/79/79 1719/1719/1719/1719 1720/1720/1720/1720
f 1719/1719/1719/1719 79/79/79/79 81/81/81/81
f 96/96/96/96 1721/1721/1721/1721 1722/1722/1722/1722
f 1721/1721/1721/1721 96/96/96/96 1723/1723/1723/1723
f 97/97/97/97 1722/1722/1722/1722 1724/1724/1724/1724
f 1722/1722/1722/1722 97/97/97/97 96/96/96/96
f 71/71/71/71 91/91/91/91 85/85/85/85
f 85/85/85/85 64/64/64/64 71/71/71/71
f 83/83/83/83 69/69/69/69 62/62/62/62
f 69/69/69/69 83/83/83/83 89/89/89/89
f 98/98/98/98 1724/1724/1724/1724 1725/1725/1725/1725
f 1724/1724/1724/1724 98/98/98/98 97/97/97/97
f 80/80/80/80 1726/1726/1726/1726 1727/1727/1727/1727
f 1726/1726/1726/1726 80/80/80/80 548/548/548/548
f 1728/1728/1728/1728 88/88/88/88 79/79/79/79
f 79/79/79/79 1720/1720/1720/1720 1728/1728/1728/1728
f 92/92/92/92 1729/1729/1729/1729 1730/1730/1730/1730
f 1729/1729/1729/1729 92/92/92/92 82/82/82/82
f 87/87/87/87 1730/1730/1730/1730 1731/1731/1731/1731
f 1730/1730/1730/1730 87/87/87/87 92/92/92/92
f 70/70/70/70 90/90/90/90 71/71/71/71
f 71/71/71/71 90/90/90/90 91/91/91/91
f 85/85/85/85 65/65/65/65 64/64/64/64
f 65/65/65/65 85/85/85/85 86/86/86/86
f 1732/1732/1732/1732 93/93/93/93 88/88/88/88
f 88/88/88/88 1728/1728/1728/1728 1732/1732/1732/1732
f 86/86/86/86 66/66/66/66 65/65/65/65
f 66/66/66/66 86/86/86/86 1733/1733/1733/1733
f 81/81/81/81 1734/1734/1734/1734 1719/1719/1719/1719
f 1734/1734/1734/1734 81/81/81/81 94/94/94/94
f 94/94/94/94 1727/1727/1727/1727 1734/1734/1734/1734
f 1727/1727/1727/1727 94/94/94/94 80/80/80/80
f 1729/1729/1729/1729 82/82/82/82 84/84/84/84
f 84/84/84/84 1735/1735/1735/1735 1729/1729/1729/1729
f 1735/1735/1735/1735 84/84/84/84 93/93/93/93
f 93/93/93/93 1732/1732/1732/1732 1735/1735/1735/1735
f 69/69/69/69 89/89/89/89 90/90/90/90
f 90/90/90/90 70/70/70/70 69/69/69/69
f 1736/1736/1736/1736 1737/1737/1737/1737 1738/1738/1738/1738
f 1737/1737/1737/1737 1736/1736/1736/1736 1739/1739/1739/1739
f 1740/1740/1740/1740 1741/1741/1741/1741 1742/1742/1742/1742
f 1741/1741/1741/1741 1740/1740/1740/1740 99/99/99/99
f 99/99/99/99 1743/1743/1743/1743 1741/1741/1741/1741
f 1743/1743/1743/1743 99/99/99/99 103/103/103/103
f 1744/1744/1744/1744 101/101/101/101 104/104/104/104
f 104/104/104/104 1745/1745/1745/1745 1744/1744/1744/1744
f 110/110/110/110 1746/1746/1746/1746 1747/1747/1747/1747
f 1746/1746/1746/1746 110/110/110/110 111/111/111/111
f 1748/1748/1748/1748 1749/1749/1749/1749 1750/1750/1750/1750
f 1750/1750/1750/1750 1749/1749/1749/1749 102/102/102/102
f 116/116/116/116 1751/1751/1751/1751 1752/1752/1752/1752
f 1751/1751/1751/1751 116/116/116/116 115/115/115/115
f 117/117/117/117 1752/1752/1752/1752 1753/1753/1753/1753
f 1752/1752/1752/1752 117/117/117/117 116/116/116/116
f 102/102/102/102 1747/1747/1747/1747 1750/1750/1750/1750
f 1747/1747/1747/1747 102/102/102/102 110/110/110/110
f 118/118/118/118 1753/1753/1753/1753 1754/1754/1754/1754
f 1753/1753/1753/1753 118/118/118/118 117/117/117/117
f 103/103/103/103 1755/1755/1755/1755 1743/1743/1743/1743
f 1755/1755/1755/1755 103/103/103/103 570/570/570/570
f 1745/1745/1745/1745 104/104/104/104 1756/1756/1756/1756
f 1756/1756/1756/1756 1757/1757/1757/1757 1745/1745/1745/1745
f 1758/1758/1758/1758 1744/1744/1744/1744 1759/1759/1759/1759
f 1744/1744/1744/1744 1758/1758/1758/1758 101/101/101/101
f 1760/1760/1760/1760 1761/1761/1761/1761 1762/1762/1762/1762
f 1762/1762/1762/1762 1763/1763/1763/1763 1760/1760/1760/1760
f 111/111/111/111 1764/1764/1764/1764 1746/1746/1746/1746
f 1764/1764/1764/1764 111/111/111/111 1765/1765/1765/1765
f 1766/1766/1766/1766 1759/1759/1759/1759 1767/1767/1767/1767
f 1759/1759/1759/1759 1766/1766/1766/1766 1758/1758/1758/1758
f 1768/1768/1768/1768 1738/1738/1738/1738 1769/1769/1769/1769
f 1738/1738/1738/1738 1768/1768/1768/1768 1736/1736/1736/1736
f 1757/1757/1757/1757 1756/1756/1756/1756 1761/1761/1761/1761
f 1761/1761/1761/1761 1760/1760/1760/1760 1757/1757/1757/1757
f 1762/1762/1762/1762 1742/1742/1742/1742 1763/1763/1763/1763
f 1742/1742/1742/1742 1762/1762/1762/1762 1740/1740/1740/1740
f 1764/1764/1764/1764 1765/1765/1765/1765 1768/1768/1768/1768
f 1768/1768/1768/1768 1769/1769/1769/1769 1764/1764/1764/1764
f 126/126/126/126 1770/1770/1770/1770 100/100/100/100
f 1770/1770/1770/1770 126/126/126/126 7/7/7/7
f 7/7/7/7 1771/1771/1771/1771 1770/1770/1770/1770
f 1771/1771/1771/1771 7/7/7/7 5/5/5/5
f 1772/1772/1772/1772 17/17/17/17 16/16/16/16
f 16/16/16/16 1773/1773/1773/1773 1772/1772/1772/1772
f 1774/1774/1774/1774 121/121/121/121 1775/1775/1775/1775
f 1775/1775/1775/1775 121/121/121/121 122/122/122/122
f 6/6/6/6 1776/1776/1776/1776 1777/1777/1777/1777
f 1778/1778/1778/1778 1777/1777/1777/1777 1776/1776/1776/1776
f 1776/1776/1776/1776 6/6/6/6 1774/1774/1774/1774
f 1774/1774/1774/1774 6/6/6/6 121/121/121/121
f 142/142/142/142 179/179/179/179 178/178/178/178
f 179/179/179/179 142/142/142/142 143/143/143/143
f 5/5/5/5 1779/1779/1779/1779 1771/1771/1771/1771
f 1779/1779/1779/1779 5/5/5/5 582/582/582/582
f 1773/1773/1773/1773 16/16/16/16 125/125/125/125
f 125/125/125/125 114/114/114/114 1773/1773/1773/1773
f 124/124/124/124 1772/1772/1772/1772 113/113/113/113
f 1772/1772/1772/1772 124/124/124/124 17/17/17/17
f 109/109/109/109 120/120/120/120 15/15/15/15
f 15/15/15/15 105/105/105/105 109/109/109/109
f 1775/1775/1775/1775 122/122/122/122 112/112/112/112
f 112/112/112/112 122/122/122/122 123/123/123/123
f 180/180/180/180 141/141/141/141 147/147/147/147
f 147/147/147/147 194/194/194/194 180/180/180/180
f 145/145/145/145 182/182/182/182 181/181/181/181
f 182/182/182/182 145/145/145/145 138/138/138/138
f 136/136/136/136 647/647/647/647 193/193/193/193
f 647/647/647/647 136/136/136/136 604/604/604/604
f 135/135/135/135 178/178/178/178 183/183/183/183
f 178/178/178/178 135/135/135/135 142/142/142/142
f 133/133/133/133 185/185/185/185 184/184/184/184
f 185/185/185/185 133/133/133/133 140/140/140/140
f 134/134/134/134 184/184/184/184 186/186/186/186
f 184/184/184/184 134/134/134/134 133/133/133/133
f 1780/1780/1780/1780 181/181/181/181 1781/1781/1781/1781
f 181/181/181/181 1780/1780/1780/1780 145/145/145/145
f 187/187/187/187 146/146/146/146 141/141/141/141
f 141/141/141/141 180/180/180/180 187/187/187/187
f 139/139/139/139 191/191/191/191 192/192/192/192
f 191/191/191/191 139/139/139/139 148/148/148/148
f 188/188/188/188 137/137/137/137 146/146/146/146
f 146/146/146/146 187/187/187/187 188/188/188/188
f 189/189/189/189 144/144/144/144 134/134/134/134
f 134/134/134/134 186/186/186/186 189/189/189/189
f 182/182/182/182 138/138/138/138 137/137/137/137
f 137/137/137/137 188/188/188/188 182/182/182/182
f 143/143/143/143 1782/1782/1782/1782 179/179/179/179
f 1782/1782/1782/1782 143/143/143/143 1783/1783/1783/1783
f 148/148/148/148 193/193/193/193 191/191/191/191
f 193/193/193/193 148/148/148/148 136/136/136/136
f 147/147/147/147 192/192/192/192 194/194/194/194
f 192/192/192/192 147/147/147/147 139/139/139/139
f 204/204/204/204 183/183/183/183 190/190/190/190
f 183/183/183/183 204/204/204/204 135/135/135/135
f 153/153/153/153 136/136/136/136 148/148/148/148
f 136/136/136/136 153/153/153/153 152/152/152/152
f 152/152/152/152 604/604/604/604 136/136/136/136
f 604/604/604/604 152/152/152/152 623/623/623/623
f 1784/1784/1784/1784 145/145/145/145 1780/1780/1780/1780
f 145/145/145/145 1784/1784/1784/1784 163/163/163/163
f 1785/1785/1785/1785 151/151/151/151 1786/1786/1786/1786
f 1786/1786/1786/1786 151/151/151/151 160/160/160/160
f 163/163/163/163 138/138/138/138 145/145/145/145
f 138/138/138/138 163/163/163/163 156/156/156/156
f 1787/1787/1787/1787 1788/1788/1788/1788 1789/1789/1789/1789
f 1789/1789/1789/1789 1788/1788/1788/1788 1790/1790/1790/1790
f 1791/1791/1791/1791 161/161/161/161 1792/1792/1792/1792
f 1792/1792/1792/1792 161/161/161/161 1793/1793/1793/1793
f 146/146/146/146 164/164/164/164 158/158/158/158
f 158/158/158/158 141/141/141/141 146/146/146/146
f 1790/1790/1790/1790 1794/1794/1794/1794 1789/1789/1789/1789
f 1794/1794/1794/1794 1790/1790/1790/1790 1795/1795/1795/1795
f 1786/1786/1786/1786 160/160/160/160 1791/1791/1791/1791
f 1791/1791/1791/1791 160/160/160/160 161/161/161/161
f 1796/1796/1796/1796 1797/1797/1797/1797 1798/1798/1798/1798
f 1798/1798/1798/1798 1799/1799/1799/1799 1796/1796/1796/1796
f 159/159/159/159 148/148/148/148 139/139/139/139
f 148/148/148/148 159/159/159/159 153/153/153/153
f 141/141/141/141 158/158/158/158 154/154/154/154
f 154/154/154/154 147/147/147/147 141/141/141/141
f 147/147/147/147 154/154/154/154 139/139/139/139
f 139/139/139/139 154/154/154/154 159/159/159/159
f 138/138/138/138 156/156/156/156 155/155/155/155
f 155/155/155/155 137/137/137/137 138/138/138/138
f 137/137/137/137 155/155/155/155 164/164/164/164
f 164/164/164/164 146/146/146/146 137/137/137/137
f 151/151/151/151 1785/1785/1785/1785 165/165/165/165
f 1800/1800/1800/1800 165/165/165/165 1785/1785/1785/1785
f 131/131/131/131 132/132/132/132 166/166/166/166
f 132/132/132/132 167/167/167/167 166/166/166/166
f 195/195/195/195 175/175/175/175 21/21/21/21
f 21/21/21/21 151/151/151/151 195/195/195/195
f 165/165/165/165 195/195/195/195 151/151/151/151
f 1801/1801/1801/1801 163/163/163/163 1784/1784/1784/1784
f 163/163/163/163 1801/1801/1801/1801 171/171/171/171
f 196/196/196/196 197/197/197/197 176/176/176/176
f 197/197/197/197 177/177/177/177 176/176/176/176
f 169/169/169/169 1793/1793/1793/1793 161/161/161/161
f 1793/1793/1793/1793 169/169/169/169 1802/1802/1802/1802
f 168/168/168/168 161/161/161/161 160/160/160/160
f 161/161/161/161 168/168/168/168 169/169/169/169
f 197/197/197/197 198/198/198/198 177/177/177/177
f 198/198/198/198 20/20/20/20 177/177/177/177
f 158/158/158/158 9/9/9/9 173/173/173/173
f 173/173/173/173 154/154/154/154 158/158/158/158
f 176/176/176/176 1803/1803/1803/1803 196/196/196/196
f 1803/1803/1803/1803 176/176/176/176 1804/1804/1804/1804
f 155/155/155/155 10/10/10/10 172/172/172/172
f 172/172/172/172 164/164/164/164 155/155/155/155
f 23/23/23/23 623/623/623/623 152/152/152/152
f 623/623/623/623 23/23/23/23 632/632/632/632
f 174/174/174/174 152/152/152/152 153/153/153/153
f 152/152/152/152 174/174/174/174 23/23/23/23
f 21/21/21/21 160/160/160/160 151/151/151/151
f 160/160/160/160 21/21/21/21 168/168/168/168
f 1805/1805/1805/1805 149/149/149/149 1806/1806/1806/1806
f 149/149/149/149 1805/1805/1805/1805 19/19/19/19
f 130/130/130/130 117/117/117/117 118/118/118/118
f 116/116/116/116 117/117/117/117 130/130/130/130
f 116/116/116/116 130/130/130/130 129/129/129/129
f 132/132/132/132 128/128/128/128 167/167/167/167
f 1807/1807/1807/1807 131/131/131/131 1808/1808/1808/1808
f 131/131/131/131 166/166/166/166 1808/1808/1808/1808
f 1777/1777/1777/1777 1809/1809/1809/1809 6/6/6/6
f 6/6/6/6 1809/1809/1809/1809 1810/1810/1810/1810
f 1811/1811/1811/1811 1812/1812/1812/1812 1813/1813/1813/1813
f 1812/1812/1812/1812 1811/1811/1811/1811 1814/1814/1814/1814
f 1815/1815/1815/1815 1816/1816/1816/1816 1817/1817/1817/1817
f 1816/1816/1816/1816 1815/1815/1815/1815 1818/1818/1818/1818
f 1819/1819/1819/1819 123/123/123/123 122/122/122/122
f 123/123/123/123 1819/1819/1819/1819 1820/1820/1820/1820
f 1821/1821/1821/1821 1822/1822/1822/1822 1823/1823/1823/1823
f 1823/1823/1823/1823 1824/1824/1824/1824 1821/1821/1821/1821
f 123/123/123/123 1820/1820/1820/1820 1825/1825/1825/1825
f 1825/1825/1825/1825 4/4/4/4 123/123/123/123
f 1824/1824/1824/1824 1823/1823/1823/1823 1826/1826/1826/1826
f 1826/1826/1826/1826 1827/1827/1827/1827 1824/1824/1824/1824
f 1814/1814/1814/1814 1817/1817/1817/1817 1812/1812/1812/1812
f 1817/1817/1817/1817 1814/1814/1814/1814 1815/1815/1815/1815
f 1827/1827/1827/1827 1826/1826/1826/1826 1828/1828/1828/1828
f 1828/1828/1828/1828 1829/1829/1829/1829 1827/1827/1827/1827
f 1830/1830/1830/1830 1831/1831/1831/1831 1832/1832/1832/1832
f 1831/1831/1831/1831 1830/1830/1830/1830 1833/1833/1833/1833
f 1825/1825/1825/1825 3/3/3/3 4/4/4/4
f 3/3/3/3 1825/1825/1825/1825 1834/1834/1834/1834
f 1834/1834/1834/1834 119/119/119/119 3/3/3/3
f 119/119/119/119 1834/1834/1834/1834 1835/1835/1835/1835
f 1810/1810/1810/1810 121/121/121/121 6/6/6/6
f 121/121/121/121 1810/1810/1810/1810 1836/1836/1836/1836
f 1818/1818/1818/1818 1837/1837/1837/1837 1816/1816/1816/1816
f 1837/1837/1837/1837 1818/1818/1818/1818 1838/1838/1838/1838
f 1833/1833/1833/1833 1839/1839/1839/1839 1831/1831/1831/1831
f 1839/1839/1839/1839 1833/1833/1833/1833 1840/1840/1840/1840
f 1829/1829/1829/1829 1828/1828/1828/1828 1811/1811/1811/1811
f 1811/1811/1811/1811 1813/1813/1813/1813 1829/1829/1829/1829
f 121/121/121/121 1836/1836/1836/1836 122/122/122/122
f 122/122/122/122 1836/1836/1836/1836 1819/1819/1819/1819
f 1841/1841/1841/1841 1842/1842/1842/1842 1843/1843/1843/1843
f 1842/1842/1842/1842 1844/1844/1844/1844 1843/1843/1843/1843
f 1845/1845/1845/1845 1841/1841/1841/1841 1846/1846/1846/1846
f 1841/1841/1841/1841 1843/1843/1843/1843 1846/1846/1846/1846
f 1846/1846/1846/1846 1847/1847/1847/1847 1845/1845/1845/1845
f 1847/1847/1847/1847 1846/1846/1846/1846 1848/1848/1848/1848
f 205/205/205/205 1849/1849/1849/1849 206/206/206/206
f 1849/1849/1849/1849 205/205/205/205 1850/1850/1850/1850
f 668/668/668/668 203/203/203/203 669/669/669/669
f 203/203/203/203 202/202/202/202 669/669/669/669
f 670/670/670/670 201/201/201/201 1851/1851/1851/1851
f 1852/1852/1852/1852 1851/1851/1851/1851 201/201/201/201
f 1852/1852/1852/1852 201/201/201/201 3115/3115/3115/3115
f 3115/3115/3115/3115 3116/3116/3116/3116 1852/1852/1852/1852
f 679/679/679/679 207/207/207/207 677/677/677/677
f 207/207/207/207 679/679/679/679 208/208/208/208
f 1853/1853/1853/1853 1854/1854/1854/1854 1855/1855/1855/1855
f 1854/1854/1854/1854 1853/1853/1853/1853 1856/1856/1856/1856
f 3117/3117/3117/3117 1857/1857/1857/1857 1858/1858/1858/1858
f 1857/1857/1857/1857 1859/1859/1859/1859 1858/1858/1858/1858
f 1860/1860/1860/1860 1861/1861/1861/1861 1862/1862/1862/1862
f 1860/1860/1860/1860 1863/1863/1863/1863 1861/1861/1861/1861
f 1864/1864/1864/1864 680/680/680/680 670/670/670/670
f 670/670/670/670 1851/1851/1851/1851 1864/1864/1864/1864
f 3118/3118/3118/3118 1865/1865/1865/1865 3119/3119/3119/3119
f 3118/3118/3118/3118 209/209/209/209 1865/1865/1865/1865
f 1866/1866/1866/1866 209/209/209/209 682/682/682/682
f 209/209/209/209 1866/1866/1866/1866 1865/1865/1865/1865
f 682/682/682/682 1867/1867/1867/1867 1866/1866/1866/1866
f 682/682/682/682 683/683/683/683 1867/1867/1867/1867
f 1868/1868/1868/1868 1869/1869/1869/1869 1870/1870/1870/1870
f 1869/1869/1869/1869 684/684/684/684 1870/1870/1870/1870
f 1871/1871/1871/1871 210/210/210/210 1872/1872/1872/1872
f 1871/1871/1871/1871 214/214/214/214 210/210/210/210
f 1873/1873/1873/1873 212/212/212/212 1874/1874/1874/1874
f 1873/1873/1873/1873 211/211/211/211 212/212/212/212
f 1872/1872/1872/1872 211/211/211/211 1873/1873/1873/1873
f 1872/1872/1872/1872 210/210/210/210 211/211/211/211
f 213/213/213/213 1875/1875/1875/1875 1874/1874/1874/1874
f 1874/1874/1874/1874 212/212/212/212 213/213/213/213
f 215/215/215/215 216/216/216/216 1876/1876/1876/1876
f 1876/1876/1876/1876 1877/1877/1877/1877 215/215/215/215
f 1878/1878/1878/1878 217/217/217/217 1879/1879/1879/1879
f 1879/1879/1879/1879 1880/1880/1880/1880 1878/1878/1878/1878
f 1881/1881/1881/1881 218/218/218/218 1882/1882/1882/1882
f 1882/1882/1882/1882 1883/1883/1883/1883 1881/1881/1881/1881
f 1884/1884/1884/1884 1885/1885/1885/1885 219/219/219/219
f 1885/1885/1885/1885 1884/1884/1884/1884 1886/1886/1886/1886
f 1887/1887/1887/1887 223/223/223/223 1888/1888/1888/1888
f 1888/1888/1888/1888 1889/1889/1889/1889 1887/1887/1887/1887
f 1890/1890/1890/1890 224/224/224/224 1891/1891/1891/1891
f 224/224/224/224 1892/1892/1892/1892 1891/1891/1891/1891
f 1893/1893/1893/1893 1894/1894/1894/1894 1895/1895/1895/1895
f 1896/1896/1896/1896 1897/1897/1897/1897 1898/1898/1898/1898
f 1898/1898/1898/1898 1897/1897/1897/1897 1895/1895/1895/1895
f 1899/1899/1899/1899 1900/1900/1900/1900 1901/1901/1901/1901
f 1902/1902/1902/1902 1900/1900/1900/1900 1899/1899/1899/1899
f 1895/1895/1895/1895 1902/1902/1902/1902 1893/1893/1893/1893
f 1895/1895/1895/1895 1894/1894/1894/1894 1903/1903/1903/1903
f 1896/1896/1896/1896 1904/1904/1904/1904 1905/1905/1905/1905
f 1905/1905/1905/1905 1906/1906/1906/1906 1896/1896/1896/1896
f 1907/1907/1907/1907 1908/1908/1908/1908 1906/1906/1906/1906
f 1909/1909/1909/1909 1907/1907/1907/1907 1906/1906/1906/1906
f 1905/1905/1905/1905 1909/1909/1909/1909 1906/1906/1906/1906
f 1910/1910/1910/1910 1904/1904/1904/1904 1896/1896/1896/1896
f 1911/1911/1911/1911 1910/1910/1910/1910 1896/1896/1896/1896
f 1898/1898/1898/1898 1911/1911/1911/1911 1896/1896/1896/1896
f 1903/1903/1903/1903 1898/1898/1898/1898 1895/1895/1895/1895
f 1899/1899/1899/1899 1893/1893/1893/1893 1902/1902/1902/1902
f 1901/1901/1901/1901 1912/1912/1912/1912 1913/1913/1913/1913
f 1913/1913/1913/1913 1899/1899/1899/1899 1901/1901/1901/1901
f 1901/1901/1901/1901 1914/1914/1914/1914 1912/1912/1912/1912
f 221/221/221/221 3120/3120/3120/3120 220/220/220/220
f 1915/1915/1915/1915 222/222/222/222 1916/1916/1916/1916
f 1917/1917/1917/1917 3120/3120/3120/3120 221/221/221/221
f 222/222/222/222 1915/1915/1915/1915 1917/1917/1917/1917
f 1918/1918/1918/1918 1916/1916/1916/1916 222/222/222/222
f 221/221/221/221 222/222/222/222 1917/1917/1917/1917
f 3120/3120/3120/3120 3121/3121/3121/3121 1919/1919/1919/1919
f 1919/1919/1919/1919 220/220/220/220 3120/3120/3120/3120
f 732/732/732/732 225/225/225/225 941/941/941/941
f 225/225/225/225 430/430/430/430 941/941/941/941
f 262/262/262/262 263/263/263/263 452/452/452/452
f 452/452/452/452 248/248/248/248 262/262/262/262
f 1920/1920/1920/1920 432/432/432/432 237/237/237/237
f 1920/1920/1920/1920 1921/1921/1921/1921 432/432/432/432
f 278/278/278/278 268/268/268/268 249/249/249/249
f 249/249/249/249 259/259/259/259 278/278/278/278
f 1922/1922/1922/1922 236/236/236/236 431/431/431/431
f 431/431/431/431 439/439/439/439 1922/1922/1922/1922
f 239/239/239/239 305/305/305/305 330/330/330/330
f 239/239/239/239 310/310/310/310 305/305/305/305
f 323/323/323/323 227/227/227/227 313/313/313/313
f 227/227/227/227 312/312/312/312 313/313/313/313
f 228/228/228/228 312/312/312/312 227/227/227/227
f 228/228/228/228 311/311/311/311 312/312/312/312
f 233/233/233/233 375/375/375/375 367/367/367/367
f 367/367/367/367 361/361/361/361 233/233/233/233
f 234/234/234/234 235/235/235/235 359/359/359/359
f 359/359/359/359 358/358/358/358 234/234/234/234
f 377/377/377/377 232/232/232/232 356/356/356/356
f 232/232/232/232 362/362/362/362 356/356/356/356
f 242/242/242/242 243/243/243/243 360/360/360/360
f 243/243/243/243 352/352/352/352 360/360/360/360
f 235/235/235/235 374/374/374/374 359/359/359/359
f 374/374/374/374 366/366/366/366 359/359/359/359
f 246/246/246/246 373/373/373/373 365/365/365/365
f 365/365/365/365 353/353/353/353 246/246/246/246
f 232/232/232/232 376/376/376/376 362/362/362/362
f 376/376/376/376 357/357/357/357 362/362/362/362
f 324/324/324/324 329/329/329/329 319/319/319/319
f 319/319/319/319 314/314/314/314 324/324/324/324
f 328/328/328/328 1923/1923/1923/1923 318/318/318/318
f 1923/1923/1923/1923 1924/1924/1924/1924 318/318/318/318
f 228/228/228/228 327/327/327/327 317/317/317/317
f 317/317/317/317 311/311/311/311 228/228/228/228
f 260/260/260/260 253/253/253/253 443/443/443/443
f 443/443/443/443 450/450/450/450 260/260/260/260
f 331/331/331/331 333/333/333/333 320/320/320/320
f 321/321/321/321 320/320/320/320 333/333/333/333
f 254/254/254/254 260/260/260/260 444/444/444/444
f 260/260/260/260 450/450/450/450 444/444/444/444
f 263/263/263/263 264/264/264/264 452/452/452/452
f 264/264/264/264 453/453/453/453 452/452/452/452
f 256/256/256/256 255/255/255/255 445/445/445/445
f 445/445/445/445 446/446/446/446 256/256/256/256
f 264/264/264/264 265/265/265/265 453/453/453/453
f 265/265/265/265 454/454/454/454 453/453/453/453
f 258/258/258/258 252/252/252/252 448/448/448/448
f 252/252/252/252 442/442/442/442 448/448/448/448
f 250/250/250/250 257/257/257/257 447/447/447/447
f 447/447/447/447 440/440/440/440 250/250/250/250
f 255/255/255/255 237/237/237/237 445/445/445/445
f 237/237/237/237 432/432/432/432 445/445/445/445
f 236/236/236/236 258/258/258/258 431/431/431/431
f 258/258/258/258 448/448/448/448 431/431/431/431
f 257/257/257/257 256/256/256/256 446/446/446/446
f 446/446/446/446 447/447/447/447 257/257/257/257
f 251/251/251/251 250/250/250/250 441/441/441/441
f 250/250/250/250 440/440/440/440 441/441/441/441
f 253/253/253/253 1925/1925/1925/1925 449/449/449/449
f 449/449/449/449 443/443/443/443 253/253/253/253
f 225/225/225/225 261/261/261/261 430/430/430/430
f 261/261/261/261 451/451/451/451 430/430/430/430
f 1925/1925/1925/1925 1922/1922/1922/1922 439/439/439/439
f 439/439/439/439 449/449/449/449 1925/1925/1925/1925
f 1926/1926/1926/1926 251/251/251/251 1927/1927/1927/1927
f 251/251/251/251 441/441/441/441 1927/1927/1927/1927
f 261/261/261/261 254/254/254/254 451/451/451/451
f 254/254/254/254 444/444/444/444 451/451/451/451
f 279/279/279/279 273/273/273/273 1928/1928/1928/1928
f 273/273/273/273 1929/1929/1929/1929 1928/1928/1928/1928
f 271/271/271/271 270/270/270/270 1930/1930/1930/1930
f 270/270/270/270 1931/1931/1931/1931 1930/1930/1930/1930
f 268/268/268/268 266/266/266/266 1932/1932/1932/1932
f 1932/1932/1932/1932 249/249/249/249 268/268/268/268
f 280/280/280/280 1933/1933/1933/1933 267/267/267/267
f 280/280/280/280 1934/1934/1934/1934 1933/1933/1933/1933
f 238/238/238/238 279/279/279/279 1935/1935/1935/1935
f 279/279/279/279 1928/1928/1928/1928 1935/1935/1935/1935
f 274/274/274/274 267/267/267/267 1936/1936/1936/1936
f 267/267/267/267 1933/1933/1933/1933 1936/1936/1936/1936
f 1937/1937/1937/1937 281/281/281/281 1938/1938/1938/1938
f 281/281/281/281 1939/1939/1939/1939 1938/1938/1938/1938
f 275/275/275/275 274/274/274/274 1936/1936/1936/1936
f 1936/1936/1936/1936 1940/1940/1940/1940 275/275/275/275
f 752/752/752/752 238/238/238/238 1941/1941/1941/1941
f 238/238/238/238 1935/1935/1935/1935 1941/1941/1941/1941
f 281/281/281/281 282/282/282/282 1939/1939/1939/1939
f 282/282/282/282 1942/1942/1942/1942 1939/1939/1939/1939
f 269/269/269/269 276/276/276/276 1943/1943/1943/1943
f 1943/1943/1943/1943 1944/1944/1944/1944 269/269/269/269
f 282/282/282/282 283/283/283/283 1942/1942/1942/1942
f 283/283/283/283 1945/1945/1945/1945 1942/1942/1942/1942
f 273/273/273/273 226/226/226/226 1929/1929/1929/1929
f 226/226/226/226 1946/1946/1946/1946 1929/1929/1929/1929
f 266/266/266/266 277/277/277/277 1932/1932/1932/1932
f 277/277/277/277 1947/1947/1947/1947 1932/1932/1932/1932
f 277/277/277/277 1948/1948/1948/1948 1947/1947/1947/1947
f 1948/1948/1948/1948 1949/1949/1949/1949 1947/1947/1947/1947
f 276/276/276/276 275/275/275/275 1940/1940/1940/1940
f 1940/1940/1940/1940 1943/1943/1943/1943 276/276/276/276
f 226/226/226/226 272/272/272/272 1950/1950/1950/1950
f 1950/1950/1950/1950 1946/1946/1946/1946 226/226/226/226
f 270/270/270/270 269/269/269/269 1931/1931/1931/1931
f 269/269/269/269 1944/1944/1944/1944 1931/1931/1931/1931
f 272/272/272/272 278/278/278/278 259/259/259/259
f 259/259/259/259 1950/1950/1950/1950 272/272/272/272
f 300/300/300/300 1951/1951/1951/1951 288/288/288/288
f 300/300/300/300 1952/1952/1952/1952 1951/1951/1951/1951
f 286/286/286/286 284/284/284/284 1953/1953/1953/1953
f 284/284/284/284 1954/1954/1954/1954 1953/1953/1953/1953
f 1955/1955/1955/1955 301/301/301/301 1956/1956/1956/1956
f 301/301/301/301 1957/1957/1957/1957 1956/1956/1956/1956
f 301/301/301/301 302/302/302/302 1957/1957/1957/1957
f 302/302/302/302 1958/1958/1958/1958 1957/1957/1957/1957
f 290/290/290/290 296/296/296/296 1959/1959/1959/1959
f 1959/1959/1959/1959 1960/1960/1960/1960 290/290/290/290
f 294/294/294/294 288/288/288/288 1961/1961/1961/1961
f 288/288/288/288 1951/1951/1951/1951 1961/1961/1961/1961
f 302/302/302/302 303/303/303/303 1958/1958/1958/1958
f 303/303/303/303 1962/1962/1962/1962 1958/1958/1958/1958
f 773/773/773/773 285/285/285/285 1963/1963/1963/1963
f 285/285/285/285 1964/1964/1964/1964 1963/1963/1963/1963
f 284/284/284/284 293/293/293/293 1965/1965/1965/1965
f 1965/1965/1965/1965 1954/1954/1954/1954 284/284/284/284
f 287/287/287/287 297/297/297/297 1966/1966/1966/1966
f 297/297/297/297 1967/1967/1967/1967 1966/1966/1966/1966
f 297/297/297/297 292/292/292/292 1967/1967/1967/1967
f 292/292/292/292 1968/1968/1968/1968 1967/1967/1967/1967
f 295/295/295/295 1959/1959/1959/1959 296/296/296/296
f 295/295/295/295 1969/1969/1969/1969 1959/1959/1959/1959
f 291/291/291/291 290/290/290/290 1970/1970/1970/1970
f 290/290/290/290 1960/1960/1960/1960 1970/1970/1970/1970
f 293/293/293/293 298/298/298/298 1971/1971/1971/1971
f 1971/1971/1971/1971 1965/1965/1965/1965 293/293/293/293
f 1972/1972/1972/1972 291/291/291/291 1973/1973/1973/1973
f 291/291/291/291 1970/1970/1970/1970 1973/1973/1973/1973
f 299/299/299/299 286/286/286/286 1974/1974/1974/1974
f 286/286/286/286 1953/1953/1953/1953 1974/1974/1974/1974
f 285/285/285/285 299/299/299/299 1964/1964/1964/1964
f 299/299/299/299 1974/1974/1974/1974 1964/1964/1964/1964
f 289/289/289/289 287/287/287/287 1966/1966/1966/1966
f 1966/1966/1966/1966 1975/1975/1975/1975 289/289/289/289
f 298/298/298/298 289/289/289/289 1975/1975/1975/1975
f 1975/1975/1975/1975 1971/1971/1971/1971 298/298/298/298
f 295/295/295/295 294/294/294/294 1961/1961/1961/1961
f 1961/1961/1961/1961 1969/1969/1969/1969 295/295/295/295
f 1976/1976/1976/1976 1977/1977/1977/1977 1978/1978/1978/1978
f 1977/1977/1977/1977 1979/1979/1979/1979 1978/1978/1978/1978
f 304/304/304/304 1980/1980/1980/1980 1981/1981/1981/1981
f 1980/1980/1980/1980 1982/1982/1982/1982 1981/1981/1981/1981
f 308/308/308/308 304/304/304/304 1983/1983/1983/1983
f 304/304/304/304 1981/1981/1981/1981 1983/1983/1983/1983
f 309/309/309/309 306/306/306/306 1984/1984/1984/1984
f 1984/1984/1984/1984 1985/1985/1985/1985 309/309/309/309
f 316/316/316/316 315/315/315/315 1986/1986/1986/1986
f 315/315/315/315 1987/1987/1987/1987 1986/1986/1986/1986
f 1988/1988/1988/1988 1989/1989/1989/1989 307/307/307/307
f 1988/1988/1988/1988 1990/1990/1990/1990 1989/1989/1989/1989
f 320/320/320/320 321/321/321/321 1991/1991/1991/1991
f 321/321/321/321 1992/1992/1992/1992 1991/1991/1991/1991
f 321/321/321/321 322/322/322/322 1992/1992/1992/1992
f 322/322/322/322 1993/1993/1993/1993 1992/1992/1992/1992
f 315/315/315/315 307/307/307/307 1987/1987/1987/1987
f 307/307/307/307 1989/1989/1989/1989 1987/1987/1987/1987
f 322/322/322/322 412/412/412/412 1993/1993/1993/1993
f 412/412/412/412 1994/1994/1994/1994 1993/1993/1993/1993
f 795/795/795/795 308/308/308/308 1995/1995/1995/1995
f 308/308/308/308 1983/1983/1983/1983 1995/1995/1995/1995
f 1996/1996/1996/1996 309/309/309/309 1985/1985/1985/1985
f 1985/1985/1985/1985 1997/1997/1997/1997 1996/1996/1996/1996
f 306/306/306/306 1998/1998/1998/1998 1984/1984/1984/1984
f 1998/1998/1998/1998 1999/1999/1999/1999 1984/1984/1984/1984
f 2000/2000/2000/2000 2001/2001/2001/2001 2002/2002/2002/2002
f 2002/2002/2002/2002 2003/2003/2003/2003 2000/2000/2000/2000
f 2004/2004/2004/2004 316/316/316/316 2005/2005/2005/2005
f 316/316/316/316 1986/1986/1986/1986 2005/2005/2005/2005
f 1998/1998/1998/1998 2006/2006/2006/2006 1999/1999/1999/1999
f 2006/2006/2006/2006 2007/2007/2007/2007 1999/1999/1999/1999
f 1977/1977/1977/1977 2008/2008/2008/2008 1979/1979/1979/1979
f 2008/2008/2008/2008 2009/2009/2009/2009 1979/1979/1979/1979
f 2001/2001/2001/2001 1996/1996/1996/1996 1997/1997/1997/1997
f 1997/1997/1997/1997 2002/2002/2002/2002 2001/2001/2001/2001
f 1980/1980/1980/1980 2000/2000/2000/2000 1982/1982/1982/1982
f 2000/2000/2000/2000 2003/2003/2003/2003 1982/1982/1982/1982
f 2008/2008/2008/2008 2004/2004/2004/2004 2005/2005/2005/2005
f 2005/2005/2005/2005 2009/2009/2009/2009 2008/2008/2008/2008
f 231/231/231/231 330/330/330/330 2010/2010/2010/2010
f 330/330/330/330 305/305/305/305 2010/2010/2010/2010
f 229/229/229/229 231/231/231/231 2011/2011/2011/2011
f 231/231/231/231 2010/2010/2010/2010 2011/2011/2011/2011
f 240/240/240/240 241/241/241/241 2012/2012/2012/2012
f 2012/2012/2012/2012 2013/2013/2013/2013 240/240/240/240
f 325/325/325/325 2014/2014/2014/2014 326/326/326/326
f 325/325/325/325 2015/2015/2015/2015 2014/2014/2014/2014
f 2016/2016/2016/2016 2017/2017/2017/2017 230/230/230/230
f 2016/2016/2016/2016 2018/2018/2018/2018 2017/2017/2017/2017
f 230/230/230/230 2015/2015/2015/2015 325/325/325/325
f 230/230/230/230 2017/2017/2017/2017 2015/2015/2015/2015
f 346/346/346/346 345/345/345/345 382/382/382/382
f 345/345/345/345 381/381/381/381 382/382/382/382
f 806/806/806/806 229/229/229/229 2019/2019/2019/2019
f 229/229/229/229 2011/2011/2011/2011 2019/2019/2019/2019
f 329/329/329/329 240/240/240/240 2013/2013/2013/2013
f 2013/2013/2013/2013 319/319/319/319 329/329/329/329
f 241/241/241/241 328/328/328/328 2012/2012/2012/2012
f 328/328/328/328 318/318/318/318 2012/2012/2012/2012
f 239/239/239/239 324/324/324/324 314/314/314/314
f 314/314/314/314 310/310/310/310 239/239/239/239
f 326/326/326/326 317/317/317/317 327/327/327/327
f 326/326/326/326 2014/2014/2014/2014 317/317/317/317
f 350/350/350/350 344/344/344/344 383/383/383/383
f 383/383/383/383 397/397/397/397 350/350/350/350
f 341/341/341/341 348/348/348/348 385/385/385/385
f 348/348/348/348 384/384/384/384 385/385/385/385
f 827/827/827/827 339/339/339/339 870/870/870/870
f 339/339/339/339 396/396/396/396 870/870/870/870
f 345/345/345/345 338/338/338/338 381/381/381/381
f 338/338/338/338 386/386/386/386 381/381/381/381
f 343/343/343/343 336/336/336/336 388/388/388/388
f 336/336/336/336 387/387/387/387 388/388/388/388
f 336/336/336/336 337/337/337/337 387/387/387/387
f 337/337/337/337 389/389/389/389 387/387/387/387
f 348/348/348/348 2020/2020/2020/2020 384/384/384/384
f 2020/2020/2020/2020 2021/2021/2021/2021 384/384/384/384
f 344/344/344/344 349/349/349/349 390/390/390/390
f 390/390/390/390 383/383/383/383 344/344/344/344
f 351/351/351/351 342/342/342/342 394/394/394/394
f 342/342/342/342 395/395/395/395 394/394/394/394
f 349/349/349/349 340/340/340/340 391/391/391/391
f 391/391/391/391 390/390/390/390 349/349/349/349
f 337/337/337/337 347/347/347/347 392/392/392/392
f 392/392/392/392 389/389/389/389 337/337/337/337
f 340/340/340/340 341/341/341/341 385/385/385/385
f 385/385/385/385 391/391/391/391 340/340/340/340
f 2022/2022/2022/2022 346/346/346/346 2023/2023/2023/2023
f 346/346/346/346 382/382/382/382 2023/2023/2023/2023
f 339/339/339/339 351/351/351/351 396/396/396/396
f 351/351/351/351 394/394/394/394 396/396/396/396
f 342/342/342/342 350/350/350/350 395/395/395/395
f 350/350/350/350 397/397/397/397 395/395/395/395
f 338/338/338/338 334/334/334/334 386/386/386/386
f 334/334/334/334 393/393/393/393 386/386/386/386
f 355/355/355/355 356/356/356/356 339/339/339/339
f 356/356/356/356 351/351/351/351 339/339/339/339
f 846/846/846/846 355/355/355/355 827/827/827/827
f 355/355/355/355 339/339/339/339 827/827/827/827
f 366/366/366/366 2024/2024/2024/2024 348/348/348/348
f 2024/2024/2024/2024 2020/2020/2020/2020 348/348/348/348
f 354/354/354/354 345/345/345/345 363/363/363/363
f 354/354/354/354 338/338/338/338 345/345/345/345
f 359/359/359/359 366/366/366/366 341/341/341/341
f 366/366/366/366 348/348/348/348 341/341/341/341
f 2025/2025/2025/2025 2026/2026/2026/2026 2027/2027/2027/2027
f 2025/2025/2025/2025 2028/2028/2028/2028 2026/2026/2026/2026
f 364/364/364/364 2022/2022/2022/2022 2029/2029/2029/2029
f 364/364/364/364 346/346/346/346 2022/2022/2022/2022
f 361/361/361/361 367/367/367/367 349/349/349/349
f 349/349/349/349 344/344/344/344 361/361/361/361
f 2030/2030/2030/2030 2027/2027/2027/2027 2031/2031/2031/2031
f 2027/2027/2027/2027 2026/2026/2026/2026 2031/2031/2031/2031
f 363/363/363/363 346/346/346/346 364/364/364/364
f 363/363/363/363 345/345/345/345 346/346/346/346
f 2032/2032/2032/2032 2033/2033/2033/2033 2034/2034/2034/2034
f 2034/2034/2034/2034 2035/2035/2035/2035 2032/2032/2032/2032
f 356/356/356/356 362/362/362/362 351/351/351/351
f 362/362/362/362 342/342/342/342 351/351/351/351
f 357/357/357/357 361/361/361/361 344/344/344/344
f 344/344/344/344 350/350/350/350 357/357/357/357
f 357/357/357/357 342/342/342/342 362/362/362/362
f 357/357/357/357 350/350/350/350 342/342/342/342
f 358/358/358/358 359/359/359/359 341/341/341/341
f 341/341/341/341 340/340/340/340 358/358/358/358
f 367/367/367/367 358/358/358/358 340/340/340/340
f 340/340/340/340 349/349/349/349 367/367/367/367
f 368/368/368/368 338/338/338/338 354/354/354/354
f 368/368/368/368 334/334/334/334 338/338/338/338
f 369/369/369/369 370/370/370/370 335/335/335/335
f 369/369/369/369 335/335/335/335 413/413/413/413
f 245/245/245/245 378/378/378/378 398/398/398/398
f 398/398/398/398 368/368/368/368 354/354/354/354
f 398/398/398/398 354/354/354/354 245/245/245/245
f 374/374/374/374 2036/2036/2036/2036 366/366/366/366
f 2036/2036/2036/2036 2024/2024/2024/2024 366/366/366/366
f 379/379/379/379 380/380/380/380 400/400/400/400
f 400/400/400/400 399/399/399/399 379/379/379/379
f 2037/2037/2037/2037 372/372/372/372 2029/2029/2029/2029
f 372/372/372/372 364/364/364/364 2029/2029/2029/2029
f 372/372/372/372 371/371/371/371 364/364/364/364
f 371/371/371/371 363/363/363/363 364/364/364/364
f 380/380/380/380 244/244/244/244 401/401/401/401
f 401/401/401/401 400/400/400/400 380/380/380/380
f 376/376/376/376 233/233/233/233 361/361/361/361
f 361/361/361/361 357/357/357/357 376/376/376/376
f 2038/2038/2038/2038 379/379/379/379 2039/2039/2039/2039
f 379/379/379/379 399/399/399/399 2039/2039/2039/2039
f 375/375/375/375 234/234/234/234 358/358/358/358
f 358/358/358/358 367/367/367/367 375/375/375/375
f 855/855/855/855 247/247/247/247 846/846/846/846
f 247/247/247/247 355/355/355/355 846/846/846/846
f 247/247/247/247 377/377/377/377 355/355/355/355
f 377/377/377/377 356/356/356/356 355/355/355/355
f 371/371/371/371 245/245/245/245 363/363/363/363
f 245/245/245/245 354/354/354/354 363/363/363/363
f 243/243/243/243 2040/2040/2040/2040 352/352/352/352
f 2040/2040/2040/2040 2041/2041/2041/2041 352/352/352/352
f 404/404/404/404 412/412/412/412 322/322/322/322
f 333/333/333/333 404/404/404/404 321/321/321/321
f 404/404/404/404 322/322/322/322 321/321/321/321
f 335/335/335/335 370/370/370/370 332/332/332/332
f 413/413/413/413 2042/2042/2042/2042 369/369/369/369
f 2042/2042/2042/2042 413/413/413/413 2043/2043/2043/2043
f 2044/2044/2044/2044 230/230/230/230 2045/2045/2045/2045
f 2044/2044/2044/2044 2016/2016/2016/2016 230/230/230/230
f 2046/2046/2046/2046 2047/2047/2047/2047 2048/2048/2048/2048
f 2047/2047/2047/2047 2049/2049/2049/2049 2048/2048/2048/2048
f 2050/2050/2050/2050 2051/2051/2051/2051 2052/2052/2052/2052
f 2051/2051/2051/2051 2053/2053/2053/2053 2052/2052/2052/2052
f 2054/2054/2054/2054 2055/2055/2055/2055 327/327/327/327
f 2055/2055/2055/2055 326/326/326/326 327/327/327/327
f 2056/2056/2056/2056 2057/2057/2057/2057 2058/2058/2058/2058
f 2058/2058/2058/2058 2059/2059/2059/2059 2056/2056/2056/2056
f 2060/2060/2060/2060 2054/2054/2054/2054 327/327/327/327
f 327/327/327/327 228/228/228/228 2060/2060/2060/2060
f 2061/2061/2061/2061 2056/2056/2056/2056 2059/2059/2059/2059
f 2059/2059/2059/2059 2062/2062/2062/2062 2061/2061/2061/2061
f 2051/2051/2051/2051 2046/2046/2046/2046 2053/2053/2053/2053
f 2046/2046/2046/2046 2048/2048/2048/2048 2053/2053/2053/2053
f 2063/2063/2063/2063 2061/2061/2061/2061 2062/2062/2062/2062
f 2062/2062/2062/2062 2064/2064/2064/2064 2063/2063/2063/2063
f 2065/2065/2065/2065 2066/2066/2066/2066 2067/2067/2067/2067
f 2066/2066/2066/2066 2068/2068/2068/2068 2067/2067/2067/2067
f 2069/2069/2069/2069 2060/2060/2060/2060 227/227/227/227
f 2060/2060/2060/2060 228/228/228/228 227/227/227/227
f 2070/2070/2070/2070 2069/2069/2069/2069 323/323/323/323
f 2069/2069/2069/2069 227/227/227/227 323/323/323/323
f 2071/2071/2071/2071 2045/2045/2045/2045 325/325/325/325
f 2045/2045/2045/2045 230/230/230/230 325/325/325/325
f 2072/2072/2072/2072 2050/2050/2050/2050 2073/2073/2073/2073
f 2050/2050/2050/2050 2052/2052/2052/2052 2073/2073/2073/2073
f 2074/2074/2074/2074 2065/2065/2065/2065 2075/2075/2075/2075
f 2065/2065/2065/2065 2067/2067/2067/2067 2075/2075/2075/2075
f 2047/2047/2047/2047 2063/2063/2063/2063 2064/2064/2064/2064
f 2064/2064/2064/2064 2049/2049/2049/2049 2047/2047/2047/2047
f 2071/2071/2071/2071 326/326/326/326 2055/2055/2055/2055
f 2071/2071/2071/2071 325/325/325/325 326/326/326/326
f 2076/2076/2076/2076 2077/2077/2077/2077 2078/2078/2078/2078
f 2078/2078/2078/2078 2079/2079/2079/2079 2076/2076/2076/2076
f 2080/2080/2080/2080 2076/2076/2076/2076 2079/2079/2079/2079
f 2079/2079/2079/2079 2081/2081/2081/2081 2080/2080/2080/2080
f 2082/2082/2082/2082 2080/2080/2080/2080 2083/2083/2083/2083
f 2080/2080/2080/2080 2081/2081/2081/2081 2083/2083/2083/2083
f 2084/2084/2084/2084 408/408/408/408 2085/2085/2085/2085
f 408/408/408/408 409/409/409/409 2085/2085/2085/2085
f 894/894/894/894 406/406/406/406 407/407/407/407
f 407/407/407/407 893/893/893/893 894/894/894/894
f 2086/2086/2086/2086 2087/2087/2087/2087 405/405/405/405
f 405/405/405/405 895/895/895/895 2086/2086/2086/2086
f 2087/2087/2087/2087 3122/3122/3122/3122 3123/3123/3123/3123
f 3123/3123/3123/3123 405/405/405/405 2087/2087/2087/2087
f 411/411/411/411 903/903/903/903 410/410/410/410
f 903/903/903/903 901/901/901/901 410/410/410/410
f 2088/2088/2088/2088 2089/2089/2089/2089 2090/2090/2090/2090
f 2089/2089/2089/2089 2091/2091/2091/2091 2090/2090/2090/2090
f 2092/2092/2092/2092 2093/2093/2093/2093 2094/2094/2094/2094
f 2094/2094/2094/2094 3124/3124/3124/3124 2092/2092/2092/2092
f 2095/2095/2095/2095 2096/2096/2096/2096 2097/2097/2097/2097
f 2097/2097/2097/2097 2096/2096/2096/2096 2098/2098/2098/2098
f 2099/2099/2099/2099 2086/2086/2086/2086 895/895/895/895
f 895/895/895/895 890/890/890/890 2099/2099/2099/2099
f 2100/2100/2100/2100 414/414/414/414 3125/3125/3125/3125
f 3125/3125/3125/3125 3126/3126/3126/3126 2100/2100/2100/2100
f 907/907/907/907 414/414/414/414 2101/2101/2101/2101
f 414/414/414/414 2100/2100/2100/2100 2101/2101/2101/2101
f 2102/2102/2102/2102 908/908/908/908 907/907/907/907
f 907/907/907/907 2101/2101/2101/2101 2102/2102/2102/2102
f 2103/2103/2103/2103 909/909/909/909 2104/2104/2104/2104
f 2104/2104/2104/2104 2105/2105/2105/2105 2103/2103/2103/2103
f 415/415/415/415 419/419/419/419 2106/2106/2106/2106
f 2106/2106/2106/2106 2107/2107/2107/2107 415/415/415/415
f 417/417/417/417 416/416/416/416 2108/2108/2108/2108
f 2108/2108/2108/2108 2109/2109/2109/2109 417/417/417/417
f 416/416/416/416 415/415/415/415 2107/2107/2107/2107
f 2107/2107/2107/2107 2108/2108/2108/2108 416/416/416/416
f 418/418/418/418 417/417/417/417 2109/2109/2109/2109
f 2109/2109/2109/2109 2110/2110/2110/2110 418/418/418/418
f 2111/2111/2111/2111 421/421/421/421 420/420/420/420
f 420/420/420/420 2112/2112/2112/2112 2111/2111/2111/2111
f 2113/2113/2113/2113 422/422/422/422 2114/2114/2114/2114
f 2114/2114/2114/2114 2115/2115/2115/2115 2113/2113/2113/2113
f 2116/2116/2116/2116 423/423/423/423 2117/2117/2117/2117
f 2117/2117/2117/2117 2118/2118/2118/2118 2116/2116/2116/2116
f 2119/2119/2119/2119 2120/2120/2120/2120 2121/2121/2121/2121
f 2120/2120/2120/2120 424/424/424/424 2121/2121/2121/2121
f 2122/2122/2122/2122 2123/2123/2123/2123 2124/2124/2124/2124
f 2124/2124/2124/2124 428/428/428/428 2122/2122/2122/2122
f 429/429/429/429 2125/2125/2125/2125 2126/2126/2126/2126
f 2125/2125/2125/2125 429/429/429/429 2127/2127/2127/2127
f 2128/2128/2128/2128 2129/2129/2129/2129 2130/2130/2130/2130
f 2131/2131/2131/2131 2132/2132/2132/2132 2133/2133/2133/2133
f 2134/2134/2134/2134 2135/2135/2135/2135 2129/2129/2129/2129
f 2133/2133/2133/2133 2136/2136/2136/2136 2131/2131/2131/2131
f 2131/2131/2131/2131 2137/2137/2137/2137 2132/2132/2132/2132
f 2137/2137/2137/2137 2131/2131/2131/2131 2138/2138/2138/2138
f 2139/2139/2139/2139 2140/2140/2140/2140 2137/2137/2137/2137
f 2138/2138/2138/2138 2139/2139/2139/2139 2137/2137/2137/2137
f 2141/2141/2141/2141 2136/2136/2136/2136 2128/2128/2128/2128
f 2130/2130/2130/2130 2141/2141/2141/2141 2128/2128/2128/2128
f 2129/2129/2129/2129 2128/2128/2128/2128 2142/2142/2142/2142
f 2143/2143/2143/2143 2135/2135/2135/2135 2134/2134/2134/2134
f 2144/2144/2144/2144 2143/2143/2143/2143 2134/2134/2134/2134
f 2145/2145/2145/2145 2144/2144/2144/2144 2134/2134/2134/2134
f 2146/2146/2146/2146 2145/2145/2145/2145 2147/2147/2147/2147
f 2147/2147/2147/2147 2148/2148/2148/2148 2146/2146/2146/2146
f 2147/2147/2147/2147 2149/2149/2149/2149 2148/2148/2148/2148
f 2134/2134/2134/2134 2147/2147/2147/2147 2145/2145/2145/2145
f 2142/2142/2142/2142 2134/2134/2134/2134 2129/2129/2129/2129
f 2133/2133/2133/2133 2128/2128/2128/2128 2136/2136/2136/2136
f 2150/2150/2150/2150 2151/2151/2151/2151 427/427/427/427
f 3127/3127/3127/3127 2152/2152/2152/2152 3128/3128/3128/3128
f 426/426/426/426 2153/2153/2153/2153 2150/2150/2150/2150
f 3127/3127/3127/3127 425/425/425/425 2152/2152/2152/2152
f 426/426/426/426 425/425/425/425 3127/3127/3127/3127
f 2150/2150/2150/2150 427/427/427/427 426/426/426/426
f 2151/2151/2151/2151 2154/2154/2154/2154 427/427/427/427
f 3127/3127/3127/3127 2153/2153/2153/2153 426/426/426/426
f 2155/2155/2155/2155 2156/2156/2156/2156 3129/3129/3129/3129
f 2156/2156/2156/2156 3130/3130/3130/3130 3129/3129/3129/3129
f 2157/2157/2157/2157 2158/2158/2158/2158 3131/3131/3131/3131
f 3131/3131/3131/3131 3132/3132/3132/3132 2157/2157/2157/2157
f 2159/2159/2159/2159 2160/2160/2160/2160 2161/2161/2161/2161
f 2159/2159/2159/2159 2162/2162/2162/2162 2160/2160/2160/2160
f 2163/2163/2163/2163 2164/2164/2164/2164 433/433/433/433
f 433/433/433/433 434/434/434/434 2163/2163/2163/2163
f 2165/2165/2165/2165 2166/2166/2166/2166 436/436/436/436
f 436/436/436/436 3133/3133/3133/3133 2165/2165/2165/2165
f 2167/2167/2167/2167 2165/2165/2165/2165 3134/3134/3134/3134
f 2165/2165/2165/2165 3133/3133/3133/3133 3134/3134/3134/3134
f 2158/2158/2158/2158 2168/2168/2168/2168 3131/3131/3131/3131
f 2168/2168/2168/2168 3135/3135/3135/3135 3131/3131/3131/3131
f 2169/2169/2169/2169 2170/2170/2170/2170 2171/2171/2171/2171
f 2171/2171/2171/2171 2172/2172/2172/2172 2169/2169/2169/2169
f 2168/2168/2168/2168 2173/2173/2173/2173 3135/3135/3135/3135
f 2173/2173/2173/2173 3136/3136/3136/3136 3135/3135/3135/3135
f 2174/2174/2174/2174 2175/2175/2175/2175 437/437/437/437
f 2175/2175/2175/2175 435/435/435/435 437/437/437/437
f 2176/2176/2176/2176 2177/2177/2177/2177 2178/2178/2178/2178
f 2178/2178/2178/2178 2179/2179/2179/2179 2176/2176/2176/2176
f 2170/2170/2170/2170 2161/2161/2161/2161 2171/2171/2171/2171
f 2161/2161/2161/2161 2160/2160/2160/2160 2171/2171/2171/2171
f 2164/2164/2164/2164 2174/2174/2174/2174 433/433/433/433
f 2174/2174/2174/2174 437/437/437/437 433/433/433/433
f 2177/2177/2177/2177 2169/2169/2169/2169 2178/2178/2178/2178
f 2169/2169/2169/2169 2172/2172/2172/2172 2178/2178/2178/2178
f 2180/2180/2180/2180 2176/2176/2176/2176 2181/2181/2181/2181
f 2176/2176/2176/2176 2179/2179/2179/2179 2181/2181/2181/2181
f 2166/2166/2166/2166 2182/2182/2182/2182 438/438/438/438
f 438/438/438/438 436/436/436/436 2166/2166/2166/2166
f 2156/2156/2156/2156 2183/2183/2183/2183 3130/3130/3130/3130
f 2183/2183/2183/2183 3137/3137/3137/3137 3130/3130/3130/3130
f 2182/2182/2182/2182 2163/2163/2163/2163 434/434/434/434
f 434/434/434/434 438/438/438/438 2182/2182/2182/2182
f 2184/2184/2184/2184 2180/2180/2180/2180 2185/2185/2185/2185
f 2180/2180/2180/2180 2181/2181/2181/2181 2185/2185/2185/2185
f 2183/2183/2183/2183 2167/2167/2167/2167 3137/3137/3137/3137
f 2167/2167/2167/2167 3134/3134/3134/3134 3137/3137/3137/3137
f 479/479/479/479 3138/3138/3138/3138 455/455/455/455
f 3138/3138/3138/3138 3139/3139/3139/3139 455/455/455/455
f 497/497/497/497 496/496/496/496 515/515/515/515
f 496/496/496/496 514/514/514/514 515/515/515/515
f 2186/2186/2186/2186 480/480/480/480 2187/2187/2187/2187
f 480/480/480/480 467/467/467/467 2187/2187/2187/2187
f 500/500/500/500 511/511/511/511 531/531/531/531
f 531/531/531/531 520/520/520/520 500/500/500/500
f 481/481/481/481 483/483/483/483 2188/2188/2188/2188
f 2188/2188/2188/2188 466/466/466/466 481/481/481/481
f 564/564/564/564 559/559/559/559 469/469/469/469
f 559/559/559/559 587/587/587/587 469/469/469/469
f 566/566/566/566 567/567/567/567 457/457/457/457
f 567/567/567/567 579/579/579/579 457/457/457/457
f 565/565/565/565 566/566/566/566 458/458/458/458
f 566/566/566/566 457/457/457/457 458/458/458/458
f 627/627/627/627 620/620/620/620 463/463/463/463
f 463/463/463/463 636/636/636/636 627/627/627/627
f 618/618/618/618 617/617/617/617 464/464/464/464
f 464/464/464/464 465/465/465/465 618/618/618/618
f 621/621/621/621 615/615/615/615 462/462/462/462
f 615/615/615/615 638/638/638/638 462/462/462/462
f 611/611/611/611 619/619/619/619 473/473/473/473
f 619/619/619/619 472/472/472/472 473/473/473/473
f 626/626/626/626 618/618/618/618 635/635/635/635
f 618/618/618/618 465/465/465/465 635/635/635/635
f 625/625/625/625 612/612/612/612 476/476/476/476
f 476/476/476/476 634/634/634/634 625/625/625/625
f 616/616/616/616 621/621/621/621 637/637/637/637
f 621/621/621/621 462/462/462/462 637/637/637/637
f 574/574/574/574 568/568/568/568 580/580/580/580
f 580/580/580/580 586/586/586/586 574/574/574/574
f 2189/2189/2189/2189 573/573/573/573 2190/2190/2190/2190
f 573/573/573/573 585/585/585/585 2190/2190/2190/2190
f 572/572/572/572 565/565/565/565 458/458/458/458
f 458/458/458/458 584/584/584/584 572/572/572/572
f 487/487/487/487 494/494/494/494 512/512/512/512
f 512/512/512/512 504/504/504/504 487/487/487/487
f 575/575/575/575 588/588/588/588 590/590/590/590
f 590/590/590/590 576/576/576/576 575/575/575/575
f 494/494/494/494 482/482/482/482 512/512/512/512
f 482/482/482/482 505/505/505/505 512/512/512/512
f 498/498/498/498 497/497/497/497 516/516/516/516
f 497/497/497/497 515/515/515/515 516/516/516/516
f 488/488/488/488 490/490/490/490 508/508/508/508
f 508/508/508/508 506/506/506/506 488/488/488/488
f 499/499/499/499 498/498/498/498 517/517/517/517
f 498/498/498/498 516/516/516/516 517/517/517/517
f 486/486/486/486 492/492/492/492 503/503/503/503
f 492/492/492/492 510/510/510/510 503/503/503/503
f 491/491/491/491 484/484/484/484 501/501/501/501
f 501/501/501/501 509/509/509/509 491/491/491/491
f 480/480/480/480 488/488/488/488 467/467/467/467
f 488/488/488/488 506/506/506/506 467/467/467/467
f 492/492/492/492 481/481/481/481 510/510/510/510
f 481/481/481/481 466/466/466/466 510/510/510/510
f 490/490/490/490 491/491/491/491 509/509/509/509
f 509/509/509/509 508/508/508/508 490/490/490/490
f 484/484/484/484 485/485/485/485 502/502/502/502
f 502/502/502/502 501/501/501/501 484/484/484/484
f 493/493/493/493 487/487/487/487 504/504/504/504
f 504/504/504/504 2191/2191/2191/2191 493/493/493/493
f 495/495/495/495 479/479/479/479 513/513/513/513
f 479/479/479/479 455/455/455/455 513/513/513/513
f 483/483/483/483 493/493/493/493 2191/2191/2191/2191
f 2191/2191/2191/2191 2188/2188/2188/2188 483/483/483/483
f 485/485/485/485 2192/2192/2192/2192 502/502/502/502
f 2192/2192/2192/2192 2193/2193/2193/2193 502/502/502/502
f 482/482/482/482 495/495/495/495 505/505/505/505
f 495/495/495/495 513/513/513/513 505/505/505/505
f 2194/2194/2194/2194 2195/2195/2195/2195 525/525/525/525
f 2195/2195/2195/2195 532/532/532/532 525/525/525/525
f 2196/2196/2196/2196 2197/2197/2197/2197 522/522/522/522
f 2197/2197/2197/2197 523/523/523/523 522/522/522/522
f 2198/2198/2198/2198 500/500/500/500 520/520/520/520
f 520/520/520/520 518/518/518/518 2198/2198/2198/2198
f 2199/2199/2199/2199 2200/2200/2200/2200 533/533/533/533
f 2200/2200/2200/2200 519/519/519/519 533/533/533/533
f 2195/2195/2195/2195 2201/2201/2201/2201 532/532/532/532
f 2201/2201/2201/2201 468/468/468/468 532/532/532/532
f 519/519/519/519 2200/2200/2200/2200 2202/2202/2202/2202
f 2202/2202/2202/2202 526/526/526/526 519/519/519/519
f 534/534/534/534 2203/2203/2203/2203 2204/2204/2204/2204
f 2204/2204/2204/2204 2205/2205/2205/2205 534/534/534/534
f 2202/2202/2202/2202 2206/2206/2206/2206 528/528/528/528
f 528/528/528/528 526/526/526/526 2202/2202/2202/2202
f 2201/2201/2201/2201 3140/3140/3140/3140 468/468/468/468
f 3140/3140/3140/3140 3141/3141/3141/3141 468/468/468/468
f 2207/2207/2207/2207 2203/2203/2203/2203 535/535/535/535
f 2203/2203/2203/2203 534/534/534/534 535/535/535/535
f 2208/2208/2208/2208 2209/2209/2209/2209 521/521/521/521
f 521/521/521/521 529/529/529/529 2208/2208/2208/2208
f 2210/2210/2210/2210 2207/2207/2207/2207 536/536/536/536
f 2207/2207/2207/2207 535/535/535/535 536/536/536/536
f 2211/2211/2211/2211 2194/2194/2194/2194 456/456/456/456
f 2194/2194/2194/2194 525/525/525/525 456/456/456/456
f 2212/2212/2212/2212 2198/2198/2198/2198 530/530/530/530
f 2198/2198/2198/2198 518/518/518/518 530/530/530/530
f 2213/2213/2213/2213 2212/2212/2212/2212 2214/2214/2214/2214
f 2212/2212/2212/2212 530/530/530/530 2214/2214/2214/2214
f 2206/2206/2206/2206 2208/2208/2208/2208 528/528/528/528
f 2208/2208/2208/2208 529/529/529/529 528/528/528/528
f 2215/2215/2215/2215 2211/2211/2211/2211 456/456/456/456
f 456/456/456/456 524/524/524/524 2215/2215/2215/2215
f 2209/2209/2209/2209 2196/2196/2196/2196 521/521/521/521
f 2196/2196/2196/2196 522/522/522/522 521/521/521/521
f 511/511/511/511 2215/2215/2215/2215 524/524/524/524
f 524/524/524/524 531/531/531/531 511/511/511/511
f 554/554/554/554 533/533/533/533 519/519/519/519
f 519/519/519/519 541/541/541/541 554/554/554/554
f 2216/2216/2216/2216 2217/2217/2217/2217 537/537/537/537
f 2217/2217/2217/2217 539/539/539/539 537/537/537/537
f 2218/2218/2218/2218 2219/2219/2219/2219 555/555/555/555
f 2219/2219/2219/2219 2220/2220/2220/2220 555/555/555/555
f 2221/2221/2221/2221 2218/2218/2218/2218 556/556/556/556
f 2218/2218/2218/2218 555/555/555/555 556/556/556/556
f 529/529/529/529 521/521/521/521 543/543/543/543
f 543/543/543/543 550/550/550/550 529/529/529/529
f 519/519/519/519 526/526/526/526 541/541/541/541
f 526/526/526/526 547/547/547/547 541/541/541/541
f 2222/2222/2222/2222 2221/2221/2221/2221 557/557/557/557
f 2221/2221/2221/2221 556/556/556/556 557/557/557/557
f 2223/2223/2223/2223 3142/3142/3142/3142 538/538/538/538
f 3142/3142/3142/3142 3143/3143/3143/3143 538/538/538/538
f 2224/2224/2224/2224 2216/2216/2216/2216 537/537/537/537
f 537/537/537/537 546/546/546/546 2224/2224/2224/2224
f 2225/2225/2225/2225 2226/2226/2226/2226 551/551/551/551
f 2226/2226/2226/2226 540/540/540/540 551/551/551/551
f 2227/2227/2227/2227 2225/2225/2225/2225 545/545/545/545
f 2225/2225/2225/2225 551/551/551/551 545/545/545/545
f 528/528/528/528 529/529/529/529 549/549/549/549
f 529/529/529/529 550/550/550/550 549/549/549/549
f 543/543/543/543 521/521/521/521 522/522/522/522
f 522/522/522/522 544/544/544/544 543/543/543/543
f 2228/2228/2228/2228 2224/2224/2224/2224 546/546/546/546
f 546/546/546/546 552/552/552/552 2228/2228/2228/2228
f 522/522/522/522 523/523/523/523 544/544/544/544
f 523/523/523/523 2229/2229/2229/2229 544/544/544/544
f 2217/2217/2217/2217 2230/2230/2230/2230 539/539/539/539
f 2230/2230/2230/2230 553/553/553/553 539/539/539/539
f 2230/2230/2230/2230 2223/2223/2223/2223 553/553/553/553
f 2223/2223/2223/2223 538/538/538/538 553/553/553/553
f 2226/2226/2226/2226 2231/2231/2231/2231 542/542/542/542
f 542/542/542/542 540/540/540/540 2226/2226/2226/2226
f 2231/2231/2231/2231 2228/2228/2228/2228 552/552/552/552
f 552/552/552/552 542/542/542/542 2231/2231/2231/2231
f 526/526/526/526 528/528/528/528 549/549/549/549
f 549/549/549/549 547/547/547/547 526/526/526/526
f 2232/2232/2232/2232 2233/2233/2233/2233 2234/2234/2234/2234
f 2233/2233/2233/2233 2235/2235/2235/2235 2234/2234/2234/2234
f 2236/2236/2236/2236 2237/2237/2237/2237 2238/2238/2238/2238
f 2237/2237/2237/2237 558/558/558/558 2238/2238/2238/2238
f 2237/2237/2237/2237 2239/2239/2239/2239 558/558/558/558
f 2239/2239/2239/2239 562/562/562/562 558/558/558/558
f 2240/2240/2240/2240 2241/2241/2241/2241 563/563/563/563
f 563/563/563/563 560/560/560/560 2240/2240/2240/2240
f 2242/2242/2242/2242 2243/2243/2243/2243 569/569/569/569
f 2243/2243/2243/2243 571/571/571/571 569/569/569/569
f 2244/2244/2244/2244 2245/2245/2245/2245 2246/2246/2246/2246
f 2245/2245/2245/2245 561/561/561/561 2246/2246/2246/2246
f 2247/2247/2247/2247 2248/2248/2248/2248 576/576/576/576
f 2248/2248/2248/2248 575/575/575/575 576/576/576/576
f 2249/2249/2249/2249 2247/2247/2247/2247 577/577/577/577
f 2247/2247/2247/2247 576/576/576/576 577/577/577/577
f 2245/2245/2245/2245 2242/2242/2242/2242 561/561/561/561
f 2242/2242/2242/2242 569/569/569/569 561/561/561/561
f 578/578/578/578 2250/2250/2250/2250 2249/2249/2249/2249
f 2249/2249/2249/2249 577/577/577/577 578/578/578/578
f 2239/2239/2239/2239 3144/3144/3144/3144 562/562/562/562
f 3144/3144/3144/3144 3145/3145/3145/3145 562/562/562/562
f 2241/2241/2241/2241 2251/2251/2251/2251 2252/2252/2252/2252
f 2252/2252/2252/2252 563/563/563/563 2241/2241/2241/2241
f 2253/2253/2253/2253 2240/2240/2240/2240 2254/2254/2254/2254
f 2240/2240/2240/2240 560/560/560/560 2254/2254/2254/2254
f 2255/2255/2255/2255 2256/2256/2256/2256 2257/2257/2257/2257
f 2257/2257/2257/2257 2258/2258/2258/2258 2255/2255/2255/2255
f 2243/2243/2243/2243 2259/2259/2259/2259 571/571/571/571
f 2259/2259/2259/2259 2260/2260/2260/2260 571/571/571/571
f 2261/2261/2261/2261 2253/2253/2253/2253 2262/2262/2262/2262
f 2253/2253/2253/2253 2254/2254/2254/2254 2262/2262/2262/2262
f 2263/2263/2263/2263 2232/2232/2232/2232 2264/2264/2264/2264
f 2232/2232/2232/2232 2234/2234/2234/2234 2264/2264/2264/2264
f 2251/2251/2251/2251 2255/2255/2255/2255 2258/2258/2258/2258
f 2258/2258/2258/2258 2252/2252/2252/2252 2251/2251/2251/2251
f 2256/2256/2256/2256 2236/2236/2236/2236 2257/2257/2257/2257
f 2236/2236/2236/2236 2238/2238/2238/2238 2257/2257/2257/2257
f 2259/2259/2259/2259 2263/2263/2263/2263 2264/2264/2264/2264
f 2264/2264/2264/2264 2260/2260/2260/2260 2259/2259/2259/2259
f 559/559/559/559 2265/2265/2265/2265 587/587/587/587
f 2265/2265/2265/2265 461/461/461/461 587/587/587/587
f 2265/2265/2265/2265 2266/2266/2266/2266 461/461/461/461
f 2266/2266/2266/2266 459/459/459/459 461/461/461/461
f 2267/2267/2267/2267 2268/2268/2268/2268 470/470/470/470
f 470/470/470/470 471/471/471/471 2267/2267/2267/2267
f 2269/2269/2269/2269 2270/2270/2270/2270 581/581/581/581
f 2270/2270/2270/2270 583/583/583/583 581/581/581/581
f 2271/2271/2271/2271 2272/2272/2272/2272 2273/2273/2273/2273
f 2271/2271/2271/2271 460/460/460/460 2272/2272/2272/2272
f 2271/2271/2271/2271 2269/2269/2269/2269 460/460/460/460
f 2269/2269/2269/2269 581/581/581/581 460/460/460/460
f 642/642/642/642 643/643/643/643 603/603/603/603
f 643/643/643/643 605/605/605/605 603/603/603/603
f 2266/2266/2266/2266 3146/3146/3146/3146 459/459/459/459
f 3146/3146/3146/3146 3147/3147/3147/3147 459/459/459/459
f 2268/2268/2268/2268 574/574/574/574 586/586/586/586
f 586/586/586/586 470/470/470/470 2268/2268/2268/2268
f 573/573/573/573 2267/2267/2267/2267 585/585/585/585
f 2267/2267/2267/2267 471/471/471/471 585/585/585/585
f 568/568/568/568 564/564/564/564 469/469/469/469
f 469/469/469/469 580/580/580/580 568/568/568/568
f 2270/2270/2270/2270 572/572/572/572 583/583/583/583
f 572/572/572/572 584/584/584/584 583/583/583/583
f 644/644/644/644 659/659/659/659 609/609/609/609
f 609/609/609/609 602/602/602/602 644/644/644/644
f 645/645/645/645 646/646/646/646 607/607/607/607
f 646/646/646/646 599/599/599/599 607/607/607/607
f 658/658/658/658 3148/3148/3148/3148 597/597/597/597
f 3148/3148/3148/3148 3149/3149/3149/3149 597/597/597/597
f 648/648/648/648 642/642/642/642 596/596/596/596
f 642/642/642/642 603/603/603/603 596/596/596/596
f 649/649/649/649 650/650/650/650 594/594/594/594
f 650/650/650/650 601/601/601/601 594/594/594/594
f 651/651/651/651 649/649/649/649 595/595/595/595
f 649/649/649/649 594/594/594/594 595/595/595/595
f 2274/2274/2274/2274 645/645/645/645 2275/2275/2275/2275
f 645/645/645/645 607/607/607/607 2275/2275/2275/2275
f 652/652/652/652 644/644/644/644 602/602/602/602
f 602/602/602/602 608/608/608/608 652/652/652/652
f 657/657/657/657 656/656/656/656 600/600/600/600
f 656/656/656/656 610/610/610/610 600/600/600/600
f 653/653/653/653 652/652/652/652 608/608/608/608
f 608/608/608/608 598/598/598/598 653/653/653/653
f 654/654/654/654 651/651/651/651 595/595/595/595
f 595/595/595/595 606/606/606/606 654/654/654/654
f 646/646/646/646 653/653/653/653 598/598/598/598
f 598/598/598/598 599/599/599/599 646/646/646/646
f 605/605/605/605 643/643/643/643 2276/2276/2276/2276
f 2276/2276/2276/2276 2277/2277/2277/2277 605/605/605/605
f 610/610/610/610 656/656/656/656 658/658/658/658
f 658/658/658/658 597/597/597/597 610/610/610/610
f 659/659/659/659 657/657/657/657 609/609/609/609
f 657/657/657/657 600/600/600/600 609/609/609/609
f 655/655/655/655 648/648/648/648 673/673/673/673
f 648/648/648/648 596/596/596/596 673/673/673/673
f 615/615/615/615 610/610/610/610 597/597/597/597
f 597/597/597/597 614/614/614/614 615/615/615/615
f 597/597/597/597 3149/3149/3149/3149 614/614/614/614
f 3149/3149/3149/3149 3150/3150/3150/3150 614/614/614/614
f 2275/2275/2275/2275 607/607/607/607 2278/2278/2278/2278
f 607/607/607/607 626/626/626/626 2278/2278/2278/2278
f 2279/2279/2279/2279 2280/2280/2280/2280 613/613/613/613
f 2280/2280/2280/2280 622/622/622/622 613/613/613/613
f 607/607/607/607 599/599/599/599 626/626/626/626
f 599/599/599/599 618/618/618/618 626/626/626/626
f 2281/2281/2281/2281 2282/2282/2282/2282 2283/2283/2283/2283
f 2282/2282/2282/2282 2284/2284/2284/2284 2283/2283/2283/2283
f 2285/2285/2285/2285 2286/2286/2286/2286 624/624/624/624
f 2286/2286/2286/2286 2287/2287/2287/2287 624/624/624/624
f 608/608/608/608 602/602/602/602 620/620/620/620
f 620/620/620/620 627/627/627/627 608/608/608/608
f 2282/2282/2282/2282 2288/2288/2288/2288 2284/2284/2284/2284
f 2288/2288/2288/2288 2289/2289/2289/2289 2284/2284/2284/2284
f 2280/2280/2280/2280 2285/2285/2285/2285 622/622/622/622
f 2285/2285/2285/2285 624/624/624/624 622/622/622/622
f 2290/2290/2290/2290 2291/2291/2291/2291 2292/2292/2292/2292
f 2292/2292/2292/2292 2293/2293/2293/2293 2290/2290/2290/2290
f 600/600/600/600 610/610/610/610 621/621/621/621
f 610/610/610/610 615/615/615/615 621/621/621/621
f 602/602/602/602 609/609/609/609 616/616/616/616
f 616/616/616/616 620/620/620/620 602/602/602/602
f 609/609/609/609 600/600/600/600 616/616/616/616
f 600/600/600/600 621/621/621/621 616/616/616/616
f 599/599/599/599 598/598/598/598 617/617/617/617
f 617/617/617/617 618/618/618/618 599/599/599/599
f 598/598/598/598 608/608/608/608 627/627/627/627
f 627/627/627/627 617/617/617/617 598/598/598/598
f 2279/2279/2279/2279 628/628/628/628 2294/2294/2294/2294
f 2279/2279/2279/2279 613/613/613/613 628/628/628/628
f 629/629/629/629 593/593/593/593 592/592/592/592
f 593/593/593/593 629/629/629/629 630/630/630/630
f 628/628/628/628 613/613/613/613 660/660/660/660
f 475/475/475/475 639/639/639/639 660/660/660/660
f 660/660/660/660 613/613/613/613 475/475/475/475
f 2278/2278/2278/2278 626/626/626/626 2295/2295/2295/2295
f 626/626/626/626 635/635/635/635 2295/2295/2295/2295
f 640/640/640/640 662/662/662/662 661/661/661/661
f 662/662/662/662 640/640/640/640 641/641/641/641
f 633/633/633/633 624/624/624/624 2287/2287/2287/2287
f 2287/2287/2287/2287 2296/2296/2296/2296 633/633/633/633
f 631/631/631/631 622/622/622/622 624/624/624/624
f 624/624/624/624 633/633/633/633 631/631/631/631
f 662/662/662/662 641/641/641/641 663/663/663/663
f 663/663/663/663 641/641/641/641 474/474/474/474
f 620/620/620/620 616/616/616/616 637/637/637/637
f 637/637/637/637 463/463/463/463 620/620/620/620
f 661/661/661/661 2297/2297/2297/2297 640/640/640/640
f 2297/2297/2297/2297 2298/2298/2298/2298 640/640/640/640
f 617/617/617/617 627/627/627/627 636/636/636/636
f 636/636/636/636 464/464/464/464 617/617/617/617
f 614/614/614/614 3150/3150/3150/3150 477/477/477/477
f 3150/3150/3150/3150 3151/3151/3151/3151 477/477/477/477
f 615/615/615/615 614/614/614/614 638/638/638/638
f 614/614/614/614 477/477/477/477 638/638/638/638
f 613/613/613/613 622/622/622/622 475/475/475/475
f 622/622/622/622 631/631/631/631 475/475/475/475
f 2299/2299/2299/2299 611/611/611/611 2300/2300/2300/2300
f 611/611/611/611 473/473/473/473 2300/2300/2300/2300
f 591/591/591/591 578/578/578/578 577/577/577/577
f 577/577/577/577 576/576/576/576 591/591/591/591
f 590/590/590/590 591/591/591/591 576/576/576/576
f 593/593/593/593 630/630/630/630 589/589/589/589
f 2301/2301/2301/2301 592/592/592/592 2302/2302/2302/2302
f 2301/2301/2301/2301 629/629/629/629 592/592/592/592
f 2272/2272/2272/2272 460/460/460/460 2303/2303/2303/2303
f 460/460/460/460 2304/2304/2304/2304 2303/2303/2303/2303
f 2305/2305/2305/2305 2306/2306/2306/2306 2307/2307/2307/2307
f 2306/2306/2306/2306 2308/2308/2308/2308 2307/2307/2307/2307
f 2309/2309/2309/2309 2310/2310/2310/2310 2311/2311/2311/2311
f 2310/2310/2310/2310 2312/2312/2312/2312 2311/2311/2311/2311
f 2313/2313/2313/2313 583/583/583/583 584/584/584/584
f 584/584/584/584 2314/2314/2314/2314 2313/2313/2313/2313
f 2315/2315/2315/2315 2316/2316/2316/2316 2317/2317/2317/2317
f 2317/2317/2317/2317 2318/2318/2318/2318 2315/2315/2315/2315
f 584/584/584/584 458/458/458/458 2319/2319/2319/2319
f 2319/2319/2319/2319 2314/2314/2314/2314 584/584/584/584
f 2316/2316/2316/2316 2320/2320/2320/2320 2321/2321/2321/2321
f 2321/2321/2321/2321 2317/2317/2317/2317 2316/2316/2316/2316
f 2306/2306/2306/2306 2309/2309/2309/2309 2308/2308/2308/2308
f 2309/2309/2309/2309 2311/2311/2311/2311 2308/2308/2308/2308
f 2320/2320/2320/2320 2322/2322/2322/2322 2323/2323/2323/2323
f 2323/2323/2323/2323 2321/2321/2321/2321 2320/2320/2320/2320
f 2324/2324/2324/2324 2325/2325/2325/2325 2326/2326/2326/2326
f 2325/2325/2325/2325 2327/2327/2327/2327 2326/2326/2326/2326
f 2319/2319/2319/2319 458/458/458/458 457/457/457/457
f 457/457/457/457 2328/2328/2328/2328 2319/2319/2319/2319
f 457/457/457/457 579/579/579/579 2328/2328/2328/2328
f 579/579/579/579 2329/2329/2329/2329 2328/2328/2328/2328
f 460/460/460/460 581/581/581/581 2304/2304/2304/2304
f 581/581/581/581 2330/2330/2330/2330 2304/2304/2304/2304
f 2312/2312/2312/2312 2310/2310/2310/2310 3152/3152/3152/3152
f 3152/3152/3152/3152 3153/3153/3153/3153 2312/2312/2312/2312
f 2325/2325/2325/2325 2331/2331/2331/2331 2327/2327/2327/2327
f 2331/2331/2331/2331 2332/2332/2332/2332 2327/2327/2327/2327
f 2322/2322/2322/2322 2305/2305/2305/2305 2307/2307/2307/2307
f 2307/2307/2307/2307 2323/2323/2323/2323 2322/2322/2322/2322
f 581/581/581/581 583/583/583/583 2330/2330/2330/2330
f 583/583/583/583 2313/2313/2313/2313 2330/2330/2330/2330
f 2333/2333/2333/2333 2334/2334/2334/2334 2335/2335/2335/2335
f 2334/2334/2334/2334 2333/2333/2333/2333 2336/2336/2336/2336
f 2337/2337/2337/2337 2335/2335/2335/2335 2338/2338/2338/2338
f 2335/2335/2335/2335 2337/2337/2337/2337 2333/2333/2333/2333
f 2338/2338/2338/2338 2339/2339/2339/2339 2337/2337/2337/2337
f 2339/2339/2339/2339 2340/2340/2340/2340 2337/2337/2337/2337
f 675/675/675/675 2341/2341/2341/2341 674/674/674/674
f 2341/2341/2341/2341 2342/2342/2342/2342 674/674/674/674
f 3154/3154/3154/3154 672/672/672/672 3155/3155/3155/3155
f 672/672/672/672 3154/3154/3154/3154 671/671/671/671
f 2343/2343/2343/2343 2344/2344/2344/2344 667/667/667/667
f 2343/2343/2343/2343 667/667/667/667 670/670/670/670
f 2344/2344/2344/2344 3156/3156/3156/3156 3157/3157/3157/3157
f 3157/3157/3157/3157 667/667/667/667 2344/2344/2344/2344
f 3158/3158/3158/3158 676/676/676/676 3159/3159/3159/3159
f 676/676/676/676 678/678/678/678 3159/3159/3159/3159
f 2345/2345/2345/2345 2346/2346/2346/2346 2347/2347/2347/2347
f 2346/2346/2346/2346 2348/2348/2348/2348 2347/2347/2347/2347
f 3160/3160/3160/3160 2349/2349/2349/2349 3161/3161/3161/3161
f 3161/3161/3161/3161 2349/2349/2349/2349 3162/3162/3162/3162
f 3163/3163/3163/3163 2350/2350/2350/2350 2351/2351/2351/2351
f 2351/2351/2351/2351 3164/3164/3164/3164 3163/3163/3163/3163
f 670/670/670/670 680/680/680/680 2352/2352/2352/2352
f 2352/2352/2352/2352 2343/2343/2343/2343 670/670/670/670
f 681/681/681/681 3165/3165/3165/3165 2353/2353/2353/2353
f 3166/3166/3166/3166 2353/2353/2353/2353 3165/3165/3165/3165
f 682/682/682/682 681/681/681/681 2354/2354/2354/2354
f 2353/2353/2353/2353 2354/2354/2354/2354 681/681/681/681
f 683/683/683/683 682/682/682/682 2355/2355/2355/2355
f 2354/2354/2354/2354 2355/2355/2355/2355 682/682/682/682
f 2356/2356/2356/2356 2357/2357/2357/2357 3167/3167/3167/3167
f 3167/3167/3167/3167 2357/2357/2357/2357 3168/3168/3168/3168
f 689/689/689/689 2358/2358/2358/2358 685/685/685/685
f 2359/2359/2359/2359 685/685/685/685 2358/2358/2358/2358
f 686/686/686/686 2360/2360/2360/2360 687/687/687/687
f 2361/2361/2361/2361 687/687/687/687 2360/2360/2360/2360
f 685/685/685/685 2359/2359/2359/2359 686/686/686/686
f 2360/2360/2360/2360 686/686/686/686 2359/2359/2359/2359
f 687/687/687/687 2361/2361/2361/2361 688/688/688/688
f 2362/2362/2362/2362 688/688/688/688 2361/2361/2361/2361
f 690/690/690/690 2363/2363/2363/2363 2364/2364/2364/2364
f 2364/2364/2364/2364 691/691/691/691 690/690/690/690
f 2365/2365/2365/2365 2366/2366/2366/2366 2367/2367/2367/2367
f 2367/2367/2367/2367 692/692/692/692 2365/2365/2365/2365
f 2368/2368/2368/2368 2369/2369/2369/2369 2370/2370/2370/2370
f 2370/2370/2370/2370 693/693/693/693 2368/2368/2368/2368
f 694/694/694/694 2371/2371/2371/2371 2372/2372/2372/2372
f 2371/2371/2371/2371 2373/2373/2373/2373 2372/2372/2372/2372
f 2374/2374/2374/2374 2375/2375/2375/2375 698/698/698/698
f 2375/2375/2375/2375 2374/2374/2374/2374 2376/2376/2376/2376
f 699/699/699/699 2377/2377/2377/2377 2378/2378/2378/2378
f 2378/2378/2378/2378 2379/2379/2379/2379 699/699/699/699
f 2380/2380/2380/2380 3169/3169/3169/3169 3170/3170/3170/3170
f 2381/2381/2381/2381 2382/2382/2382/2382 2383/2383/2383/2383
f 3170/3170/3170/3170 2384/2384/2384/2384 2380/2380/2380/2380
f 2385/2385/2385/2385 2386/2386/2386/2386 2387/2387/2387/2387
f 2388/2388/2388/2388 2389/2389/2389/2389 2386/2386/2386/2386
f 2383/2383/2383/2383 2384/2384/2384/2384 3170/3170/3170/3170
f 2383/2383/2383/2383 3170/3170/3170/3170 2390/2390/2390/2390
f 2390/2390/2390/2390 2381/2381/2381/2381 2383/2383/2383/2383
f 2391/2391/2391/2391 3169/3169/3169/3169 2385/2385/2385/2385
f 2387/2387/2387/2387 2391/2391/2391/2391 2385/2385/2385/2385
f 2386/2386/2386/2386 2385/2385/2385/2385 2392/2392/2392/2392
f 2393/2393/2393/2393 2389/2389/2389/2389 2388/2388/2388/2388
f 2394/2394/2394/2394 2393/2393/2393/2393 2388/2388/2388/2388
f 2395/2395/2395/2395 2394/2394/2394/2394 2388/2388/2388/2388
f 2396/2396/2396/2396 2395/2395/2395/2395 2397/2397/2397/2397
f 2397/2397/2397/2397 2398/2398/2398/2398 2396/2396/2396/2396
f 2397/2397/2397/2397 2399/2399/2399/2399 2398/2398/2398/2398
f 2388/2388/2388/2388 2397/2397/2397/2397 2395/2395/2395/2395
f 2392/2392/2392/2392 2388/2388/2388/2388 2386/2386/2386/2386
f 2380/2380/2380/2380 2385/2385/2385/2385 3169/3169/3169/3169
f 3171/3171/3171/3171 695/695/695/695 2400/2400/2400/2400
f 2400/2400/2400/2400 3172/3172/3172/3172 3171/3171/3171/3171
f 696/696/696/696 3171/3171/3171/3171 2401/2401/2401/2401
f 3171/3171/3171/3171 696/696/696/696 695/695/695/695
f 697/697/697/697 2402/2402/2402/2402 2403/2403/2403/2403
f 2404/2404/2404/2404 697/697/697/697 696/696/696/696
f 697/697/697/697 2404/2404/2404/2404 2402/2402/2402/2402
f 2401/2401/2401/2401 2404/2404/2404/2404 696/696/696/696
f 700/700/700/700 3173/3173/3173/3173 3174/3174/3174/3174
f 3174/3174/3174/3174 925/925/925/925 700/700/700/700
f 739/739/739/739 724/724/724/724 948/948/948/948
f 948/948/948/948 740/740/740/740 739/739/739/739
f 2405/2405/2405/2405 712/712/712/712 927/927/927/927
f 927/927/927/927 2406/2406/2406/2406 2405/2405/2405/2405
f 756/756/756/756 736/736/736/736 725/725/725/725
f 725/725/725/725 745/745/745/745 756/756/756/756
f 2407/2407/2407/2407 934/934/934/934 926/926/926/926
f 926/926/926/926 711/711/711/711 2407/2407/2407/2407
f 714/714/714/714 811/811/811/811 784/784/784/784
f 784/784/784/784 789/789/789/789 714/714/714/714
f 702/702/702/702 803/803/803/803 792/792/792/792
f 792/792/792/792 791/791/791/791 702/702/702/702
f 703/703/703/703 702/702/702/702 791/791/791/791
f 791/791/791/791 790/790/790/790 703/703/703/703
f 708/708/708/708 843/843/843/843 850/850/850/850
f 850/850/850/850 859/859/859/859 708/708/708/708
f 709/709/709/709 840/840/840/840 841/841/841/841
f 841/841/841/841 710/710/710/710 709/709/709/709
f 707/707/707/707 861/861/861/861 838/838/838/838
f 838/838/838/838 844/844/844/844 707/707/707/707
f 718/718/718/718 717/717/717/717 842/842/842/842
f 842/842/842/842 834/834/834/834 718/718/718/718
f 858/858/858/858 710/710/710/710 841/841/841/841
f 841/841/841/841 849/849/849/849 858/858/858/858
f 721/721/721/721 835/835/835/835 848/848/848/848
f 848/848/848/848 857/857/857/857 721/721/721/721
f 860/860/860/860 707/707/707/707 844/844/844/844
f 844/844/844/844 839/839/839/839 860/860/860/860
f 804/804/804/804 793/793/793/793 799/799/799/799
f 799/799/799/799 810/810/810/810 804/804/804/804
f 2408/2408/2408/2408 809/809/809/809 798/798/798/798
f 798/798/798/798 2409/2409/2409/2409 2408/2408/2408/2408
f 703/703/703/703 790/790/790/790 797/797/797/797
f 797/797/797/797 808/808/808/808 703/703/703/703
f 737/737/737/737 946/946/946/946 938/938/938/938
f 938/938/938/938 729/729/729/729 737/737/737/737
f 800/800/800/800 801/801/801/801 814/814/814/814
f 814/814/814/814 812/812/812/812 800/800/800/800
f 737/737/737/737 730/730/730/730 939/939/939/939
f 939/939/939/939 946/946/946/946 737/737/737/737
f 741/741/741/741 740/740/740/740 948/948/948/948
f 948/948/948/948 949/949/949/949 741/741/741/741
f 733/733/733/733 942/942/942/942 940/940/940/940
f 940/940/940/940 731/731/731/731 733/733/733/733
f 742/742/742/742 741/741/741/741 949/949/949/949
f 949/949/949/949 950/950/950/950 742/742/742/742
f 728/728/728/728 735/735/735/735 944/944/944/944
f 944/944/944/944 937/937/937/937 728/728/728/728
f 726/726/726/726 935/935/935/935 943/943/943/943
f 943/943/943/943 734/734/734/734 726/726/726/726
f 712/712/712/712 731/731/731/731 940/940/940/940
f 940/940/940/940 927/927/927/927 712/712/712/712
f 735/735/735/735 711/711/711/711 926/926/926/926
f 926/926/926/926 944/944/944/944 735/735/735/735
f 734/734/734/734 943/943/943/943 942/942/942/942
f 942/942/942/942 733/733/733/733 734/734/734/734
f 726/726/726/726 727/727/727/727 936/936/936/936
f 936/936/936/936 935/935/935/935 726/726/726/726
f 729/729/729/729 938/938/938/938 945/945/945/945
f 945/945/945/945 2410/2410/2410/2410 729/729/729/729
f 738/738/738/738 700/700/700/700 925/925/925/925
f 925/925/925/925 947/947/947/947 738/738/738/738
f 2410/2410/2410/2410 945/945/945/945 934/934/934/934
f 934/934/934/934 2407/2407/2407/2407 2410/2410/2410/2410
f 727/727/727/727 2411/2411/2411/2411 2412/2412/2412/2412
f 2412/2412/2412/2412 936/936/936/936 727/727/727/727
f 730/730/730/730 738/738/738/738 947/947/947/947
f 947/947/947/947 939/939/939/939 730/730/730/730
f 750/750/750/750 757/757/757/757 2413/2413/2413/2413
f 2413/2413/2413/2413 2414/2414/2414/2414 750/750/750/750
f 747/747/747/747 748/748/748/748 2415/2415/2415/2415
f 2415/2415/2415/2415 2416/2416/2416/2416 747/747/747/747
f 745/745/745/745 725/725/725/725 2417/2417/2417/2417
f 2417/2417/2417/2417 743/743/743/743 745/745/745/745
f 758/758/758/758 744/744/744/744 2418/2418/2418/2418
f 2418/2418/2418/2418 2419/2419/2419/2419 758/758/758/758
f 757/757/757/757 713/713/713/713 2420/2420/2420/2420
f 2420/2420/2420/2420 2413/2413/2413/2413 757/757/757/757
f 744/744/744/744 751/751/751/751 2421/2421/2421/2421
f 2421/2421/2421/2421 2418/2418/2418/2418 744/744/744/744
f 759/759/759/759 2422/2422/2422/2422 2423/2423/2423/2423
f 2423/2423/2423/2423 2424/2424/2424/2424 759/759/759/759
f 753/753/753/753 2425/2425/2425/2425 2421/2421/2421/2421
f 2421/2421/2421/2421 751/751/751/751 753/753/753/753
f 713/713/713/713 3175/3175/3175/3175 3176/3176/3176/3176
f 3176/3176/3176/3176 2420/2420/2420/2420 713/713/713/713
f 760/760/760/760 759/759/759/759 2424/2424/2424/2424
f 2424/2424/2424/2424 2426/2426/2426/2426 760/760/760/760
f 746/746/746/746 2427/2427/2427/2427 2428/2428/2428/2428
f 2428/2428/2428/2428 754/754/754/754 746/746/746/746
f 761/761/761/761 760/760/760/760 2426/2426/2426/2426
f 2426/2426/2426/2426 2429/2429/2429/2429 761/761/761/761
f 701/701/701/701 750/750/750/750 2414/2414/2414/2414
f 2414/2414/2414/2414 2430/2430/2430/2430 701/701/701/701
f 755/755/755/755 743/743/743/743 2417/2417/2417/2417
f 2417/2417/2417/2417 2431/2431/2431/2431 755/755/755/755
f 2432/2432/2432/2432 755/755/755/755 2431/2431/2431/2431
f 2431/2431/2431/2431 2433/2433/2433/2433 2432/2432/2432/2432
f 754/754/754/754 2428/2428/2428/2428 2425/2425/2425/2425
f 2425/2425/2425/2425 753/753/753/753 754/754/754/754
f 701/701/701/701 2430/2430/2430/2430 2434/2434/2434/2434
f 2434/2434/2434/2434 749/749/749/749 701/701/701/701
f 746/746/746/746 747/747/747/747 2416/2416/2416/2416
f 2416/2416/2416/2416 2427/2427/2427/2427 746/746/746/746
f 749/749/749/749 2434/2434/2434/2434 736/736/736/736
f 736/736/736/736 756/756/756/756 749/749/749/749
f 779/779/779/779 766/766/766/766 2435/2435/2435/2435
f 2435/2435/2435/2435 2436/2436/2436/2436 779/779/779/779
f 762/762/762/762 764/764/764/764 2437/2437/2437/2437
f 2437/2437/2437/2437 2438/2438/2438/2438 762/762/762/762
f 780/780/780/780 2439/2439/2439/2439 2440/2440/2440/2440
f 2440/2440/2440/2440 2441/2441/2441/2441 780/780/780/780
f 781/781/781/781 780/780/780/780 2441/2441/2441/2441
f 2441/2441/2441/2441 2442/2442/2442/2442 781/781/781/781
f 768/768/768/768 2443/2443/2443/2443 2444/2444/2444/2444
f 2444/2444/2444/2444 775/775/775/775 768/768/768/768
f 766/766/766/766 772/772/772/772 2445/2445/2445/2445
f 2445/2445/2445/2445 2435/2435/2435/2435 766/766/766/766
f 782/782/782/782 781/781/781/781 2442/2442/2442/2442
f 2442/2442/2442/2442 2446/2446/2446/2446 782/782/782/782
f 763/763/763/763 3177/3177/3177/3177 3178/3178/3178/3178
f 3178/3178/3178/3178 2447/2447/2447/2447 763/763/763/763
f 762/762/762/762 2438/2438/2438/2438 2448/2448/2448/2448
f 2448/2448/2448/2448 771/771/771/771 762/762/762/762
f 776/776/776/776 765/765/765/765 2449/2449/2449/2449
f 2449/2449/2449/2449 2450/2450/2450/2450 776/776/776/776
f 770/770/770/770 776/776/776/776 2450/2450/2450/2450
f 2450/2450/2450/2450 2451/2451/2451/2451 770/770/770/770
f 774/774/774/774 775/775/775/775 2444/2444/2444/2444
f 2444/2444/2444/2444 2452/2452/2452/2452 774/774/774/774
f 768/768/768/768 769/769/769/769 2453/2453/2453/2453
f 2453/2453/2453/2453 2443/2443/2443/2443 768/768/768/768
f 771/771/771/771 2448/2448/2448/2448 2454/2454/2454/2454
f 2454/2454/2454/2454 777/777/777/777 771/771/771/771
f 769/769/769/769 2455/2455/2455/2455 2456/2456/2456/2456
f 2456/2456/2456/2456 2453/2453/2453/2453 769/769/769/769
f 764/764/764/764 778/778/778/778 2457/2457/2457/2457
f 2457/2457/2457/2457 2437/2437/2437/2437 764/764/764/764
f 778/778/778/778 763/763/763/763 2447/2447/2447/2447
f 2447/2447/2447/2447 2457/2457/2457/2457 778/778/778/778
f 767/767/767/767 2458/2458/2458/2458 2449/2449/2449/2449
f 2449/2449/2449/2449 765/765/765/765 767/767/767/767
f 777/777/777/777 2454/2454/2454/2454 2458/2458/2458/2458
f 2458/2458/2458/2458 767/767/767/767 777/777/777/777
f 774/774/774/774 2452/2452/2452/2452 2445/2445/2445/2445
f 2445/2445/2445/2445 772/772/772/772 774/774/774/774
f 2459/2459/2459/2459 2460/2460/2460/2460 2461/2461/2461/2461
f 2461/2461/2461/2461 2462/2462/2462/2462 2459/2459/2459/2459
f 2463/2463/2463/2463 783/783/783/783 2464/2464/2464/2464
f 2464/2464/2464/2464 2465/2465/2465/2465 2463/2463/2463/2463
f 783/783/783/783 787/787/787/787 2466/2466/2466/2466
f 2466/2466/2466/2466 2464/2464/2464/2464 783/783/783/783
f 788/788/788/788 2467/2467/2467/2467 2468/2468/2468/2468
f 2468/2468/2468/2468 785/785/785/785 788/788/788/788
f 794/794/794/794 796/796/796/796 2469/2469/2469/2469
f 2469/2469/2469/2469 2470/2470/2470/2470 794/794/794/794
f 2471/2471/2471/2471 786/786/786/786 2472/2472/2472/2472
f 2472/2472/2472/2472 2473/2473/2473/2473 2471/2471/2471/2471
f 801/801/801/801 800/800/800/800 2474/2474/2474/2474
f 2474/2474/2474/2474 2475/2475/2475/2475 801/801/801/801
f 802/802/802/802 801/801/801/801 2475/2475/2475/2475
f 2475/2475/2475/2475 2476/2476/2476/2476 802/802/802/802
f 786/786/786/786 794/794/794/794 2470/2470/2470/2470
f 2470/2470/2470/2470 2472/2472/2472/2472 786/786/786/786
f 904/904/904/904 802/802/802/802 2476/2476/2476/2476
f 2476/2476/2476/2476 2477/2477/2477/2477 904/904/904/904
f 787/787/787/787 3179/3179/3179/3179 3180/3180/3180/3180
f 3180/3180/3180/3180 2466/2466/2466/2466 787/787/787/787
f 2478/2478/2478/2478 2479/2479/2479/2479 2467/2467/2467/2467
f 2467/2467/2467/2467 788/788/788/788 2478/2478/2478/2478
f 2480/2480/2480/2480 785/785/785/785 2468/2468/2468/2468
f 2468/2468/2468/2468 2481/2481/2481/2481 2480/2480/2480/2480
f 2482/2482/2482/2482 2483/2483/2483/2483 2484/2484/2484/2484
f 2484/2484/2484/2484 2485/2485/2485/2485 2482/2482/2482/2482
f 796/796/796/796 2486/2486/2486/2486 2487/2487/2487/2487
f 2487/2487/2487/2487 2469/2469/2469/2469 796/796/796/796
f 2488/2488/2488/2488 2480/2480/2480/2480 2481/2481/2481/2481
f 2481/2481/2481/2481 2489/2489/2489/2489 2488/2488/2488/2488
f 2490/2490/2490/2490 2459/2459/2459/2459 2462/2462/2462/2462
f 2462/2462/2462/2462 2491/2491/2491/2491 2490/2490/2490/2490
f 2485/2485/2485/2485 2484/2484/2484/2484 2479/2479/2479/2479
f 2479/2479/2479/2479 2478/2478/2478/2478 2485/2485/2485/2485
f 2482/2482/2482/2482 2463/2463/2463/2463 2465/2465/2465/2465
f 2465/2465/2465/2465 2483/2483/2483/2483 2482/2482/2482/2482
f 2490/2490/2490/2490 2491/2491/2491/2491 2487/2487/2487/2487
f 2487/2487/2487/2487 2486/2486/2486/2486 2490/2490/2490/2490
f 811/811/811/811 706/706/706/706 2492/2492/2492/2492
f 2492/2492/2492/2492 784/784/784/784 811/811/811/811
f 706/706/706/706 704/704/704/704 2493/2493/2493/2493
f 2493/2493/2493/2493 2492/2492/2492/2492 706/706/706/706
f 715/715/715/715 2494/2494/2494/2494 2495/2495/2495/2495
f 2495/2495/2495/2495 716/716/716/716 715/715/715/715
f 805/805/805/805 807/807/807/807 2496/2496/2496/2496
f 2496/2496/2496/2496 2497/2497/2497/2497 805/805/805/805
f 2498/2498/2498/2498 705/705/705/705 2499/2499/2499/2499
f 2499/2499/2499/2499 2500/2500/2500/2500 2498/2498/2498/2498
f 705/705/705/705 805/805/805/805 2497/2497/2497/2497
f 2497/2497/2497/2497 2499/2499/2499/2499 705/705/705/705
f 826/826/826/826 828/828/828/828 866/866/866/866
f 866/866/866/866 865/865/865/865 826/826/826/826
f 704/704/704/704 3181/3181/3181/3181 3182/3182/3182/3182
f 3182/3182/3182/3182 2493/2493/2493/2493 704/704/704/704
f 810/810/810/810 799/799/799/799 2494/2494/2494/2494
f 2494/2494/2494/2494 715/715/715/715 810/810/810/810
f 809/809/809/809 716/716/716/716 2495/2495/2495/2495
f 2495/2495/2495/2495 798/798/798/798 809/809/809/809
f 714/714/714/714 789/789/789/789 793/793/793/793
f 793/793/793/793 804/804/804/804 714/714/714/714
f 807/807/807/807 808/808/808/808 797/797/797/797
f 797/797/797/797 2496/2496/2496/2496 807/807/807/807
f 832/832/832/832 882/882/882/882 867/867/867/867
f 867/867/867/867 825/825/825/825 832/832/832/832
f 830/830/830/830 822/822/822/822 869/869/869/869
f 869/869/869/869 868/868/868/868 830/830/830/830
f 820/820/820/820 3183/3183/3183/3183 3184/3184/3184/3184
f 3184/3184/3184/3184 881/881/881/881 820/820/820/820
f 819/819/819/819 826/826/826/826 865/865/865/865
f 865/865/865/865 871/871/871/871 819/819/819/819
f 817/817/817/817 824/824/824/824 873/873/873/873
f 873/873/873/873 872/872/872/872 817/817/817/817
f 818/818/818/818 817/817/817/817 872/872/872/872
f 872/872/872/872 874/874/874/874 818/818/818/818
f 2501/2501/2501/2501 830/830/830/830 868/868/868/868
f 868/868/868/868 2502/2502/2502/2502 2501/2501/2501/2501
f 825/825/825/825 867/867/867/867 875/875/875/875
f 875/875/875/875 831/831/831/831 825/825/825/825
f 823/823/823/823 833/833/833/833 879/879/879/879
f 879/879/879/879 880/880/880/880 823/823/823/823
f 831/831/831/831 875/875/875/875 876/876/876/876
f 876/876/876/876 821/821/821/821 831/831/831/831
f 818/818/818/818 874/874/874/874 877/877/877/877
f 877/877/877/877 829/829/829/829 818/818/818/818
f 821/821/821/821 876/876/876/876 869/869/869/869
f 869/869/869/869 822/822/822/822 821/821/821/821
f 828/828/828/828 2503/2503/2503/2503 2504/2504/2504/2504
f 2504/2504/2504/2504 866/866/866/866 828/828/828/828
f 833/833/833/833 820/820/820/820 881/881/881/881
f 881/881/881/881 879/879/879/879 833/833/833/833
f 832/832/832/832 823/823/823/823 880/880/880/880
f 880/880/880/880 882/882/882/882 832/832/832/832
f 815/815/815/815 819/819/819/819 871/871/871/871
f 871/871/871/871 878/878/878/878 815/815/815/815
f 838/838/838/838 837/837/837/837 820/820/820/820
f 820/820/820/820 833/833/833/833 838/838/838/838
f 837/837/837/837 3185/3185/3185/3185 3183/3183/3183/3183
f 3183/3183/3183/3183 820/820/820/820 837/837/837/837
f 2505/2505/2505/2505 849/849/849/849 830/830/830/830
f 830/830/830/830 2501/2501/2501/2501 2505/2505/2505/2505
f 836/836/836/836 845/845/845/845 826/826/826/826
f 826/826/826/826 819/819/819/819 836/836/836/836
f 849/849/849/849 841/841/841/841 822/822/822/822
f 822/822/822/822 830/830/830/830 849/849/849/849
f 2506/2506/2506/2506 2507/2507/2507/2507 2508/2508/2508/2508
f 2508/2508/2508/2508 2509/2509/2509/2509 2506/2506/2506/2506
f 847/847/847/847 2510/2510/2510/2510 2503/2503/2503/2503
f 2503/2503/2503/2503 828/828/828/828 847/847/847/847
f 843/843/843/843 825/825/825/825 831/831/831/831
f 831/831/831/831 850/850/850/850 843/843/843/843
f 2507/2507/2507/2507 2511/2511/2511/2511 2512/2512/2512/2512
f 2512/2512/2512/2512 2508/2508/2508/2508 2507/2507/2507/2507
f 845/845/845/845 847/847/847/847 828/828/828/828
f 828/828/828/828 826/826/826/826 845/845/845/845
f 2513/2513/2513/2513 2514/2514/2514/2514 2515/2515/2515/2515
f 2515/2515/2515/2515 2516/2516/2516/2516 2513/2513/2513/2513
f 844/844/844/844 838/838/838/838 833/833/833/833
f 833/833/833/833 823/823/823/823 844/844/844/844
f 839/839/839/839 832/832/832/832 825/825/825/825
f 825/825/825/825 843/843/843/843 839/839/839/839
f 839/839/839/839 844/844/844/844 823/823/823/823
f 823/823/823/823 832/832/832/832 839/839/839/839
f 840/840/840/840 821/821/821/821 822/822/822/822
f 822/822/822/822 841/841/841/841 840/840/840/840
f 850/850/850/850 831/831/831/831 821/821/821/821
f 821/821/821/821 840/840/840/840 850/850/850/850
f 851/851/851/851 836/836/836/836 819/819/819/819
f 819/819/819/819 815/815/815/815 851/851/851/851
f 853/853/853/853 852/852/852/852 816/816/816/816
f 905/905/905/905 816/816/816/816 852/852/852/852
f 720/720/720/720 836/836/836/836 883/883/883/883
f 883/883/883/883 862/862/862/862 720/720/720/720
f 836/836/836/836 851/851/851/851 883/883/883/883
f 2517/2517/2517/2517 858/858/858/858 849/849/849/849
f 849/849/849/849 2505/2505/2505/2505 2517/2517/2517/2517
f 864/864/864/864 863/863/863/863 885/885/885/885
f 863/863/863/863 884/884/884/884 885/885/885/885
f 856/856/856/856 2518/2518/2518/2518 2510/2510/2510/2510
f 2510/2510/2510/2510 847/847/847/847 856/856/856/856
f 854/854/854/854 856/856/856/856 847/847/847/847
f 847/847/847/847 845/845/845/845 854/854/854/854
f 864/864/864/864 886/886/886/886 719/719/719/719
f 864/864/864/864 885/885/885/885 886/886/886/886
f 860/860/860/860 839/839/839/839 843/843/843/843
f 843/843/843/843 708/708/708/708 860/860/860/860
f 863/863/863/863 2519/2519/2519/2519 2520/2520/2520/2520
f 2520/2520/2520/2520 884/884/884/884 863/863/863/863
f 859/859/859/859 850/850/850/850 840/840/840/840
f 840/840/840/840 709/709/709/709 859/859/859/859
f 722/722/722/722 3186/3186/3186/3186 3185/3185/3185/3185
f 3185/3185/3185/3185 837/837/837/837 722/722/722/722
f 861/861/861/861 722/722/722/722 837/837/837/837
f 837/837/837/837 838/838/838/838 861/861/861/861
f 720/720/720/720 854/854/854/854 845/845/845/845
f 845/845/845/845 836/836/836/836 720/720/720/720
f 2521/2521/2521/2521 718/718/718/718 834/834/834/834
f 834/834/834/834 2522/2522/2522/2522 2521/2521/2521/2521
f 891/891/891/891 802/802/802/802 904/904/904/904
f 801/801/801/801 891/891/891/891 814/814/814/814
f 891/891/891/891 801/801/801/801 802/802/802/802
f 816/816/816/816 813/813/813/813 853/853/853/853
f 852/852/852/852 2523/2523/2523/2523 905/905/905/905
f 2524/2524/2524/2524 905/905/905/905 2523/2523/2523/2523
f 2525/2525/2525/2525 2526/2526/2526/2526 705/705/705/705
f 705/705/705/705 2498/2498/2498/2498 2525/2525/2525/2525
f 2527/2527/2527/2527 2528/2528/2528/2528 2529/2529/2529/2529
f 2529/2529/2529/2529 2530/2530/2530/2530 2527/2527/2527/2527
f 2531/2531/2531/2531 2532/2532/2532/2532 2533/2533/2533/2533
f 2533/2533/2533/2533 2534/2534/2534/2534 2531/2531/2531/2531
f 2535/2535/2535/2535 2536/2536/2536/2536 808/808/808/808
f 808/808/808/808 807/807/807/807 2535/2535/2535/2535
f 2537/2537/2537/2537 2538/2538/2538/2538 2539/2539/2539/2539
f 2539/2539/2539/2539 2540/2540/2540/2540 2537/2537/2537/2537
f 2541/2541/2541/2541 703/703/703/703 808/808/808/808
f 808/808/808/808 2536/2536/2536/2536 2541/2541/2541/2541
f 2542/2542/2542/2542 2543/2543/2543/2543 2538/2538/2538/2538
f 2538/2538/2538/2538 2537/2537/2537/2537 2542/2542/2542/2542
f 2528/2528/2528/2528 2531/2531/2531/2531 2534/2534/2534/2534
f 2534/2534/2534/2534 2529/2529/2529/2529 2528/2528/2528/2528
f 2544/2544/2544/2544 2545/2545/2545/2545 2543/2543/2543/2543
f 2543/2543/2543/2543 2542/2542/2542/2542 2544/2544/2544/2544
f 2546/2546/2546/2546 2547/2547/2547/2547 2548/2548/2548/2548
f 2548/2548/2548/2548 2549/2549/2549/2549 2546/2546/2546/2546
f 2541/2541/2541/2541 2550/2550/2550/2550 702/702/702/702
f 702/702/702/702 703/703/703/703 2541/2541/2541/2541
f 2550/2550/2550/2550 2551/2551/2551/2551 803/803/803/803
f 803/803/803/803 702/702/702/702 2550/2550/2550/2550
f 2526/2526/2526/2526 2552/2552/2552/2552 805/805/805/805
f 805/805/805/805 705/705/705/705 2526/2526/2526/2526
f 2532/2532/2532/2532 3187/3187/3187/3187 3188/3188/3188/3188
f 3188/3188/3188/3188 2533/2533/2533/2533 2532/2532/2532/2532
f 2547/2547/2547/2547 2553/2553/2553/2553 2554/2554/2554/2554
f 2554/2554/2554/2554 2548/2548/2548/2548 2547/2547/2547/2547
f 2527/2527/2527/2527 2530/2530/2530/2530 2545/2545/2545/2545
f 2545/2545/2545/2545 2544/2544/2544/2544 2527/2527/2527/2527
f 2552/2552/2552/2552 2535/2535/2535/2535 807/807/807/807
f 807/807/807/807 805/805/805/805 2552/2552/2552/2552
f 2555/2555/2555/2555 2556/2556/2556/2556 2557/2557/2557/2557
f 2556/2556/2556/2556 2558/2558/2558/2558 2557/2557/2557/2557
f 2556/2556/2556/2556 2559/2559/2559/2559 2558/2558/2558/2558
f 2559/2559/2559/2559 2560/2560/2560/2560 2558/2558/2558/2558
f 2559/2559/2559/2559 2561/2561/2561/2561 2562/2562/2562/2562
f 2562/2562/2562/2562 2560/2560/2560/2560 2559/2559/2559/2559
f 898/898/898/898 2563/2563/2563/2563 2564/2564/2564/2564
f 2564/2564/2564/2564 899/899/899/899 898/898/898/898
f 896/896/896/896 3189/3189/3189/3189 897/897/897/897
f 3189/3189/3189/3189 3190/3190/3190/3190 897/897/897/897
f 895/895/895/895 892/892/892/892 2565/2565/2565/2565
f 2566/2566/2566/2566 2565/2565/2565/2565 892/892/892/892
f 3191/3191/3191/3191 3192/3192/3192/3192 2566/2566/2566/2566
f 2566/2566/2566/2566 892/892/892/892 3191/3191/3191/3191
f 3193/3193/3193/3193 902/902/902/902 900/900/900/900
f 900/900/900/900 3194/3194/3194/3194 3193/3193/3193/3193
f 2567/2567/2567/2567 2568/2568/2568/2568 2569/2569/2569/2569
f 2569/2569/2569/2569 2570/2570/2570/2570 2567/2567/2567/2567
f 2571/2571/2571/2571 3195/3195/3195/3195 3196/3196/3196/3196
f 2571/2571/2571/2571 3197/3197/3197/3197 3195/3195/3195/3195
f 3198/3198/3198/3198 2572/2572/2572/2572 3199/3199/3199/3199
f 2572/2572/2572/2572 2573/2573/2573/2573 3199/3199/3199/3199
f 895/895/895/895 2565/2565/2565/2565 2574/2574/2574/2574
f 2574/2574/2574/2574 890/890/890/890 895/895/895/895
f 2575/2575/2575/2575 3200/3200/3200/3200 906/906/906/906
f 2575/2575/2575/2575 3201/3201/3201/3201 3200/3200/3200/3200
f 2576/2576/2576/2576 906/906/906/906 907/907/907/907
f 906/906/906/906 2576/2576/2576/2576 2575/2575/2575/2575
f 2577/2577/2577/2577 907/907/907/907 908/908/908/908
f 907/907/907/907 2577/2577/2577/2577 2576/2576/2576/2576
f 2578/2578/2578/2578 3202/3202/3202/3202 3203/3203/3203/3203
f 2578/2578/2578/2578 2579/2579/2579/2579 3202/3202/3202/3202
f 910/910/910/910 2580/2580/2580/2580 914/914/914/914
f 910/910/910/910 2581/2581/2581/2581 2580/2580/2580/2580
f 912/912/912/912 2582/2582/2582/2582 911/911/911/911
f 912/912/912/912 2583/2583/2583/2583 2582/2582/2582/2582
f 911/911/911/911 2581/2581/2581/2581 910/910/910/910
f 911/911/911/911 2582/2582/2582/2582 2581/2581/2581/2581
f 913/913/913/913 2583/2583/2583/2583 912/912/912/912
f 913/913/913/913 2584/2584/2584/2584 2583/2583/2583/2583
f 2585/2585/2585/2585 2586/2586/2586/2586 915/915/915/915
f 915/915/915/915 916/916/916/916 2585/2585/2585/2585
f 2587/2587/2587/2587 917/917/917/917 2588/2588/2588/2588
f 2588/2588/2588/2588 2589/2589/2589/2589 2587/2587/2587/2587
f 2590/2590/2590/2590 918/918/918/918 2591/2591/2591/2591
f 2591/2591/2591/2591 2592/2592/2592/2592 2590/2590/2590/2590
f 2593/2593/2593/2593 2594/2594/2594/2594 2595/2595/2595/2595
f 2595/2595/2595/2595 919/919/919/919 2593/2593/2593/2593
f 2596/2596/2596/2596 2597/2597/2597/2597 2598/2598/2598/2598
f 2597/2597/2597/2597 923/923/923/923 2598/2598/2598/2598
f 2599/2599/2599/2599 2600/2600/2600/2600 924/924/924/924
f 2600/2600/2600/2600 2601/2601/2601/2601 924/924/924/924
f 2602/2602/2602/2602 2603/2603/2603/2603 2604/2604/2604/2604
f 3204/3204/3204/3204 2605/2605/2605/2605 2606/2606/2606/2606
f 2607/2607/2607/2607 2603/2603/2603/2603 2602/2602/2602/2602
f 3204/3204/3204/3204 3205/3205/3205/3205 2608/2608/2608/2608
f 2608/2608/2608/2608 2605/2605/2605/2605 3204/3204/3204/3204
f 2604/2604/2604/2604 2608/2608/2608/2608 3205/3205/3205/3205
f 2604/2604/2604/2604 2609/2609/2609/2609 2610/2610/2610/2610
f 2607/2607/2607/2607 2611/2611/2611/2611 2612/2612/2612/2612
f 2612/2612/2612/2612 2613/2613/2613/2613 2607/2607/2607/2607
f 2614/2614/2614/2614 2615/2615/2615/2615 2613/2613/2613/2613
f 2616/2616/2616/2616 2614/2614/2614/2614 2613/2613/2613/2613
f 2612/2612/2612/2612 2616/2616/2616/2616 2613/2613/2613/2613
f 2617/2617/2617/2617 2611/2611/2611/2611 2607/2607/2607/2607
f 2618/2618/2618/2618 2617/2617/2617/2617 2607/2607/2607/2607
f 2602/2602/2602/2602 2618/2618/2618/2618 2607/2607/2607/2607
f 2610/2610/2610/2610 2602/2602/2602/2602 2604/2604/2604/2604
f 3205/3205/3205/3205 2609/2609/2609/2609 2604/2604/2604/2604
f 2606/2606/2606/2606 2619/2619/2619/2619 2620/2620/2620/2620
f 2620/2620/2620/2620 3204/3204/3204/3204 2606/2606/2606/2606
f 2606/2606/2606/2606 2621/2621/2621/2621 2619/2619/2619/2619
f 2622/2622/2622/2622 922/922/922/922 2623/2623/2623/2623
f 2622/2622/2622/2622 3206/3206/3206/3206 921/921/921/921
f 922/922/922/922 2624/2624/2624/2624 2625/2625/2625/2625
f 2625/2625/2625/2625 2623/2623/2623/2623 922/922/922/922
f 920/920/920/920 3206/3206/3206/3206 2626/2626/2626/2626
f 921/921/921/921 922/922/922/922 2622/2622/2622/2622
f 3206/3206/3206/3206 920/920/920/920 921/921/921/921
f 3207/3207/3207/3207 2626/2626/2626/2626 3206/3206/3206/3206
f 2627/2627/2627/2627 3208/3208/3208/3208 3209/3209/3209/3209
f 3209/3209/3209/3209 3210/3210/3210/3210 2627/2627/2627/2627
f 2628/2628/2628/2628 3211/3211/3211/3211 3212/3212/3212/3212
f 3212/3212/3212/3212 2629/2629/2629/2629 2628/2628/2628/2628
f 2630/2630/2630/2630 2631/2631/2631/2631 2632/2632/2632/2632
f 2632/2632/2632/2632 2633/2633/2633/2633 2630/2630/2630/2630
f 2634/2634/2634/2634 929/929/929/929 928/928/928/928
f 928/928/928/928 2635/2635/2635/2635 2634/2634/2634/2634
f 2636/2636/2636/2636 3213/3213/3213/3213 931/931/931/931
f 931/931/931/931 2637/2637/2637/2637 2636/2636/2636/2636
f 2636/2636/2636/2636 2638/2638/2638/2638 3214/3214/3214/3214
f 3214/3214/3214/3214 3213/3213/3213/3213 2636/2636/2636/2636
f 2639/2639/2639/2639 2629/2629/2629/2629 3212/3212/3212/3212
f 3212/3212/3212/3212 3215/3215/3215/3215 2639/2639/2639/2639
f 2640/2640/2640/2640 2641/2641/2641/2641 2642/2642/2642/2642
f 2642/2642/2642/2642 2643/2643/2643/2643 2640/2640/2640/2640
f 2644/2644/2644/2644 2639/2639/2639/2639 3215/3215/3215/3215
f 3215/3215/3215/3215 3216/3216/3216/3216 2644/2644/2644/2644
f 2645/2645/2645/2645 2646/2646/2646/2646 932/932/932/932
f 932/932/932/932 930/930/930/930 2645/2645/2645/2645
f 2647/2647/2647/2647 2648/2648/2648/2648 2649/2649/2649/2649
f 2649/2649/2649/2649 2650/2650/2650/2650 2647/2647/2647/2647
f 2631/2631/2631/2631 2643/2643/2643/2643 2642/2642/2642/2642
f 2642/2642/2642/2642 2632/2632/2632/2632 2631/2631/2631/2631
f 2646/2646/2646/2646 2635/2635/2635/2635 928/928/928/928
f 928/928/928/928 932/932/932/932 2646/2646/2646/2646
f 2640/2640/2640/2640 2650/2650/2650/2650 2649/2649/2649/2649
f 2649/2649/2649/2649 2641/2641/2641/2641 2640/2640/2640/2640
f 2647/2647/2647/2647 2651/2651/2651/2651 2652/2652/2652/2652
f 2652/2652/2652/2652 2648/2648/2648/2648 2647/2647/2647/2647
f 2637/2637/2637/2637 931/931/931/931 933/933/933/933
f 933/933/933/933 2653/2653/2653/2653 2637/2637/2637/2637
f 2654/2654/2654/2654 2627/2627/2627/2627 3210/3210/3210/3210
f 3210/3210/3210/3210 3217/3217/3217/3217 2654/2654/2654/2654
f 2653/2653/2653/2653 933/933/933/933 929/929/929/929
f 929/929/929/929 2634/2634/2634/2634 2653/2653/2653/2653
f 2651/2651/2651/2651 2655/2655/2655/2655 2656/2656/2656/2656
f 2656/2656/2656/2656 2652/2652/2652/2652 2651/2651/2651/2651
f 2638/2638/2638/2638 2654/2654/2654/2654 3217/3217/3217/3217
f 3217/3217/3217/3217 3214/3214/3214/3214 2638/2638/2638/2638
f 969/969/969/969 951/951/951/951 953/953/953/953
f 953/953/953/953 951/951/951/951 967/967/967/967
f 970/970/970/970 953/953/953/953 967/967/967/967
f 970/970/970/970 957/957/957/957 971/971/971/971
f 967/967/967/967 957/957/957/957 970/970/970/970
f 953/953/953/953 952/952/952/952 969/969/969/969
f 970/970/970/970 954/954/954/954 953/953/953/953
f 956/956/956/956 955/955/955/955 970/970/970/970
f 971/971/971/971 956/956/956/956 970/970/970/970
f 967/967/967/967 968/968/968/968 957/957/957/957
f 962/962/962/962 961/961/961/961 2657/2657/2657/2657
f 2657/2657/2657/2657 2658/2658/2658/2658 962/962/962/962
f 2659/2659/2659/2659 972/972/972/972 2660/2660/2660/2660
f 972/972/972/972 959/959/959/959 2660/2660/2660/2660
f 965/965/965/965 2661/2661/2661/2661 966/966/966/966
f 2661/2661/2661/2661 2662/2662/2662/2662 966/966/966/966
f 2663/2663/2663/2663 2664/2664/2664/2664 963/963/963/963
f 2664/2664/2664/2664 2665/2665/2665/2665 963/963/963/963
f 2666/2666/2666/2666 960/960/960/960 2667/2667/2667/2667
f 2667/2667/2667/2667 2668/2668/2668/2668 2666/2666/2666/2666
f 2669/2669/2669/2669 2670/2670/2670/2670 973/973/973/973
f 2670/2670/2670/2670 2671/2671/2671/2671 973/973/973/973
f 958/958/958/958 2672/2672/2672/2672 974/974/974/974
f 2672/2672/2672/2672 2673/2673/2673/2673 974/974/974/974
f 2674/2674/2674/2674 2675/2675/2675/2675 964/964/964/964
f 2675/2675/2675/2675 2676/2676/2676/2676 964/964/964/964
f 2677/2677/2677/2677 2678/2678/2678/2678 2679/2679/2679/2679
f 2679/2679/2679/2679 2680/2680/2680/2680 2677/2677/2677/2677
f 2681/2681/2681/2681 2682/2682/2682/2682 2683/2683/2683/2683
f 2683/2683/2683/2683 2684/2684/2684/2684 2681/2681/2681/2681
f 2685/2685/2685/2685 2686/2686/2686/2686 2687/2687/2687/2687
f 2687/2687/2687/2687 2688/2688/2688/2688 2685/2685/2685/2685
f 2689/2689/2689/2689 2690/2690/2690/2690 2691/2691/2691/2691
f 2690/2690/2690/2690 2692/2692/2692/2692 2691/2691/2691/2691
f 991/991/991/991 976/976/976/976 992/992/992/992
f 992/992/992/992 981/981/981/981 991/991/991/991
f 2693/2693/2693/2693 2694/2694/2694/2694 975/975/975/975
f 2694/2694/2694/2694 982/982/982/982 975/975/975/975
f 990/990/990/990 2695/2695/2695/2695 2696/2696/2696/2696
f 2696/2696/2696/2696 998/998/998/998 990/990/990/990
f 984/984/984/984 993/993/993/993 983/983/983/983
f 993/993/993/993 978/978/978/978 983/983/983/983
f 2697/2697/2697/2697 2698/2698/2698/2698 2699/2699/2699/2699
f 2698/2698/2698/2698 2700/2700/2700/2700 2699/2699/2699/2699
f 985/985/985/985 986/986/986/986 979/979/979/979
f 979/979/979/979 994/994/994/994 985/985/985/985
f 980/980/980/980 977/977/977/977 2701/2701/2701/2701
f 977/977/977/977 2702/2702/2702/2702 2701/2701/2701/2701
f 2703/2703/2703/2703 997/997/997/997 2704/2704/2704/2704
f 2705/2705/2705/2705 2706/2706/2706/2706 995/995/995/995
f 2703/2703/2703/2703 2707/2707/2707/2707 2705/2705/2705/2705
f 2704/2704/2704/2704 2708/2708/2708/2708 2703/2703/2703/2703
f 997/997/997/997 2709/2709/2709/2709 2704/2704/2704/2704
f 995/995/995/995 996/996/996/996 997/997/997/997
f 995/995/995/995 997/997/997/997 2705/2705/2705/2705
f 2703/2703/2703/2703 2705/2705/2705/2705 997/997/997/997
f 2710/2710/2710/2710 2707/2707/2707/2707 2703/2703/2703/2703
f 2703/2703/2703/2703 2711/2711/2711/2711 2710/2710/2710/2710
f 987/987/987/987 2712/2712/2712/2712 2713/2713/2713/2713
f 2712/2712/2712/2712 2714/2714/2714/2714 2713/2713/2713/2713
f 2715/2715/2715/2715 988/988/988/988 2716/2716/2716/2716
f 988/988/988/988 989/989/989/989 2716/2716/2716/2716
f 2717/2717/2717/2717 2718/2718/2718/2718 2719/2719/2719/2719
f 2719/2719/2719/2719 2720/2720/2720/2720 2717/2717/2717/2717
f 2721/2721/2721/2721 2722/2722/2722/2722 2723/2723/2723/2723
f 2722/2722/2722/2722 2724/2724/2724/2724 2723/2723/2723/2723
f 2725/2725/2725/2725 2726/2726/2726/2726 2727/2727/2727/2727
f 2727/2727/2727/2727 2728/2728/2728/2728 2725/2725/2725/2725
f 1001/1001/1001/1001 1015/1015/1015/1015 999/999/999/999
f 1018/1018/1018/1018 1003/1003/1003/1003 1004/1004/1004/1004
f 1018/1018/1018/1018 1004/1004/1004/1004 1019/1019/1019/1019
f 1005/1005/1005/1005 1016/1016/1016/1016 1015/1015/1015/1015
f 1005/1005/1005/1005 1015/1015/1015/1015 1018/1018/1018/1018
f 1019/1019/1019/1019 1005/1005/1005/1005 1018/1018/1018/1018
f 1001/1001/1001/1001 1018/1018/1018/1018 1015/1015/1015/1015
f 1001/1001/1001/1001 1002/1002/1002/1002 1018/1018/1018/1018
f 1017/1017/1017/1017 1000/1000/1000/1000 1001/1001/1001/1001
f 999/999/999/999 1017/1017/1017/1017 1001/1001/1001/1001
f 1010/1010/1010/1010 2729/2729/2729/2729 1009/1009/1009/1009
f 2729/2729/2729/2729 1010/1010/1010/1010 2730/2730/2730/2730
f 1020/1020/1020/1020 2731/2731/2731/2731 2732/2732/2732/2732
f 2732/2732/2732/2732 1007/1007/1007/1007 1020/1020/1020/1020
f 1014/1014/1014/1014 2733/2733/2733/2733 1013/1013/1013/1013
f 2733/2733/2733/2733 1014/1014/1014/1014 2734/2734/2734/2734
f 1011/1011/1011/1011 2735/2735/2735/2735 2736/2736/2736/2736
f 2735/2735/2735/2735 1011/1011/1011/1011 2737/2737/2737/2737
f 2738/2738/2738/2738 2739/2739/2739/2739 2740/2740/2740/2740
f 2740/2740/2740/2740 1008/1008/1008/1008 2738/2738/2738/2738
f 1021/1021/1021/1021 2741/2741/2741/2741 2742/2742/2742/2742
f 2741/2741/2741/2741 1021/1021/1021/1021 2743/2743/2743/2743
f 1022/1022/1022/1022 2744/2744/2744/2744 1006/1006/1006/1006
f 2744/2744/2744/2744 1022/1022/1022/1022 2745/2745/2745/2745
f 1012/1012/1012/1012 2746/2746/2746/2746 2747/2747/2747/2747
f 2746/2746/2746/2746 1012/1012/1012/1012 2748/2748/2748/2748
f 2749/2749/2749/2749 2750/2750/2750/2750 2751/2751/2751/2751
f 2750/2750/2750/2750 2749/2749/2749/2749 2752/2752/2752/2752
f 2753/2753/2753/2753 2754/2754/2754/2754 2755/2755/2755/2755
f 2754/2754/2754/2754 2753/2753/2753/2753 2756/2756/2756/2756
f 2757/2757/2757/2757 2758/2758/2758/2758 2759/2759/2759/2759
f 2758/2758/2758/2758 2757/2757/2757/2757 2760/2760/2760/2760
f 2761/2761/2761/2761 2762/2762/2762/2762 2763/2763/2763/2763
f 2762/2762/2762/2762 2761/2761/2761/2761 2764/2764/2764/2764
f 1039/1039/1039/1039 1040/1040/1040/1040 1024/1024/1024/1024
f 1040/1040/1040/1040 1039/1039/1039/1039 1029/1029/1029/1029
f 1023/1023/1023/1023 2765/2765/2765/2765 2766/2766/2766/2766
f 2765/2765/2765/2765 1023/1023/1023/1023 1030/1030/1030/1030
f 1038/1038/1038/1038 2767/2767/2767/2767 2768/2768/2768/2768
f 2767/2767/2767/2767 1038/1038/1038/1038 1046/1046/1046/1046
f 1031/1031/1031/1031 1041/1041/1041/1041 1032/1032/1032/1032
f 1041/1041/1041/1041 1031/1031/1031/1031 1026/1026/1026/1026
f 2769/2769/2769/2769 2770/2770/2770/2770 2771/2771/2771/2771
f 2770/2770/2770/2770 2769/2769/2769/2769 2772/2772/2772/2772
f 1033/1033/1033/1033 1027/1027/1027/1027 1034/1034/1034/1034
f 1027/1027/1027/1027 1033/1033/1033/1033 1042/1042/1042/1042
f 1025/1025/1025/1025 1028/1028/1028/1028 2773/2773/2773/2773
f 2773/2773/2773/2773 2774/2774/2774/2774 1025/1025/1025/1025
f 2775/2775/2775/2775 2776/2776/2776/2776 2777/2777/2777/2777
f 1045/1045/1045/1045 2778/2778/2778/2778 2775/2775/2775/2775
f 2777/2777/2777/2777 1045/1045/1045/1045 2775/2775/2775/2775
f 2775/2775/2775/2775 2778/2778/2778/2778 2779/2779/2779/2779
f 2780/2780/2780/2780 2781/2781/2781/2781 2775/2775/2775/2775
f 2779/2779/2779/2779 2780/2780/2780/2780 2775/2775/2775/2775
f 1043/1043/1043/1043 2782/2782/2782/2782 2778/2778/2778/2778
f 1045/1045/1045/1045 1043/1043/1043/1043 2778/2778/2778/2778
f 1045/1045/1045/1045 1044/1044/1044/1044 1043/1043/1043/1043
f 2777/2777/2777/2777 2783/2783/2783/2783 1045/1045/1045/1045
f 2784/2784/2784/2784 2785/2785/2785/2785 1035/1035/1035/1035
f 2785/2785/2785/2785 2784/2784/2784/2784 2786/2786/2786/2786
f 1036/1036/1036/1036 2787/2787/2787/2787 2788/2788/2788/2788
f 2788/2788/2788/2788 1037/1037/1037/1037 1036/1036/1036/1036
f 2789/2789/2789/2789 2790/2790/2790/2790 2791/2791/2791/2791
f 2790/2790/2790/2790 2789/2789/2789/2789 2792/2792/2792/2792
f 2793/2793/2793/2793 2794/2794/2794/2794 2795/2795/2795/2795
f 2794/2794/2794/2794 2793/2793/2793/2793 2796/2796/2796/2796
f 2797/2797/2797/2797 2798/2798/2798/2798 2799/2799/2799/2799
f 2799/2799/2799/2799 2800/2800/2800/2800 2797/2797/2797/2797
f 3218/3218/3218/3218 3219/3219/3219/3219 3220/3220/3220/3220
f 3221/3221/3221/3221 3222/3222/3222/3222 3223/3223/3223/3223
f 3224/3224/3224/3224 3220/3220/3220/3220 3225/3225/3225/3225
f 3224/3224/3224/3224 3226/3226/3226/3226 3227/3227/3227/3227
f 3223/3223/3223/3223 3228/3228/3228/3228 3229/3229/3229/3229
f 3220/3220/3220/3220 3230/3230/3230/3230 3218/3218/3218/3218
f 3224/3224/3224/3224 3231/3231/3231/3231 3220/3220/3220/3220
f 3232/3232/3232/3232 3233/3233/3233/3233 3224/3224/3224/3224
f 3227/3227/3227/3227 3232/3232/3232/3232 3224/3224/3224/3224
f 3234/3234/3234/3234 3235/3235/3235/3235 3228/3228/3228/3228
f 3236/3236/3236/3236 3237/3237/3237/3237 3238/3238/3238/3238
f 3239/3239/3239/3239 3240/3240/3240/3240 3241/3241/3241/3241
f 3239/3239/3239/3239 3241/3241/3241/3241 3242/3242/3242/3242
f 3243/3243/3243/3243 3244/3244/3244/3244 3245/3245/3245/3245
f 3243/3243/3243/3243 3237/3237/3237/3237 3246/3246/3246/3246
f 3242/3242/3242/3242 3247/3247/3247/3247 3239/3239/3239/3239
f 3248/3248/3248/3248 3239/3239/3239/3239 3249/3249/3249/3249
f 3248/3248/3248/3248 3250/3250/3250/3250 3239/3239/3239/3239
f 3251/3251/3251/3251 3252/3252/3252/3252 3248/3248/3248/3248
f 3253/3253/3253/3253 3251/3251/3251/3251 3248/3248/3248/3248
f 3254/3254/3254/3254 3255/3255/3255/3255 3256/3256/3256/3256
f 3257/3257/3257/3257 3258/3258/3258/3258 3259/3259/3259/3259
f 3260/3260/3260/3260 3261/3261/3261/3261 3262/3262/3262/3262
f 3263/3263/3263/3263 3264/3264/3264/3264 3256/3256/3256/3256
f 3265/3265/3265/3265 3266/3266/3266/3266 3256/3256/3256/3256
f 3259/3259/3259/3259 3267/3267/3267/3267 3268/3268/3268/3268
f 3257/3257/3257/3257 3259/3259/3259/3259 3268/3268/3268/3268
f 3269/3269/3269/3269 3257/3257/3257/3257 3260/3260/3260/3260
f 3269/3269/3269/3269 3270/3270/3270/3270 3257/3257/3257/3257
f 3260/3260/3260/3260 3271/3271/3271/3271 3269/3269/3269/3269
f 3272/3272/3272/3272 3273/3273/3273/3273 3274/3274/3274/3274
f 3275/3275/3275/3275 3276/3276/3276/3276 3272/3272/3272/3272
f 3272/3272/3272/3272 3277/3277/3277/3277 3278/3278/3278/3278
f 3279/3279/3279/3279 3280/3280/3280/3280 3281/3281/3281/3281
f 3281/3281/3281/3281 3282/3282/3282/3282 3279/3279/3279/3279
f 3280/3280/3280/3280 3283/3283/3283/3283 3281/3281/3281/3281
f 3284/3284/3284/3284 3285/3285/3285/3285 3280/3280/3280/3280
f 3286/3286/3286/3286 3284/3284/3284/3284 3280/3280/3280/3280
f 3286/3286/3286/3286 3287/3287/3287/3287 3284/3284/3284/3284
f 3288/3288/3288/3288 3289/3289/3289/3289 3279/3279/3279/3279
f 1114/1114/1114/1114 1115/1115/1115/1115 1121/1121/1121/1121
f 1107/1107/1107/1107 1105/1105/1105/1105 1106/1106/1106/1106
f 1117/1117/1117/1117 1119/1119/1119/1119 1115/1115/1115/1115
f 1121/1121/1121/1121 1107/1107/1107/1107 1106/1106/1106/1106
f 1119/1119/1119/1119 1121/1121/1121/1121 1115/1115/1115/1115
f 1119/1119/1119/1119 1120/1120/1120/1120 1121/1121/1121/1121
f 1117/1117/1117/1117 1118/1118/1118/1118 1119/1119/1119/1119
f 1106/1106/1106/1106 1114/1114/1114/1114 1121/1121/1121/1121
f 1115/1115/1115/1115 1116/1116/1116/1116 1117/1117/1117/1117
f 1073/1073/1073/1073 1074/1074/1074/1074 3290/3290/3290/3290
f 3290/3290/3290/3290 3291/3291/3291/3291 1073/1073/1073/1073
f 1077/1077/1077/1077 1076/1076/1076/1076 1099/1099/1099/1099
f 1061/1061/1061/1061 1060/1060/1060/1060 1094/1094/1094/1094
f 1057/1057/1057/1057 1056/1056/1056/1056 1055/1055/1055/1055
f 1050/1050/1050/1050 1049/1049/1049/1049 1053/1053/1053/1053
f 1076/1076/1076/1076 1049/1049/1049/1049 1099/1099/1099/1099
f 1052/1052/1052/1052 1051/1051/1051/1051 1050/1050/1050/1050
f 1053/1053/1053/1053 1049/1049/1049/1049 1075/1075/1075/1075
f 1053/1053/1053/1053 1052/1052/1052/1052 1050/1050/1050/1050
f 1053/1053/1053/1053 3292/3292/3292/3292 1048/1048/1048/1048
f 3293/3293/3293/3293 3292/3292/3292/3292 1053/1053/1053/1053
f 1075/1075/1075/1075 3293/3293/3293/3293 1053/1053/1053/1053
f 1049/1049/1049/1049 1076/1076/1076/1076 1075/1075/1075/1075
f 1078/1078/1078/1078 1077/1077/1077/1077 1099/1099/1099/1099
f 1102/1102/1102/1102 1078/1078/1078/1078 1099/1099/1099/1099
f 1080/1080/1080/1080 1079/1079/1079/1079 1055/1055/1055/1055
f 1081/1081/1081/1081 1080/1080/1080/1080 1055/1055/1055/1055
f 1054/1054/1054/1054 1047/1047/1047/1047 1081/1081/1081/1081
f 1055/1055/1055/1055 1054/1054/1054/1054 1081/1081/1081/1081
f 1055/1055/1055/1055 1079/1079/1079/1079 1057/1057/1057/1057
f 1059/1059/1059/1059 1058/1058/1058/1058 1103/1103/1103/1103
f 1079/1079/1079/1079 1078/1078/1078/1078 1102/1102/1102/1102
f 1057/1057/1057/1057 1102/1102/1102/1102 1058/1058/1058/1058
f 1059/1059/1059/1059 1103/1103/1103/1103 1095/1095/1095/1095
f 1062/1062/1062/1062 1092/1092/1092/1092 1091/1091/1091/1091
f 1094/1094/1094/1094 1093/1093/1093/1093 1061/1061/1061/1061
f 1092/1092/1092/1092 1062/1062/1062/1062 1061/1061/1061/1061
f 1061/1061/1061/1061 1093/1093/1093/1093 1092/1092/1092/1092
f 1095/1095/1095/1095 1094/1094/1094/1094 1060/1060/1060/1060
f 1103/1103/1103/1103 1098/1098/1098/1098 1095/1095/1095/1095
f 1095/1095/1095/1095 1060/1060/1060/1060 1059/1059/1059/1059
f 1058/1058/1058/1058 1104/1104/1104/1104 1103/1103/1103/1103
f 1102/1102/1102/1102 1057/1057/1057/1057 1079/1079/1079/1079
f 1101/1101/1101/1101 1104/1104/1104/1104 1058/1058/1058/1058
f 1102/1102/1102/1102 1101/1101/1101/1101 1058/1058/1058/1058
f 3294/3294/3294/3294 3295/3295/3295/3295 3296/3296/3296/3296
f 3296/3296/3296/3296 3297/3297/3297/3297 3294/3294/3294/3294
f 1049/1049/1049/1049 1100/1100/1100/1100 1099/1099/1099/1099
f 1083/1083/1083/1083 1063/1063/1063/1063 1062/1062/1062/1062
f 1083/1083/1083/1083 1082/1082/1082/1082 1063/1063/1063/1063
f 1063/1063/1063/1063 1082/1082/1082/1082 1064/1064/1064/1064
f 1135/1135/1135/1135 1134/1134/1134/1134 3298/3298/3298/3298
f 3298/3298/3298/3298 1096/1096/1096/1096 1135/1135/1135/1135
f 1144/1144/1144/1144 1088/1088/1088/1088 1087/1087/1087/1087
f 1072/1072/1072/1072 1071/1071/1071/1071 1145/1145/1145/1145
f 1086/1086/1086/1086 3299/3299/3299/3299 1087/1087/1087/1087
f 1144/1144/1144/1144 3299/3299/3299/3299 1100/1100/1100/1100
f 1098/1098/1098/1098 1100/1100/1100/1100 1095/1095/1095/1095
f 1087/1087/1087/1087 3299/3299/3299/3299 1144/1144/1144/1144
f 3299/3299/3299/3299 1095/1095/1095/1095 1100/1100/1100/1100
f 1097/1097/1097/1097 1085/1085/1085/1085 1091/1091/1091/1091
f 1085/1085/1085/1085 1097/1097/1097/1097 3299/3299/3299/3299
f 1091/1091/1091/1091 1092/1092/1092/1092 1097/1097/1097/1097
f 1091/1091/1091/1091 1085/1085/1085/1085 1084/1084/1084/1084
f 1084/1084/1084/1084 1062/1062/1062/1062 1091/1091/1091/1091
f 1062/1062/1062/1062 1084/1084/1084/1084 1083/1083/1083/1083
f 3299/3299/3299/3299 1086/1086/1086/1086 1085/1085/1085/1085
f 1144/1144/1144/1144 1070/1070/1070/1070 1069/1069/1069/1069
f 1069/1069/1069/1069 1089/1089/1089/1089 1144/1144/1144/1144
f 1089/1089/1089/1089 1088/1088/1088/1088 1144/1144/1144/1144
f 1089/1089/1089/1089 1069/1069/1069/1069 1090/1090/1090/1090
f 1070/1070/1070/1070 1145/1145/1145/1145 1071/1071/1071/1071
f 1145/1145/1145/1145 1070/1070/1070/1070 1144/1144/1144/1144
f 1143/1143/1143/1143 1142/1142/1142/1142 3300/3300/3300/3300
f 3300/3300/3300/3300 3301/3301/3301/3301 1143/1143/1143/1143
f 3302/3302/3302/3302 1133/1133/1133/1133 3303/3303/3303/3303
f 3303/3303/3303/3303 1133/1133/1133/1133 3304/3304/3304/3304
f 1122/1122/1122/1122 1124/1124/1124/1124 1125/1125/1125/1125
f 1108/1108/1108/1108 1130/1130/1130/1130 1111/1111/1111/1111
f 1111/1111/1111/1111 1110/1110/1110/1110 1108/1108/1108/1108
f 1130/1130/1130/1130 1126/1126/1126/1126 1128/1128/1128/1128
f 1125/1125/1125/1125 1108/1108/1108/1108 1122/1122/1122/1122
f 1130/1130/1130/1130 1108/1108/1108/1108 1125/1125/1125/1125
f 1130/1130/1130/1130 1113/1113/1113/1113 1111/1111/1111/1111
f 1128/1128/1128/1128 1129/1129/1129/1129 1130/1130/1130/1130
f 1126/1126/1126/1126 1127/1127/1127/1127 1128/1128/1128/1128
f 1125/1125/1125/1125 1126/1126/1126/1126 1130/1130/1130/1130
f 1122/1122/1122/1122 1123/1123/1123/1123 1124/1124/1124/1124
f 1110/1110/1110/1110 1109/1109/1109/1109 1108/1108/1108/1108
f 1112/1112/1112/1112 1111/1111/1111/1111 1113/1113/1113/1113
f 3305/3305/3305/3305 3306/3306/3306/3306 3307/3307/3307/3307
f 3308/3308/3308/3308 3307/3307/3307/3307 3306/3306/3306/3306
f 3309/3309/3309/3309 3310/3310/3310/3310 3311/3311/3311/3311
f 3311/3311/3311/3311 3312/3312/3312/3312 3309/3309/3309/3309
f 2801/2801/2801/2801 1065/1065/1065/1065 2802/2802/2802/2802
f 2802/2802/2802/2802 2803/2803/2803/2803 2801/2801/2801/2801
f 3313/3313/3313/3313 3314/3314/3314/3314 3315/3315/3315/3315
f 3315/3315/3315/3315 3316/3316/3316/3316 3313/3313/3313/3313
f 3317/3317/3317/3317 3318/3318/3318/3318 3319/3319/3319/3319
f 3319/3319/3319/3319 3320/3320/3320/3320 3317/3317/3317/3317
f 3321/3321/3321/3321 3322/3322/3322/3322 3323/3323/3323/3323
f 3323/3323/3323/3323 3324/3324/3324/3324 3321/3321/3321/3321
f 2804/2804/2804/2804 1066/1066/1066/1066 3325/3325/3325/3325
f 3325/3325/3325/3325 3326/3326/3326/3326 2804/2804/2804/2804
f 3327/3327/3327/3327 3328/3328/3328/3328 3329/3329/3329/3329
f 3330/3330/3330/3330 3329/3329/3329/3329 3328/3328/3328/3328
f 3331/3331/3331/3331 3332/3332/3332/3332 3333/3333/3333/3333
f 3333/3333/3333/3333 3334/3334/3334/3334 3331/3331/3331/3331
f 3335/3335/3335/3335 3336/3336/3336/3336 3337/3337/3337/3337
f 3337/3337/3337/3337 3338/3338/3338/3338 3335/3335/3335/3335
f 2805/2805/2805/2805 1067/1067/1067/1067 3339/3339/3339/3339
f 3339/3339/3339/3339 3340/3340/3340/3340 2805/2805/2805/2805
f 3341/3341/3341/3341 3342/3342/3342/3342 3343/3343/3343/3343
f 3344/3344/3344/3344 3343/3343/3343/3343 3342/3342/3342/3342
f 3345/3345/3345/3345 3346/3346/3346/3346 3347/3347/3347/3347
f 3347/3347/3347/3347 3348/3348/3348/3348 3345/3345/3345/3345
f 3349/3349/3349/3349 3350/3350/3350/3350 3351/3351/3351/3351
f 3351/3351/3351/3351 3350/3350/3350/3350 3352/3352/3352/3352
f 3353/3353/3353/3353 3354/3354/3354/3354 3355/3355/3355/3355
f 3355/3355/3355/3355 3356/3356/3356/3356 3353/3353/3353/3353
f 2806/2806/2806/2806 1068/1068/1068/1068 3357/3357/3357/3357
f 3357/3357/3357/3357 3358/3358/3358/3358 2806/2806/2806/2806
f 3359/3359/3359/3359 3360/3360/3360/3360 3361/3361/3361/3361
f 3361/3361/3361/3361 3362/3362/3362/3362 3359/3359/3359/3359
f 3363/3363/3363/3363 3364/3364/3364/3364 3365/3365/3365/3365
f 3365/3365/3365/3365 3366/3366/3366/3366 3363/3363/3363/3363
f 2807/2807/2807/2807 2808/2808/2808/2808 3367/3367/3367/3367
f 3367/3367/3367/3367 3368/3368/3368/3368 2807/2807/2807/2807
f 3369/3369/3369/3369 3370/3370/3370/3370 3371/3371/3371/3371
f 3371/3371/3371/3371 3372/3372/3372/3372 3369/3369/3369/3369
f 3373/3373/3373/3373 3374/3374/3374/3374 3375/3375/3375/3375
f 3375/3375/3375/3375 3376/3376/3376/3376 3373/3373/3373/3373
f 3377/3377/3377/3377 3378/3378/3378/3378 3379/3379/3379/3379
f 3379/3379/3379/3379 3380/3380/3380/3380 3377/3377/3377/3377
f 2809/2809/2809/2809 2810/2810/2810/2810 2811/2811/2811/2811
f 2811/2811/2811/2811 2812/2812/2812/2812 2809/2809/2809/2809
f 3381/3381/3381/3381 3382/3382/3382/3382 3383/3383/3383/3383
f 3384/3384/3384/3384 3383/3383/3383/3383 3382/3382/3382/3382
f 3385/3385/3385/3385 3386/3386/3386/3386 1136/1136/1136/1136
f 1136/1136/1136/1136 1131/1131/1131/1131 1132/1132/1132/1132
f 1136/1136/1136/1136 1132/1132/1132/1132 3385/3385/3385/3385
f 1132/1132/1132/1132 3387/3387/3387/3387 3385/3385/3385/3385
f 1137/1137/1137/1137 1138/1138/1138/1138 1139/1139/1139/1139
f 1138/1138/1138/1138 1137/1137/1137/1137 3388/3388/3388/3388
f 3388/3388/3388/3388 3389/3389/3389/3389 1140/1140/1140/1140
f 3388/3388/3388/3388 1141/1141/1141/1141 1138/1138/1138/1138
f 3388/3388/3388/3388 1140/1140/1140/1140 1141/1141/1141/1141
f 3390/3390/3390/3390 3391/3391/3391/3391 3392/3392/3392/3392
f 3392/3392/3392/3392 3393/3393/3393/3393 3390/3390/3390/3390
f 3394/3394/3394/3394 3395/3395/3395/3395 3396/3396/3396/3396
f 3396/3396/3396/3396 3395/3395/3395/3395 3397/3397/3397/3397
f 3398/3398/3398/3398 3399/3399/3399/3399 3400/3400/3400/3400
f 3400/3400/3400/3400 3401/3401/3401/3401 3398/3398/3398/3398
f 3402/3402/3402/3402 3394/3394/3394/3394 3396/3396/3396/3396
f 3396/3396/3396/3396 3403/3403/3403/3403 3402/3402/3402/3402
f 3404/3404/3404/3404 3405/3405/3405/3405 3406/3406/3406/3406
f 3406/3406/3406/3406 3405/3405/3405/3405 3407/3407/3407/3407
f 3393/3393/3393/3393 3392/3392/3392/3392 3408/3408/3408/3408
f 3408/3408/3408/3408 3409/3409/3409/3409 3393/3393/3393/3393
f 3410/3410/3410/3410 3411/3411/3411/3411 3412/3412/3412/3412
f 3412/3412/3412/3412 3413/3413/3413/3413 3410/3410/3410/3410
f 3414/3414/3414/3414 3400/3400/3400/3400 3399/3399/3399/3399
f 3400/3400/3400/3400 3414/3414/3414/3414 3415/3415/3415/3415
f 3412/3412/3412/3412 3416/3416/3416/3416 3417/3417/3417/3417
f 3417/3417/3417/3417 3413/3413/3413/3413 3412/3412/3412/3412
f 3418/3418/3418/3418 3404/3404/3404/3404 3419/3419/3419/3419
f 3419/3419/3419/3419 3404/3404/3404/3404 3406/3406/3406/3406
f 1157/1157/1157/1157 1156/1156/1156/1156 2813/2813/2813/2813
f 2813/2813/2813/2813 1156/1156/1156/1156 2814/2814/2814/2814
f 2815/2815/2815/2815 2816/2816/2816/2816 1149/1149/1149/1149
f 1150/1150/1150/1150 1149/1149/1149/1149 2816/2816/2816/2816
f 3325/3325/3325/3325 1066/1066/1066/1066 1164/1164/1164/1164
f 1165/1165/1165/1165 1164/1164/1164/1164 1066/1066/1066/1066
f 1158/1158/1158/1158 3420/3420/3420/3420 3421/3421/3421/3421
f 3421/3421/3421/3421 2817/2817/2817/2817 1158/1158/1158/1158
f 1151/1151/1151/1151 3422/3422/3422/3422 2818/2818/2818/2818
f 2818/2818/2818/2818 3422/3422/3422/3422 3423/3423/3423/3423
f 3339/3339/3339/3339 1067/1067/1067/1067 3424/3424/3424/3424
f 1166/1166/1166/1166 3424/3424/3424/3424 1067/1067/1067/1067
f 3425/3425/3425/3425 2819/2819/2819/2819 1159/1159/1159/1159
f 2819/2819/2819/2819 3425/3425/3425/3425 3426/3426/3426/3426
f 1152/1152/1152/1152 3427/3427/3427/3427 2820/2820/2820/2820
f 2820/2820/2820/2820 3427/3427/3427/3427 3428/3428/3428/3428
f 3357/3357/3357/3357 1068/1068/1068/1068 3429/3429/3429/3429
f 1167/1167/1167/1167 3429/3429/3429/3429 1068/1068/1068/1068
f 1160/1160/1160/1160 3430/3430/3430/3430 2821/2821/2821/2821
f 2821/2821/2821/2821 3430/3430/3430/3430 3431/3431/3431/3431
f 1153/1153/1153/1153 1146/1146/1146/1146 2822/2822/2822/2822
f 2822/2822/2822/2822 1146/1146/1146/1146 2823/2823/2823/2823
f 3367/3367/3367/3367 2808/2808/2808/2808 3432/3432/3432/3432
f 1168/1168/1168/1168 3432/3432/3432/3432 2808/2808/2808/2808
f 1161/1161/1161/1161 3433/3433/3433/3433 2824/2824/2824/2824
f 2824/2824/2824/2824 3433/3433/3433/3433 3434/3434/3434/3434
f 3435/3435/3435/3435 2825/2825/2825/2825 3436/3436/3436/3436
f 1154/1154/1154/1154 3436/3436/3436/3436 2825/2825/2825/2825
f 1169/1169/1169/1169 2826/2826/2826/2826 3437/3437/3437/3437
f 3437/3437/3437/3437 2826/2826/2826/2826 3438/3438/3438/3438
f 2811/2811/2811/2811 2810/2810/2810/2810 1147/1147/1147/1147
f 2827/2827/2827/2827 1147/1147/1147/1147 2810/2810/2810/2810
f 3439/3439/3439/3439 2828/2828/2828/2828 3440/3440/3440/3440
f 1162/1162/1162/1162 3440/3440/3440/3440 2828/2828/2828/2828
f 3441/3441/3441/3441 2829/2829/2829/2829 1155/1155/1155/1155
f 1155/1155/1155/1155 3442/3442/3442/3442 3441/3441/3441/3441
f 1170/1170/1170/1170 3443/3443/3443/3443 3444/3444/3444/3444
f 3444/3444/3444/3444 3443/3443/3443/3443 3445/3445/3445/3445
f 1148/1148/1148/1148 2830/2830/2830/2830 2831/2831/2831/2831
f 2830/2830/2830/2830 1148/1148/1148/1148 2832/2832/2832/2832
f 1163/1163/1163/1163 3446/3446/3446/3446 2833/2833/2833/2833
f 2833/2833/2833/2833 3446/3446/3446/3446 3447/3447/3447/3447
f 3448/3448/3448/3448 3449/3449/3449/3449 3450/3450/3450/3450
f 3451/3451/3451/3451 3450/3450/3450/3450 3449/3449/3449/3449
f 1171/1171/1171/1171 3452/3452/3452/3452 3453/3453/3453/3453
f 3453/3453/3453/3453 3452/3452/3452/3452 3454/3454/3454/3454
f 3455/3455/3455/3455 2834/2834/2834/2834 2835/2835/2835/2835
f 2834/2834/2834/2834 3455/3455/3455/3455 3456/3456/3456/3456
f 2802/2802/2802/2802 1065/1065/1065/1065 2836/2836/2836/2836
f 3457/3457/3457/3457 2836/2836/2836/2836 1065/1065/1065/1065
f 1239/1239/1239/1239 1231/1231/1231/1231 1246/1246/1246/1246
f 1231/1231/1231/1231 1230/1230/1230/1230 1232/1232/1232/1232
f 1240/1240/1240/1240 1246/1246/1246/1246 1244/1244/1244/1244
f 1242/1242/1242/1242 1240/1240/1240/1240 1244/1244/1244/1244
f 1231/1231/1231/1231 1232/1232/1232/1232 1246/1246/1246/1246
f 1240/1240/1240/1240 1239/1239/1239/1239 1246/1246/1246/1246
f 1242/1242/1242/1242 1241/1241/1241/1241 1240/1240/1240/1240
f 1244/1244/1244/1244 1243/1243/1243/1243 1242/1242/1242/1242
f 1246/1246/1246/1246 1245/1245/1245/1245 1244/1244/1244/1244
f 1198/1198/1198/1198 3458/3458/3458/3458 3459/3459/3459/3459
f 3459/3459/3459/3459 1199/1199/1199/1199 1198/1198/1198/1198
f 1187/1187/1187/1187 1216/1216/1216/1216 1217/1217/1217/1217
f 1220/1220/1220/1220 1228/1228/1228/1228 1184/1184/1184/1184
f 1229/1229/1229/1229 1226/1226/1226/1226 1183/1183/1183/1183
f 1179/1179/1179/1179 1180/1180/1180/1180 1206/1206/1206/1206
f 1227/1227/1227/1227 1224/1224/1224/1224 1203/1203/1203/1203
f 1178/1178/1178/1178 1174/1174/1174/1174 1175/1175/1175/1175
f 1206/1206/1206/1206 1172/1172/1172/1172 1179/1179/1179/1179
f 1175/1175/1175/1175 1176/1176/1176/1176 1177/1177/1177/1177
f 1185/1185/1185/1185 1219/1219/1219/1219 1220/1220/1220/1220
f 1183/1183/1183/1183 1184/1184/1184/1184 1228/1228/1228/1228
f 1204/1204/1204/1204 1180/1180/1180/1180 1182/1182/1182/1182
f 1228/1228/1228/1228 1229/1229/1229/1229 1183/1183/1183/1183
f 1220/1220/1220/1220 1223/1223/1223/1223 1228/1228/1228/1228
f 1219/1219/1219/1219 1185/1185/1185/1185 1186/1186/1186/1186
f 1186/1186/1186/1186 1187/1187/1187/1187 1217/1217/1217/1217
f 1217/1217/1217/1217 1218/1218/1218/1218 1186/1186/1186/1186
f 1186/1186/1186/1186 1218/1218/1218/1218 1219/1219/1219/1219
f 1184/1184/1184/1184 1185/1185/1185/1185 1220/1220/1220/1220
f 1183/1183/1183/1183 1226/1226/1226/1226 1227/1227/1227/1227
f 1182/1182/1182/1182 1180/1180/1180/1180 1181/1181/1181/1181
f 1182/1182/1182/1182 1227/1227/1227/1227 1204/1204/1204/1204
f 1183/1183/1183/1183 1227/1227/1227/1227 1182/1182/1182/1182
f 3460/3460/3460/3460 3461/3461/3461/3461 1178/1178/1178/1178
f 1204/1204/1204/1204 1205/1205/1205/1205 1180/1180/1180/1180
f 1180/1180/1180/1180 1205/1205/1205/1205 1206/1206/1206/1206
f 1203/1203/1203/1203 1204/1204/1204/1204 1227/1227/1227/1227
f 1224/1224/1224/1224 1174/1174/1174/1174 1201/1201/1201/1201
f 1224/1224/1224/1224 1202/1202/1202/1202 1203/1203/1203/1203
f 1200/1200/1200/1200 1174/1174/1174/1174 1178/1178/1178/1178
f 1201/1201/1201/1201 1202/1202/1202/1202 1224/1224/1224/1224
f 1174/1174/1174/1174 1200/1200/1200/1200 1201/1201/1201/1201
f 1178/1178/1178/1178 3461/3461/3461/3461 1200/1200/1200/1200
f 1173/1173/1173/1173 3460/3460/3460/3460 1178/1178/1178/1178
f 1177/1177/1177/1177 1178/1178/1178/1178 1175/1175/1175/1175
f 3462/3462/3462/3462 3463/3463/3463/3463 3464/3464/3464/3464
f 3462/3462/3462/3462 3465/3465/3465/3465 3463/3463/3463/3463
f 1174/1174/1174/1174 1224/1224/1224/1224 1225/1225/1225/1225
f 1207/1207/1207/1207 1208/1208/1208/1208 1188/1188/1188/1188
f 1189/1189/1189/1189 1207/1207/1207/1207 1188/1188/1188/1188
f 1208/1208/1208/1208 1187/1187/1187/1187 1188/1188/1188/1188
f 1260/1260/1260/1260 1221/1221/1221/1221 3466/3466/3466/3466
f 3466/3466/3466/3466 1259/1259/1259/1259 1260/1260/1260/1260
f 1269/1269/1269/1269 1214/1214/1214/1214 1194/1194/1194/1194
f 1196/1196/1196/1196 1197/1197/1197/1197 1270/1270/1270/1270
f 1225/1225/1225/1225 1220/1220/1220/1220 3467/3467/3467/3467
f 1212/1212/1212/1212 1269/1269/1269/1269 3467/3467/3467/3467
f 1269/1269/1269/1269 1195/1195/1195/1195 1270/1270/1270/1270
f 1270/1270/1270/1270 1195/1195/1195/1195 1196/1196/1196/1196
f 1194/1194/1194/1194 1195/1195/1195/1195 1269/1269/1269/1269
f 1215/1215/1215/1215 1194/1194/1194/1194 1214/1214/1214/1214
f 1212/1212/1212/1212 1213/1213/1213/1213 1269/1269/1269/1269
f 1269/1269/1269/1269 1213/1213/1213/1213 1214/1214/1214/1214
f 1210/1210/1210/1210 1211/1211/1211/1211 3467/3467/3467/3467
f 3467/3467/3467/3467 1222/1222/1222/1222 1210/1210/1210/1210
f 1209/1209/1209/1209 1187/1187/1187/1187 1208/1208/1208/1208
f 1222/1222/1222/1222 1216/1216/1216/1216 1210/1210/1210/1210
f 1209/1209/1209/1209 1210/1210/1210/1210 1216/1216/1216/1216
f 1216/1216/1216/1216 1187/1187/1187/1187 1209/1209/1209/1209
f 1217/1217/1217/1217 1216/1216/1216/1216 1222/1222/1222/1222
f 1220/1220/1220/1220 1225/1225/1225/1225 1223/1223/1223/1223
f 1211/1211/1211/1211 1212/1212/1212/1212 3467/3467/3467/3467
f 1225/1225/1225/1225 3467/3467/3467/3467 1269/1269/1269/1269
f 1268/1268/1268/1268 3468/3468/3468/3468 3469/3469/3469/3469
f 3469/3469/3469/3469 1267/1267/1267/1267 1268/1268/1268/1268
f 3470/3470/3470/3470 3471/3471/3471/3471 1258/1258/1258/1258
f 3471/3471/3471/3471 3472/3472/3472/3472 1258/1258/1258/1258
f 1233/1233/1233/1233 1236/1236/1236/1236 1255/1255/1255/1255
f 1249/1249/1249/1249 1248/1248/1248/1248 1247/1247/1247/1247
f 1253/1253/1253/1253 1251/1251/1251/1251 1255/1255/1255/1255
f 1238/1238/1238/1238 1236/1236/1236/1236 1237/1237/1237/1237
f 1233/1233/1233/1233 1235/1235/1235/1235 1236/1236/1236/1236
f 1233/1233/1233/1233 1234/1234/1234/1234 1235/1235/1235/1235
f 1250/1250/1250/1250 1233/1233/1233/1233 1255/1255/1255/1255
f 1247/1247/1247/1247 1233/1233/1233/1233 1250/1250/1250/1250
f 1250/1250/1250/1250 1249/1249/1249/1249 1247/1247/1247/1247
f 1251/1251/1251/1251 1250/1250/1250/1250 1255/1255/1255/1255
f 1253/1253/1253/1253 1252/1252/1252/1252 1251/1251/1251/1251
f 1238/1238/1238/1238 1255/1255/1255/1255 1236/1236/1236/1236
f 1255/1255/1255/1255 1254/1254/1254/1254 1253/1253/1253/1253
f 3473/3473/3473/3473 3474/3474/3474/3474 3475/3475/3475/3475
f 3473/3473/3473/3473 3476/3476/3476/3476 3474/3474/3474/3474
f 3477/3477/3477/3477 3478/3478/3478/3478 3479/3479/3479/3479
f 3477/3477/3477/3477 3480/3480/3480/3480 3478/3478/3478/3478
f 2837/2837/2837/2837 2838/2838/2838/2838 1190/1190/1190/1190
f 2837/2837/2837/2837 2839/2839/2839/2839 2838/2838/2838/2838
f 3481/3481/3481/3481 3482/3482/3482/3482 3483/3483/3483/3483
f 3481/3481/3481/3481 3484/3484/3484/3484 3482/3482/3482/3482
f 3485/3485/3485/3485 3486/3486/3486/3486 3487/3487/3487/3487
f 3487/3487/3487/3487 3488/3488/3488/3488 3485/3485/3485/3485
f 3489/3489/3489/3489 3490/3490/3490/3490 3491/3491/3491/3491
f 3489/3489/3489/3489 3492/3492/3492/3492 3490/3490/3490/3490
f 2840/2840/2840/2840 3493/3493/3493/3493 1191/1191/1191/1191
f 2840/2840/2840/2840 3494/3494/3494/3494 3493/3493/3493/3493
f 3495/3495/3495/3495 3496/3496/3496/3496 3497/3497/3497/3497
f 3497/3497/3497/3497 3498/3498/3498/3498 3495/3495/3495/3495
f 3499/3499/3499/3499 3500/3500/3500/3500 3501/3501/3501/3501
f 3499/3499/3499/3499 3502/3502/3502/3502 3500/3500/3500/3500
f 3503/3503/3503/3503 3504/3504/3504/3504 3505/3505/3505/3505
f 3503/3503/3503/3503 3506/3506/3506/3506 3504/3504/3504/3504
f 2841/2841/2841/2841 3507/3507/3507/3507 1192/1192/1192/1192
f 2841/2841/2841/2841 3508/3508/3508/3508 3507/3507/3507/3507
f 3509/3509/3509/3509 3510/3510/3510/3510 3511/3511/3511/3511
f 3509/3509/3509/3509 3512/3512/3512/3512 3510/3510/3510/3510
f 3513/3513/3513/3513 3514/3514/3514/3514 3515/3515/3515/3515
f 3513/3513/3513/3513 3516/3516/3516/3516 3514/3514/3514/3514
f 3517/3517/3517/3517 3518/3518/3518/3518 3519/3519/3519/3519
f 3518/3518/3518/3518 3520/3520/3520/3520 3519/3519/3519/3519
f 3521/3521/3521/3521 3522/3522/3522/3522 3523/3523/3523/3523
f 3521/3521/3521/3521 3524/3524/3524/3524 3522/3522/3522/3522
f 2842/2842/2842/2842 3525/3525/3525/3525 1193/1193/1193/1193
f 2842/2842/2842/2842 3526/3526/3526/3526 3525/3525/3525/3525
f 3527/3527/3527/3527 3528/3528/3528/3528 3529/3529/3529/3529
f 3529/3529/3529/3529 3530/3530/3530/3530 3527/3527/3527/3527
f 3531/3531/3531/3531 3532/3532/3532/3532 3533/3533/3533/3533
f 3533/3533/3533/3533 3534/3534/3534/3534 3531/3531/3531/3531
f 2843/2843/2843/2843 3535/3535/3535/3535 2844/2844/2844/2844
f 2843/2843/2843/2843 3536/3536/3536/3536 3535/3535/3535/3535
f 3537/3537/3537/3537 3538/3538/3538/3538 3539/3539/3539/3539
f 3537/3537/3537/3537 3540/3540/3540/3540 3538/3538/3538/3538
f 3541/3541/3541/3541 3542/3542/3542/3542 3543/3543/3543/3543
f 3543/3543/3543/3543 3544/3544/3544/3544 3541/3541/3541/3541
f 3545/3545/3545/3545 3546/3546/3546/3546 3547/3547/3547/3547
f 3547/3547/3547/3547 3548/3548/3548/3548 3545/3545/3545/3545
f 2845/2845/2845/2845 2846/2846/2846/2846 2847/2847/2847/2847
f 2845/2845/2845/2845 2848/2848/2848/2848 2846/2846/2846/2846
f 3549/3549/3549/3549 3550/3550/3550/3550 3551/3551/3551/3551
f 3549/3549/3549/3549 3552/3552/3552/3552 3550/3550/3550/3550
f 3553/3553/3553/3553 3554/3554/3554/3554 1257/1257/1257/1257
f 1257/1257/1257/1257 1261/1261/1261/1261 3553/3553/3553/3553
f 1261/1261/1261/1261 1257/1257/1257/1257 1256/1256/1256/1256
f 3553/3553/3553/3553 1261/1261/1261/1261 3555/3555/3555/3555
f 1262/1262/1262/1262 1264/1264/1264/1264 1263/1263/1263/1263
f 3556/3556/3556/3556 1262/1262/1262/1262 1263/1263/1263/1263
f 1263/1263/1263/1263 1266/1266/1266/1266 3556/3556/3556/3556
f 3556/3556/3556/3556 1266/1266/1266/1266 1265/1265/1265/1265
f 1265/1265/1265/1265 3557/3557/3557/3557 3556/3556/3556/3556
f 3558/3558/3558/3558 3559/3559/3559/3559 3560/3560/3560/3560
f 3558/3558/3558/3558 3561/3561/3561/3561 3559/3559/3559/3559
f 3562/3562/3562/3562 3563/3563/3563/3563 3564/3564/3564/3564
f 3563/3563/3563/3563 3565/3565/3565/3565 3564/3564/3564/3564
f 3566/3566/3566/3566 3567/3567/3567/3567 3568/3568/3568/3568
f 3568/3568/3568/3568 3569/3569/3569/3569 3566/3566/3566/3566
f 3570/3570/3570/3570 3571/3571/3571/3571 3563/3563/3563/3563
f 3563/3563/3563/3563 3562/3562/3562/3562 3570/3570/3570/3570
f 3572/3572/3572/3572 3573/3573/3573/3573 3574/3574/3574/3574
f 3573/3573/3573/3573 3575/3575/3575/3575 3574/3574/3574/3574
f 3561/3561/3561/3561 3576/3576/3576/3576 3559/3559/3559/3559
f 3561/3561/3561/3561 3577/3577/3577/3577 3576/3576/3576/3576
f 3578/3578/3578/3578 3579/3579/3579/3579 3580/3580/3580/3580
f 3578/3578/3578/3578 3581/3581/3581/3581 3579/3579/3579/3579
f 3569/3569/3569/3569 3568/3568/3568/3568 3582/3582/3582/3582
f 3568/3568/3568/3568 3583/3583/3583/3583 3582/3582/3582/3582
f 3579/3579/3579/3579 3581/3581/3581/3581 3584/3584/3584/3584
f 3584/3584/3584/3584 3585/3585/3585/3585 3579/3579/3579/3579
f 3586/3586/3586/3586 3587/3587/3587/3587 3572/3572/3572/3572
f 3587/3587/3587/3587 3573/3573/3573/3573 3572/3572/3572/3572
f 1282/1282/1282/1282 2849/2849/2849/2849 1281/1281/1281/1281
f 2849/2849/2849/2849 2850/2850/2850/2850 1281/1281/1281/1281
f 2851/2851/2851/2851 1274/1274/1274/1274 1275/1275/1275/1275
f 2851/2851/2851/2851 2852/2852/2852/2852 1274/1274/1274/1274
f 1191/1191/1191/1191 1289/1289/1289/1289 1290/1290/1290/1290
f 1191/1191/1191/1191 3493/3493/3493/3493 1289/1289/1289/1289
f 1283/1283/1283/1283 2853/2853/2853/2853 3588/3588/3588/3588
f 3588/3588/3588/3588 3589/3589/3589/3589 1283/1283/1283/1283
f 1276/1276/1276/1276 2854/2854/2854/2854 3590/3590/3590/3590
f 2854/2854/2854/2854 3591/3591/3591/3591 3590/3590/3590/3590
f 3592/3592/3592/3592 1291/1291/1291/1291 1192/1192/1192/1192
f 1192/1192/1192/1192 3507/3507/3507/3507 3592/3592/3592/3592
f 1284/1284/1284/1284 2855/2855/2855/2855 3593/3593/3593/3593
f 2855/2855/2855/2855 3594/3594/3594/3594 3593/3593/3593/3593
f 1277/1277/1277/1277 2856/2856/2856/2856 3595/3595/3595/3595
f 2856/2856/2856/2856 3596/3596/3596/3596 3595/3595/3595/3595
f 3597/3597/3597/3597 1292/1292/1292/1292 1193/1193/1193/1193
f 1193/1193/1193/1193 3525/3525/3525/3525 3597/3597/3597/3597
f 1285/1285/1285/1285 2857/2857/2857/2857 3598/3598/3598/3598
f 2857/2857/2857/2857 3599/3599/3599/3599 3598/3598/3598/3598
f 1278/1278/1278/1278 2858/2858/2858/2858 1271/1271/1271/1271
f 2858/2858/2858/2858 2859/2859/2859/2859 1271/1271/1271/1271
f 2844/2844/2844/2844 3600/3600/3600/3600 1293/1293/1293/1293
f 2844/2844/2844/2844 3535/3535/3535/3535 3600/3600/3600/3600
f 1286/1286/1286/1286 2860/2860/2860/2860 3601/3601/3601/3601
f 2860/2860/2860/2860 3602/3602/3602/3602 3601/3601/3601/3601
f 3603/3603/3603/3603 1279/1279/1279/1279 2861/2861/2861/2861
f 2861/2861/2861/2861 3604/3604/3604/3604 3603/3603/3603/3603
f 2862/2862/2862/2862 1294/1294/1294/1294 3605/3605/3605/3605
f 3605/3605/3605/3605 3606/3606/3606/3606 2862/2862/2862/2862
f 2847/2847/2847/2847 1272/1272/1272/1272 2863/2863/2863/2863
f 2847/2847/2847/2847 2846/2846/2846/2846 1272/1272/1272/1272
f 2864/2864/2864/2864 3607/3607/3607/3607 1287/1287/1287/1287
f 2864/2864/2864/2864 3608/3608/3608/3608 3607/3607/3607/3607
f 1280/1280/1280/1280 2865/2865/2865/2865 3609/3609/3609/3609
f 3609/3609/3609/3609 3610/3610/3610/3610 1280/1280/1280/1280
f 3611/3611/3611/3611 1295/1295/1295/1295 3612/3612/3612/3612
f 3612/3612/3612/3612 3613/3613/3613/3613 3611/3611/3611/3611
f 2866/2866/2866/2866 2867/2867/2867/2867 1273/1273/1273/1273
f 2867/2867/2867/2867 2868/2868/2868/2868 1273/1273/1273/1273
f 1288/1288/1288/1288 2869/2869/2869/2869 3614/3614/3614/3614
f 2869/2869/2869/2869 3615/3615/3615/3615 3614/3614/3614/3614
f 3616/3616/3616/3616 3617/3617/3617/3617 3618/3618/3618/3618
f 3616/3616/3616/3616 3619/3619/3619/3619 3617/3617/3617/3617
f 1296/1296/1296/1296 3620/3620/3620/3620 3621/3621/3621/3621
f 3620/3620/3620/3620 3622/3622/3622/3622 3621/3621/3621/3621
f 2870/2870/2870/2870 2871/2871/2871/2871 3623/3623/3623/3623
f 2871/2871/2871/2871 3624/3624/3624/3624 3623/3623/3623/3623
f 2872/2872/2872/2872 3625/3625/3625/3625 1190/1190/1190/1190
f 1190/1190/1190/1190 2838/2838/2838/2838 2872/2872/2872/2872
f 1313/1313/1313/1313 1303/1303/1303/1303 1300/1300/1300/1300
f 1303/1303/1303/1303 1301/1301/1301/1301 1316/1316/1316/1316
f 1313/1313/1313/1313 1300/1300/1300/1300 1298/1298/1298/1298
f 1315/1315/1315/1315 1297/1297/1297/1297 1313/1313/1313/1313
f 1298/1298/1298/1298 1315/1315/1315/1315 1313/1313/1313/1313
f 1300/1300/1300/1300 1299/1299/1299/1299 1298/1298/1298/1298
f 1316/1316/1316/1316 1300/1300/1300/1300 1303/1303/1303/1303
f 1303/1303/1303/1303 1302/1302/1302/1302 1301/1301/1301/1301
f 1303/1303/1303/1303 1317/1317/1317/1317 1302/1302/1302/1302
f 1313/1313/1313/1313 1314/1314/1314/1314 1303/1303/1303/1303
f 1308/1308/1308/1308 1307/1307/1307/1307 2873/2873/2873/2873
f 2873/2873/2873/2873 2874/2874/2874/2874 1308/1308/1308/1308
f 2875/2875/2875/2875 1318/1318/1318/1318 2876/2876/2876/2876
f 1318/1318/1318/1318 1305/1305/1305/1305 2876/2876/2876/2876
f 1311/1311/1311/1311 2877/2877/2877/2877 1312/1312/1312/1312
f 2877/2877/2877/2877 2878/2878/2878/2878 1312/1312/1312/1312
f 2879/2879/2879/2879 2880/2880/2880/2880 1309/1309/1309/1309
f 2880/2880/2880/2880 2881/2881/2881/2881 1309/1309/1309/1309
f 2882/2882/2882/2882 1306/1306/1306/1306 2883/2883/2883/2883
f 2883/2883/2883/2883 2884/2884/2884/2884 2882/2882/2882/2882
f 2885/2885/2885/2885 2886/2886/2886/2886 1319/1319/1319/1319
f 2886/2886/2886/2886 2887/2887/2887/2887 1319/1319/1319/1319
f 1304/1304/1304/1304 2888/2888/2888/2888 1320/1320/1320/1320
f 2888/2888/2888/2888 2889/2889/2889/2889 1320/1320/1320/1320
f 2890/2890/2890/2890 2891/2891/2891/2891 1310/1310/1310/1310
f 2891/2891/2891/2891 2892/2892/2892/2892 1310/1310/1310/1310
f 2893/2893/2893/2893 2894/2894/2894/2894 2895/2895/2895/2895
f 2895/2895/2895/2895 2896/2896/2896/2896 2893/2893/2893/2893
f 2897/2897/2897/2897 2898/2898/2898/2898 2899/2899/2899/2899
f 2899/2899/2899/2899 2900/2900/2900/2900 2897/2897/2897/2897
f 2901/2901/2901/2901 2902/2902/2902/2902 2903/2903/2903/2903
f 2903/2903/2903/2903 2904/2904/2904/2904 2901/2901/2901/2901
f 2905/2905/2905/2905 2906/2906/2906/2906 2907/2907/2907/2907
f 2906/2906/2906/2906 2908/2908/2908/2908 2907/2907/2907/2907
f 1337/1337/1337/1337 1322/1322/1322/1322 1338/1338/1338/1338
f 1338/1338/1338/1338 1327/1327/1327/1327 1337/1337/1337/1337
f 2909/2909/2909/2909 2910/2910/2910/2910 1321/1321/1321/1321
f 2910/2910/2910/2910 1328/1328/1328/1328 1321/1321/1321/1321
f 1336/1336/1336/1336 2911/2911/2911/2911 2912/2912/2912/2912
f 2912/2912/2912/2912 1344/1344/1344/1344 1336/1336/1336/1336
f 1330/1330/1330/1330 1339/1339/1339/1339 1329/1329/1329/1329
f 1339/1339/1339/1339 1324/1324/1324/1324 1329/1329/1329/1329
f 2913/2913/2913/2913 2914/2914/2914/2914 2915/2915/2915/2915
f 2914/2914/2914/2914 2916/2916/2916/2916 2915/2915/2915/2915
f 1331/1331/1331/1331 1332/1332/1332/1332 1325/1325/1325/1325
f 1325/1325/1325/1325 1340/1340/1340/1340 1331/1331/1331/1331
f 1326/1326/1326/1326 1323/1323/1323/1323 2917/2917/2917/2917
f 1323/1323/1323/1323 2918/2918/2918/2918 2917/2917/2917/2917
f 1343/1343/1343/1343 2919/2919/2919/2919 2920/2920/2920/2920
f 1343/1343/1343/1343 2920/2920/2920/2920 2921/2921/2921/2921
f 2921/2921/2921/2921 2922/2922/2922/2922 2923/2923/2923/2923
f 2923/2923/2923/2923 2924/2924/2924/2924 1341/1341/1341/1341
f 1343/1343/1343/1343 2921/2921/2921/2921 2923/2923/2923/2923
f 1341/1341/1341/1341 1342/1342/1342/1342 1343/1343/1343/1343
f 2923/2923/2923/2923 1341/1341/1341/1341 1343/1343/1343/1343
f 2923/2923/2923/2923 2922/2922/2922/2922 2925/2925/2925/2925
f 2925/2925/2925/2925 2926/2926/2926/2926 2923/2923/2923/2923
f 2921/2921/2921/2921 2927/2927/2927/2927 2922/2922/2922/2922
f 1333/1333/1333/1333 2928/2928/2928/2928 2929/2929/2929/2929
f 2928/2928/2928/2928 2930/2930/2930/2930 2929/2929/2929/2929
f 2931/2931/2931/2931 1334/1334/1334/1334 2932/2932/2932/2932
f 1334/1334/1334/1334 1335/1335/1335/1335 2932/2932/2932/2932
f 2933/2933/2933/2933 2934/2934/2934/2934 2935/2935/2935/2935
f 2935/2935/2935/2935 2936/2936/2936/2936 2933/2933/2933/2933
f 2937/2937/2937/2937 2938/2938/2938/2938 2939/2939/2939/2939
f 2938/2938/2938/2938 2940/2940/2940/2940 2939/2939/2939/2939
f 2941/2941/2941/2941 2942/2942/2942/2942 2943/2943/2943/2943
f 2943/2943/2943/2943 2944/2944/2944/2944 2941/2941/2941/2941
f 1361/1361/1361/1361 1363/1363/1363/1363 1346/1346/1346/1346
f 1364/1364/1364/1364 1349/1349/1349/1349 1351/1351/1351/1351
f 1351/1351/1351/1351 1361/1361/1361/1361 1348/1348/1348/1348
f 1351/1351/1351/1351 1362/1362/1362/1362 1361/1361/1361/1361
f 1351/1351/1351/1351 1349/1349/1349/1349 1350/1350/1350/1350
f 1350/1350/1350/1350 1365/1365/1365/1365 1351/1351/1351/1351
f 1348/1348/1348/1348 1364/1364/1364/1364 1351/1351/1351/1351
f 1348/1348/1348/1348 1361/1361/1361/1361 1346/1346/1346/1346
f 1346/1346/1346/1346 1347/1347/1347/1347 1348/1348/1348/1348
f 1361/1361/1361/1361 1345/1345/1345/1345 1363/1363/1363/1363
f 1356/1356/1356/1356 2945/2945/2945/2945 1355/1355/1355/1355
f 2945/2945/2945/2945 1356/1356/1356/1356 2946/2946/2946/2946
f 1366/1366/1366/1366 2947/2947/2947/2947 2948/2948/2948/2948
f 2948/2948/2948/2948 1353/1353/1353/1353 1366/1366/1366/1366
f 1360/1360/1360/1360 2949/2949/2949/2949 1359/1359/1359/1359
f 2949/2949/2949/2949 1360/1360/1360/1360 2950/2950/2950/2950
f 1357/1357/1357/1357 2951/2951/2951/2951 2952/2952/2952/2952
f 2951/2951/2951/2951 1357/1357/1357/1357 2953/2953/2953/2953
f 2954/2954/2954/2954 2955/2955/2955/2955 2956/2956/2956/2956
f 2956/2956/2956/2956 1354/1354/1354/1354 2954/2954/2954/2954
f 1367/1367/1367/1367 2957/2957/2957/2957 2958/2958/2958/2958
f 2957/2957/2957/2957 1367/1367/1367/1367 2959/2959/2959/2959
f 1368/1368/1368/1368 2960/2960/2960/2960 1352/1352/1352/1352
f 2960/2960/2960/2960 1368/1368/1368/1368 2961/2961/2961/2961
f 1358/1358/1358/1358 2962/2962/2962/2962 2963/2963/2963/2963
f 2962/2962/2962/2962 1358/1358/1358/1358 2964/2964/2964/2964
f 2965/2965/2965/2965 2966/2966/2966/2966 2967/2967/2967/2967
f 2966/2966/2966/2966 2965/2965/2965/2965 2968/2968/2968/2968
f 2969/2969/2969/2969 2970/2970/2970/2970 2971/2971/2971/2971
f 2970/2970/2970/2970 2969/2969/2969/2969 2972/2972/2972/2972
f 2973/2973/2973/2973 2974/2974/2974/2974 2975/2975/2975/2975
f 2974/2974/2974/2974 2973/2973/2973/2973 2976/2976/2976/2976
f 2977/2977/2977/2977 2978/2978/2978/2978 2979/2979/2979/2979
f 2978/2978/2978/2978 2977/2977/2977/2977 2980/2980/2980/2980
f 1385/1385/1385/1385 1386/1386/1386/1386 1370/1370/1370/1370
f 1386/1386/1386/1386 1385/1385/1385/1385 1375/1375/1375/1375
f 1369/1369/1369/1369 2981/2981/2981/2981 2982/2982/2982/2982
f 2981/2981/2981/2981 1369/1369/1369/1369 1376/1376/1376/1376
f 1384/1384/1384/1384 2983/2983/2983/2983 2984/2984/2984/2984
f 2983/2983/2983/2983 1384/1384/1384/1384 1392/1392/1392/1392
f 1377/1377/1377/1377 1387/1387/1387/1387 1378/1378/1378/1378
f 1387/1387/1387/1387 1377/1377/1377/1377 1372/1372/1372/1372
f 2985/2985/2985/2985 2986/2986/2986/2986 2987/2987/2987/2987
f 2986/2986/2986/2986 2985/2985/2985/2985 2988/2988/2988/2988
f 1379/1379/1379/1379 1373/1373/1373/1373 1380/1380/1380/1380
f 1373/1373/1373/1373 1379/1379/1379/1379 1388/1388/1388/1388
f 1371/1371/1371/1371 1374/1374/1374/1374 2989/2989/2989/2989
f 2989/2989/2989/2989 2990/2990/2990/2990 1371/1371/1371/1371
f 1391/1391/1391/1391 2991/2991/2991/2991 2992/2992/2992/2992
f 2993/2993/2993/2993 2991/2991/2991/2991 1391/1391/1391/1391
f 2991/2991/2991/2991 2993/2993/2993/2993 2994/2994/2994/2994
f 2994/2994/2994/2994 2995/2995/2995/2995 2991/2991/2991/2991
f 2993/2993/2993/2993 2996/2996/2996/2996 2994/2994/2994/2994
f 2993/2993/2993/2993 2997/2997/2997/2997 2996/2996/2996/2996
f 1389/1389/1389/1389 2998/2998/2998/2998 2993/2993/2993/2993
f 1391/1391/1391/1391 1389/1389/1389/1389 2993/2993/2993/2993
f 1391/1391/1391/1391 1390/1390/1390/1390 1389/1389/1389/1389
f 2992/2992/2992/2992 2999/2999/2999/2999 1391/1391/1391/1391
f 3000/3000/3000/3000 3001/3001/3001/3001 1381/1381/1381/1381
f 3001/3001/3001/3001 3000/3000/3000/3000 3002/3002/3002/3002
f 1382/1382/1382/1382 3003/3003/3003/3003 3004/3004/3004/3004
f 3004/3004/3004/3004 1383/1383/1383/1383 1382/1382/1382/1382
f 3005/3005/3005/3005 3006/3006/3006/3006 3007/3007/3007/3007
f 3006/3006/3006/3006 3005/3005/3005/3005 3008/3008/3008/3008
f 3009/3009/3009/3009 3010/3010/3010/3010 3011/3011/3011/3011
f 3010/3010/3010/3010 3009/3009/3009/3009 3012/3012/3012/3012
f 3013/3013/3013/3013 3014/3014/3014/3014 3015/3015/3015/3015
f 3015/3015/3015/3015 3016/3016/3016/3016 3013/3013/3013/3013
f 3626/3626/3626/3626 3627/3627/3627/3627 3628/3628/3628/3628
f 3629/3629/3629/3629 3630/3630/3630/3630 3631/3631/3631/3631
f 3632/3632/3632/3632 3633/3633/3633/3633 3634/3634/3634/3634
f 3632/3632/3632/3632 3635/3635/3635/3635 3636/3636/3636/3636
f 3631/3631/3631/3631 3630/3630/3630/3630 3637/3637/3637/3637
f 3637/3637/3637/3637 3638/3638/3638/3638 3631/3631/3631/3631
f 3639/3639/3639/3639 3629/3629/3629/3629 3631/3631/3631/3631
f 3640/3640/3640/3640 3633/3633/3633/3633 3641/3641/3641/3641
f 3628/3628/3628/3628 3642/3642/3642/3642 3639/3639/3639/3639
f 3626/3626/3626/3626 3643/3643/3643/3643 3627/3627/3627/3627
f 3644/3644/3644/3644 3645/3645/3645/3645 3646/3646/3646/3646
f 3647/3647/3647/3647 3648/3648/3648/3648 3649/3649/3649/3649
f 3650/3650/3650/3650 3651/3651/3651/3651 3652/3652/3652/3652
f 3653/3653/3653/3653 3654/3654/3654/3654 3655/3655/3655/3655
f 3656/3656/3656/3656 3657/3657/3657/3657 3658/3658/3658/3658
f 3655/3655/3655/3655 3659/3659/3659/3659 3644/3644/3644/3644
f 3653/3653/3653/3653 3655/3655/3655/3655 3644/3644/3644/3644
f 3653/3653/3653/3653 3660/3660/3660/3660 3661/3661/3661/3661
f 3661/3661/3661/3661 3662/3662/3662/3662 3653/3653/3653/3653
f 3663/3663/3663/3663 3664/3664/3664/3664 3660/3660/3660/3660
f 3665/3665/3665/3665 3666/3666/3666/3666 3667/3667/3667/3667
f 3668/3668/3668/3668 3669/3669/3669/3669 3670/3670/3670/3670
f 3671/3671/3671/3671 3672/3672/3672/3672 3673/3673/3673/3673
f 3674/3674/3674/3674 3675/3675/3675/3675 3676/3676/3676/3676
f 3677/3677/3677/3677 3678/3678/3678/3678 3674/3674/3674/3674
f 3677/3677/3677/3677 3679/3679/3679/3679 3678/3678/3678/3678
f 3680/3680/3680/3680 3681/3681/3681/3681 3677/3677/3677/3677
f 3682/3682/3682/3682 3680/3680/3680/3680 3677/3677/3677/3677
f 3682/3682/3682/3682 3683/3683/3683/3683 3680/3680/3680/3680
f 3684/3684/3684/3684 3685/3685/3685/3685 3682/3682/3682/3682
f 3686/3686/3686/3686 3687/3687/3687/3687 3688/3688/3688/3688
f 3689/3689/3689/3689 3690/3690/3690/3690 3691/3691/3691/3691
f 3686/3686/3686/3686 3692/3692/3692/3692 3693/3693/3693/3693
f 3694/3694/3694/3694 3695/3695/3695/3695 3696/3696/3696/3696
f 3697/3697/3697/3697 3694/3694/3694/3694 3696/3696/3696/3696
f 3698/3698/3698/3698 3699/3699/3699/3699 3697/3697/3697/3697
f 3691/3691/3691/3691 3698/3698/3698/3698 3689/3689/3689/3689
f 3689/3689/3689/3689 3700/3700/3700/3700 3690/3690/3690/3690
f 3689/3689/3689/3689 3701/3701/3701/3701 3700/3700/3700/3700
f 3702/3702/3702/3702 3703/3703/3703/3703 3687/3687/3687/3687
f 1465/1465/1465/1465 1466/1466/1466/1466 1472/1472/1472/1472
f 1458/1458/1458/1458 1456/1456/1456/1456 1457/1457/1457/1457
f 1468/1468/1468/1468 1470/1470/1470/1470 1466/1466/1466/1466
f 1472/1472/1472/1472 1458/1458/1458/1458 1457/1457/1457/1457
f 1470/1470/1470/1470 1472/1472/1472/1472 1466/1466/1466/1466
f 1470/1470/1470/1470 1471/1471/1471/1471 1472/1472/1472/1472
f 1468/1468/1468/1468 1469/1469/1469/1469 1470/1470/1470/1470
f 1457/1457/1457/1457 1465/1465/1465/1465 1472/1472/1472/1472
f 1466/1466/1466/1466 1467/1467/1467/1467 1468/1468/1468/1468
f 1424/1424/1424/1424 1425/1425/1425/1425 3704/3704/3704/3704
f 3704/3704/3704/3704 3705/3705/3705/3705 1424/1424/1424/1424
f 1428/1428/1428/1428 1427/1427/1427/1427 1450/1450/1450/1450
f 1407/1407/1407/1407 1406/1406/1406/1406 1445/1445/1445/1445
f 1403/1403/1403/1403 1402/1402/1402/1402 1401/1401/1401/1401
f 1396/1396/1396/1396 1395/1395/1395/1395 1399/1399/1399/1399
f 1427/1427/1427/1427 1395/1395/1395/1395 1450/1450/1450/1450
f 1398/1398/1398/1398 1397/1397/1397/1397 1396/1396/1396/1396
f 1399/1399/1399/1399 1395/1395/1395/1395 1426/1426/1426/1426
f 1399/1399/1399/1399 1398/1398/1398/1398 1396/1396/1396/1396
f 1399/1399/1399/1399 3706/3706/3706/3706 1394/1394/1394/1394
f 3707/3707/3707/3707 3706/3706/3706/3706 1399/1399/1399/1399
f 1426/1426/1426/1426 3707/3707/3707/3707 1399/1399/1399/1399
f 1395/1395/1395/1395 1427/1427/1427/1427 1426/1426/1426/1426
f 1429/1429/1429/1429 1428/1428/1428/1428 1450/1450/1450/1450
f 1453/1453/1453/1453 1429/1429/1429/1429 1450/1450/1450/1450
f 1431/1431/1431/1431 1430/1430/1430/1430 1401/1401/1401/1401
f 1432/1432/1432/1432 1431/1431/1431/1431 1401/1401/1401/1401
f 1400/1400/1400/1400 1393/1393/1393/1393 1432/1432/1432/1432
f 1401/1401/1401/1401 1400/1400/1400/1400 1432/1432/1432/1432
f 1401/1401/1401/1401 1430/1430/1430/1430 1403/1403/1403/1403
f 1405/1405/1405/1405 1404/1404/1404/1404 1454/1454/1454/1454
f 1430/1430/1430/1430 1429/1429/1429/1429 1453/1453/1453/1453
f 1403/1403/1403/1403 1453/1453/1453/1453 1404/1404/1404/1404
f 1405/1405/1405/1405 1454/1454/1454/1454 1446/1446/1446/1446
f 1408/1408/1408/1408 1443/1443/1443/1443 1442/1442/1442/1442
f 1445/1445/1445/1445 1444/1444/1444/1444 1407/1407/1407/1407
f 1443/1443/1443/1443 1408/1408/1408/1408 1407/1407/1407/1407
f 1407/1407/1407/1407 1444/1444/1444/1444 1443/1443/1443/1443
f 1446/1446/1446/1446 1445/1445/1445/1445 1406/1406/1406/1406
f 1454/1454/1454/1454 1449/1449/1449/1449 1446/1446/1446/1446
f 1446/1446/1446/1446 1406/1406/1406/1406 1405/1405/1405/1405
f 1404/1404/1404/1404 1455/1455/1455/1455 1454/1454/1454/1454
f 1453/1453/1453/1453 1403/1403/1403/1403 1430/1430/1430/1430
f 1452/1452/1452/1452 1455/1455/1455/1455 1404/1404/1404/1404
f 1453/1453/1453/1453 1452/1452/1452/1452 1404/1404/1404/1404
f 3708/3708/3708/3708 3709/3709/3709/3709 3710/3710/3710/3710
f 3710/3710/3710/3710 3711/3711/3711/3711 3708/3708/3708/3708
f 1395/1395/1395/1395 1451/1451/1451/1451 1450/1450/1450/1450
f 1434/1434/1434/1434 1409/1409/1409/1409 1408/1408/1408/1408
f 1434/1434/1434/1434 1433/1433/1433/1433 1409/1409/1409/1409
f 1409/1409/1409/1409 1433/1433/1433/1433 1410/1410/1410/1410
f 1486/1486/1486/1486 1485/1485/1485/1485 3712/3712/3712/3712
f 3712/3712/3712/3712 1447/1447/1447/1447 1486/1486/1486/1486
f 1495/1495/1495/1495 1439/1439/1439/1439 1438/1438/1438/1438
f 1418/1418/1418/1418 1417/1417/1417/1417 1496/1496/1496/1496
f 1437/1437/1437/1437 3713/3713/3713/3713 1438/1438/1438/1438
f 1495/1495/1495/1495 3713/3713/3713/3713 1451/1451/1451/1451
f 1449/1449/1449/1449 1451/1451/1451/1451 1446/1446/1446/1446
f 1438/1438/1438/1438 3713/3713/3713/3713 1495/1495/1495/1495
f 3713/3713/3713/3713 1446/1446/1446/1446 1451/1451/1451/1451
f 1448/1448/1448/1448 1436/1436/1436/1436 1442/1442/1442/1442
f 1436/1436/1436/1436 1448/1448/1448/1448 3713/3713/3713/3713
f 1442/1442/1442/1442 1443/1443/1443/1443 1448/1448/1448/1448
f 1442/1442/1442/1442 1436/1436/1436/1436 1435/1435/1435/1435
f 1435/1435/1435/1435 1408/1408/1408/1408 1442/1442/1442/1442
f 1408/1408/1408/1408 1435/1435/1435/1435 1434/1434/1434/1434
f 3713/3713/3713/3713 1437/1437/1437/1437 1436/1436/1436/1436
f 1495/1495/1495/1495 1416/1416/1416/1416 1415/1415/1415/1415
f 1415/1415/1415/1415 1440/1440/1440/1440 1495/1495/1495/1495
f 1440/1440/1440/1440 1439/1439/1439/1439 1495/1495/1495/1495
f 1440/1440/1440/1440 1415/1415/1415/1415 1441/1441/1441/1441
f 1416/1416/1416/1416 1496/1496/1496/1496 1417/1417/1417/1417
f 1496/1496/1496/1496 1416/1416/1416/1416 1495/1495/1495/1495
f 1494/1494/1494/1494 1493/1493/1493/1493 3714/3714/3714/3714
f 3714/3714/3714/3714 3715/3715/3715/3715 1494/1494/1494/1494
f 3716/3716/3716/3716 1484/1484/1484/1484 3717/3717/3717/3717
f 3717/3717/3717/3717 1484/1484/1484/1484 3718/3718/3718/3718
f 1473/1473/1473/1473 1475/1475/1475/1475 1476/1476/1476/1476
f 1459/1459/1459/1459 1481/1481/1481/1481 1462/1462/1462/1462
f 1462/1462/1462/1462 1461/1461/1461/1461 1459/1459/1459/1459
f 1481/1481/1481/1481 1477/1477/1477/1477 1479/1479/1479/1479
f 1476/1476/1476/1476 1459/1459/1459/1459 1473/1473/1473/1473
f 1481/1481/1481/1481 1459/1459/1459/1459 1476/1476/1476/1476
f 1481/1481/1481/1481 1464/1464/1464/1464 1462/1462/1462/1462
f 1479/1479/1479/1479 1480/1480/1480/1480 1481/1481/1481/1481
f 1477/1477/1477/1477 1478/1478/1478/1478 1479/1479/1479/1479
f 1476/1476/1476/1476 1477/1477/1477/1477 1481/1481/1481/1481
f 1473/1473/1473/1473 1474/1474/1474/1474 1475/1475/1475/1475
f 1461/1461/1461/1461 1460/1460/1460/1460 1459/1459/1459/1459
f 1463/1463/1463/1463 1462/1462/1462/1462 1464/1464/1464/1464
f 3719/3719/3719/3719 3720/3720/3720/3720 3721/3721/3721/3721
f 3722/3722/3722/3722 3721/3721/3721/3721 3720/3720/3720/3720
f 3723/3723/3723/3723 3724/3724/3724/3724 3725/3725/3725/3725
f 3725/3725/3725/3725 3726/3726/3726/3726 3723/3723/3723/3723
f 3017/3017/3017/3017 1411/1411/1411/1411 3018/3018/3018/3018
f 3018/3018/3018/3018 3019/3019/3019/3019 3017/3017/3017/3017
f 3727/3727/3727/3727 3728/3728/3728/3728 3729/3729/3729/3729
f 3729/3729/3729/3729 3730/3730/3730/3730 3727/3727/3727/3727
f 3731/3731/3731/3731 3732/3732/3732/3732 3733/3733/3733/3733
f 3733/3733/3733/3733 3734/3734/3734/3734 3731/3731/3731/3731
f 3735/3735/3735/3735 3736/3736/3736/3736 3737/3737/3737/3737
f 3737/3737/3737/3737 3738/3738/3738/3738 3735/3735/3735/3735
f 3020/3020/3020/3020 1412/1412/1412/1412 3739/3739/3739/3739
f 3739/3739/3739/3739 3740/3740/3740/3740 3020/3020/3020/3020
f 3741/3741/3741/3741 3742/3742/3742/3742 3743/3743/3743/3743
f 3744/3744/3744/3744 3743/3743/3743/3743 3742/3742/3742/3742
f 3745/3745/3745/3745 3746/3746/3746/3746 3747/3747/3747/3747
f 3747/3747/3747/3747 3748/3748/3748/3748 3745/3745/3745/3745
f 3749/3749/3749/3749 3750/3750/3750/3750 3751/3751/3751/3751
f 3751/3751/3751/3751 3752/3752/3752/3752 3749/3749/3749/3749
f 3021/3021/3021/3021 1413/1413/1413/1413 3753/3753/3753/3753
f 3753/3753/3753/3753 3754/3754/3754/3754 3021/3021/3021/3021
f 3755/3755/3755/3755 3756/3756/3756/3756 3757/3757/3757/3757
f 3758/3758/3758/3758 3757/3757/3757/3757 3756/3756/3756/3756
f 3759/3759/3759/3759 3760/3760/3760/3760 3761/3761/3761/3761
f 3761/3761/3761/3761 3762/3762/3762/3762 3759/3759/3759/3759
f 3763/3763/3763/3763 3764/3764/3764/3764 3765/3765/3765/3765
f 3765/3765/3765/3765 3764/3764/3764/3764 3766/3766/3766/3766
f 3767/3767/3767/3767 3768/3768/3768/3768 3769/3769/3769/3769
f 3769/3769/3769/3769 3770/3770/3770/3770 3767/3767/3767/3767
f 3022/3022/3022/3022 1414/1414/1414/1414 3771/3771/3771/3771
f 3771/3771/3771/3771 3772/3772/3772/3772 3022/3022/3022/3022
f 3773/3773/3773/3773 3774/3774/3774/3774 3775/3775/3775/3775
f 3775/3775/3775/3775 3776/3776/3776/3776 3773/3773/3773/3773
f 3777/3777/3777/3777 3778/3778/3778/3778 3779/3779/3779/3779
f 3779/3779/3779/3779 3780/3780/3780/3780 3777/3777/3777/3777
f 3023/3023/3023/3023 3024/3024/3024/3024 3781/3781/3781/3781
f 3781/3781/3781/3781 3782/3782/3782/3782 3023/3023/3023/3023
f 3783/3783/3783/3783 3784/3784/3784/3784 3785/3785/3785/3785
f 3785/3785/3785/3785 3786/3786/3786/3786 3783/3783/3783/3783
f 3787/3787/3787/3787 3788/3788/3788/3788 3789/3789/3789/3789
f 3789/3789/3789/3789 3790/3790/3790/3790 3787/3787/3787/3787
f 3791/3791/3791/3791 3792/3792/3792/3792 3793/3793/3793/3793
f 3793/3793/3793/3793 3794/3794/3794/3794 3791/3791/3791/3791
f 3025/3025/3025/3025 3026/3026/3026/3026 3027/3027/3027/3027
f 3027/3027/3027/3027 3028/3028/3028/3028 3025/3025/3025/3025
f 3795/3795/3795/3795 3796/3796/3796/3796 3797/3797/3797/3797
f 3798/3798/3798/3798 3797/3797/3797/3797 3796/3796/3796/3796
f 3799/3799/3799/3799 3800/3800/3800/3800 1487/1487/1487/1487
f 1487/1487/1487/1487 1482/1482/1482/1482 1483/1483/1483/1483
f 1487/1487/1487/1487 1483/1483/1483/1483 3799/3799/3799/3799
f 1483/1483/1483/1483 3801/3801/3801/3801 3799/3799/3799/3799
f 1488/1488/1488/1488 1489/1489/1489/1489 1490/1490/1490/1490
f 1489/1489/1489/1489 1488/1488/1488/1488 3802/3802/3802/3802
f 3802/3802/3802/3802 3803/3803/3803/3803 1491/1491/1491/1491
f 3802/3802/3802/3802 1492/1492/1492/1492 1489/1489/1489/1489
f 3802/3802/3802/3802 1491/1491/1491/1491 1492/1492/1492/1492
f 3804/3804/3804/3804 3805/3805/3805/3805 3806/3806/3806/3806
f 3806/3806/3806/3806 3807/3807/3807/3807 3804/3804/3804/3804
f 3808/3808/3808/3808 3809/3809/3809/3809 3810/3810/3810/3810
f 3810/3810/3810/3810 3809/3809/3809/3809 3811/3811/3811/3811
f 3812/3812/3812/3812 3813/3813/3813/3813 3814/3814/3814/3814
f 3814/3814/3814/3814 3815/3815/3815/3815 3812/3812/3812/3812
f 3816/3816/3816/3816 3808/3808/3808/3808 3810/3810/3810/3810
f 3810/3810/3810/3810 3817/3817/3817/3817 3816/3816/3816/3816
f 3818/3818/3818/3818 3819/3819/3819/3819 3820/3820/3820/3820
f 3820/3820/3820/3820 3819/3819/3819/3819 3821/3821/3821/3821
f 3807/3807/3807/3807 3806/3806/3806/3806 3822/3822/3822/3822
f 3822/3822/3822/3822 3823/3823/3823/3823 3807/3807/3807/3807
f 3824/3824/3824/3824 3825/3825/3825/3825 3826/3826/3826/3826
f 3826/3826/3826/3826 3827/3827/3827/3827 3824/3824/3824/3824
f 3828/3828/3828/3828 3814/3814/3814/3814 3813/3813/3813/3813
f 3814/3814/3814/3814 3828/3828/3828/3828 3829/3829/3829/3829
f 3826/3826/3826/3826 3830/3830/3830/3830 3831/3831/3831/3831
f 3831/3831/3831/3831 3827/3827/3827/3827 3826/3826/3826/3826
f 3832/3832/3832/3832 3818/3818/3818/3818 3833/3833/3833/3833
f 3833/3833/3833/3833 3818/3818/3818/3818 3820/3820/3820/3820
f 1511/1511/1511/1511 1509/1509/1509/1509 1512/1512/1512/1512
f 1512/1512/1512/1512 1503/1503/1503/1503 1508/1508/1508/1508
f 1506/1506/1506/1506 1505/1505/1505/1505 1504/1504/1504/1504
f 1508/1508/1508/1508 1507/1507/1507/1507 1510/1510/1510/1510
f 1504/1504/1504/1504 1512/1512/1512/1512 1506/1506/1506/1506
f 1501/1501/1501/1501 1508/1508/1508/1508 1503/1503/1503/1503
f 1502/1502/1502/1502 1501/1501/1501/1501 1503/1503/1503/1503
f 1504/1504/1504/1504 1503/1503/1503/1503 1512/1512/1512/1512
f 1506/1506/1506/1506 1512/1512/1512/1512 1509/1509/1509/1509
f 1510/1510/1510/1510 1512/1512/1512/1512 1508/1508/1508/1508
f 3834/3834/3834/3834 3835/3835/3835/3835 3836/3836/3836/3836
f 3836/3836/3836/3836 3837/3837/3837/3837 3834/3834/3834/3834
f 3029/3029/3029/3029 1421/1421/1421/1421 3030/3030/3030/3030
f 1421/1421/1421/1421 3029/3029/3029/3029 1422/1422/1422/1422
f 3838/3838/3838/3838 1499/1499/1499/1499 3839/3839/3839/3839
f 1499/1499/1499/1499 3838/3838/3838/3838 1500/1500/1500/1500
f 3031/3031/3031/3031 1419/1419/1419/1419 3032/3032/3032/3032
f 3032/3032/3032/3032 3033/3033/3033/3033 3031/3031/3031/3031
f 1497/1497/1497/1497 1423/1423/1423/1423 3034/3034/3034/3034
f 3034/3034/3034/3034 3035/3035/3035/3035 1497/1497/1497/1497
f 3840/3840/3840/3840 3841/3841/3841/3841 3842/3842/3842/3842
f 3842/3842/3842/3842 3843/3843/3843/3843 3840/3840/3840/3840
f 1498/1498/1498/1498 3844/3844/3844/3844 3845/3845/3845/3845
f 3845/3845/3845/3845 3846/3846/3846/3846 1498/1498/1498/1498
f 3036/3036/3036/3036 1420/1420/1420/1420 3847/3847/3847/3847
f 3847/3847/3847/3847 3848/3848/3848/3848 3036/3036/3036/3036
f 3037/3037/3037/3037 3038/3038/3038/3038 3039/3039/3039/3039
f 3038/3038/3038/3038 3037/3037/3037/3037 3040/3040/3040/3040
f 3849/3849/3849/3849 3850/3850/3850/3850 3851/3851/3851/3851
f 3851/3851/3851/3851 3852/3852/3852/3852 3849/3849/3849/3849
f 3853/3853/3853/3853 3854/3854/3854/3854 3855/3855/3855/3855
f 3855/3855/3855/3855 3856/3856/3856/3856 3853/3853/3853/3853
f 3857/3857/3857/3857 3858/3858/3858/3858 3041/3041/3041/3041
f 3041/3041/3041/3041 3859/3859/3859/3859 3857/3857/3857/3857
f 1524/1524/1524/1524 1523/1523/1523/1523 3042/3042/3042/3042
f 3042/3042/3042/3042 1523/1523/1523/1523 3043/3043/3043/3043
f 3044/3044/3044/3044 3045/3045/3045/3045 1516/1516/1516/1516
f 1517/1517/1517/1517 1516/1516/1516/1516 3045/3045/3045/3045
f 3739/3739/3739/3739 1412/1412/1412/1412 1531/1531/1531/1531
f 1532/1532/1532/1532 1531/1531/1531/1531 1412/1412/1412/1412
f 1525/1525/1525/1525 3860/3860/3860/3860 3861/3861/3861/3861
f 3861/3861/3861/3861 3046/3046/3046/3046 1525/1525/1525/1525
f 1518/1518/1518/1518 3862/3862/3862/3862 3047/3047/3047/3047
f 3047/3047/3047/3047 3862/3862/3862/3862 3863/3863/3863/3863
f 3753/3753/3753/3753 1413/1413/1413/1413 3864/3864/3864/3864
f 1533/1533/1533/1533 3864/3864/3864/3864 1413/1413/1413/1413
f 3865/3865/3865/3865 3048/3048/3048/3048 1526/1526/1526/1526
f 3048/3048/3048/3048 3865/3865/3865/3865 3866/3866/3866/3866
f 1519/1519/1519/1519 3867/3867/3867/3867 3049/3049/3049/3049
f 3049/3049/3049/3049 3867/3867/3867/3867 3868/3868/3868/3868
f 3771/3771/3771/3771 1414/1414/1414/1414 3869/3869/3869/3869
f 1534/1534/1534/1534 3869/3869/3869/3869 1414/1414/1414/1414
f 1527/1527/1527/1527 3870/3870/3870/3870 3050/3050/3050/3050
f 3050/3050/3050/3050 3870/3870/3870/3870 3871/3871/3871/3871
f 1520/1520/1520/1520 1513/1513/1513/1513 3051/3051/3051/3051
f 3051/3051/3051/3051 1513/1513/1513/1513 3052/3052/3052/3052
f 3781/3781/3781/3781 3024/3024/3024/3024 3872/3872/3872/3872
f 1535/1535/1535/1535 3872/3872/3872/3872 3024/3024/3024/3024
f 1528/1528/1528/1528 3873/3873/3873/3873 3053/3053/3053/3053
f 3053/3053/3053/3053 3873/3873/3873/3873 3874/3874/3874/3874
f 3875/3875/3875/3875 3054/3054/3054/3054 3876/3876/3876/3876
f 1521/1521/1521/1521 3876/3876/3876/3876 3054/3054/3054/3054
f 1536/1536/1536/1536 3055/3055/3055/3055 3877/3877/3877/3877
f 3877/3877/3877/3877 3055/3055/3055/3055 3878/3878/3878/3878
f 3027/3027/3027/3027 3026/3026/3026/3026 1514/1514/1514/1514
f 3056/3056/3056/3056 1514/1514/1514/1514 3026/3026/3026/3026
f 3879/3879/3879/3879 3057/3057/3057/3057 3880/3880/3880/3880
f 1529/1529/1529/1529 3880/3880/3880/3880 3057/3057/3057/3057
f 3881/3881/3881/3881 3058/3058/3058/3058 1522/1522/1522/1522
f 1522/1522/1522/1522 3882/3882/3882/3882 3881/3881/3881/3881
f 1537/1537/1537/1537 3883/3883/3883/3883 3884/3884/3884/3884
f 3884/3884/3884/3884 3883/3883/3883/3883 3885/3885/3885/3885
f 1515/1515/1515/1515 3059/3059/3059/3059 3060/3060/3060/3060
f 3059/3059/3059/3059 1515/1515/1515/1515 3061/3061/3061/3061
f 1530/1530/1530/1530 3886/3886/3886/3886 3062/3062/3062/3062
f 3062/3062/3062/3062 3886/3886/3886/3886 3887/3887/3887/3887
f 3888/3888/3888/3888 3889/3889/3889/3889 3890/3890/3890/3890
f 3891/3891/3891/3891 3890/3890/3890/3890 3889/3889/3889/3889
f 1538/1538/1538/1538 3892/3892/3892/3892 3893/3893/3893/3893
f 3893/3893/3893/3893 3892/3892/3892/3892 3894/3894/3894/3894
f 3895/3895/3895/3895 3063/3063/3063/3063 3064/3064/3064/3064
f 3063/3063/3063/3063 3895/3895/3895/3895 3896/3896/3896/3896
f 3018/3018/3018/3018 1411/1411/1411/1411 3065/3065/3065/3065
f 3897/3897/3897/3897 3065/3065/3065/3065 1411/1411/1411/1411
f 1611/1611/1611/1611 1603/1603/1603/1603 1618/1618/1618/1618
f 1603/1603/1603/1603 1602/1602/1602/1602 1604/1604/1604/1604
f 1612/1612/1612/1612 1618/1618/1618/1618 1616/1616/1616/1616
f 1614/1614/1614/1614 1612/1612/1612/1612 1616/1616/1616/1616
f 1603/1603/1603/1603 1604/1604/1604/1604 1618/1618/1618/1618
f 1612/1612/1612/1612 1611/1611/1611/1611 1618/1618/1618/1618
f 1614/1614/1614/1614 1613/1613/1613/1613 1612/1612/1612/1612
f 1616/1616/1616/1616 1615/1615/1615/1615 1614/1614/1614/1614
f 1618/1618/1618/1618 1617/1617/1617/1617 1616/1616/1616/1616
f 1570/1570/1570/1570 3898/3898/3898/3898 3899/3899/3899/3899
f 3899/3899/3899/3899 1571/1571/1571/1571 1570/1570/1570/1570
f 1554/1554/1554/1554 1588/1588/1588/1588 1589/1589/1589/1589
f 1592/1592/1592/1592 1600/1600/1600/1600 1551/1551/1551/1551
f 1601/1601/1601/1601 1598/1598/1598/1598 1550/1550/1550/1550
f 1546/1546/1546/1546 1547/1547/1547/1547 1578/1578/1578/1578
f 1599/1599/1599/1599 1596/1596/1596/1596 1575/1575/1575/1575
f 1545/1545/1545/1545 1541/1541/1541/1541 1542/1542/1542/1542
f 1578/1578/1578/1578 1539/1539/1539/1539 1546/1546/1546/1546
f 1542/1542/1542/1542 1543/1543/1543/1543 1544/1544/1544/1544
f 1552/1552/1552/1552 1591/1591/1591/1591 1592/1592/1592/1592
f 1550/1550/1550/1550 1551/1551/1551/1551 1600/1600/1600/1600
f 1576/1576/1576/1576 1547/1547/1547/1547 1549/1549/1549/1549
f 1600/1600/1600/1600 1601/1601/1601/1601 1550/1550/1550/1550
f 1592/1592/1592/1592 1595/1595/1595/1595 1600/1600/1600/1600
f 1591/1591/1591/1591 1552/1552/1552/1552 1553/1553/1553/1553
f 1553/1553/1553/1553 1554/1554/1554/1554 1589/1589/1589/1589
f 1589/1589/1589/1589 1590/1590/1590/1590 1553/1553/1553/1553
f 1553/1553/1553/1553 1590/1590/1590/1590 1591/1591/1591/1591
f 1551/1551/1551/1551 1552/1552/1552/1552 1592/1592/1592/1592
f 1550/1550/1550/1550 1598/1598/1598/1598 1599/1599/1599/1599
f 1549/1549/1549/1549 1547/1547/1547/1547 1548/1548/1548/1548
f 1549/1549/1549/1549 1599/1599/1599/1599 1576/1576/1576/1576
f 1550/1550/1550/1550 1599/1599/1599/1599 1549/1549/1549/1549
f 3900/3900/3900/3900 3901/3901/3901/3901 1545/1545/1545/1545
f 1576/1576/1576/1576 1577/1577/1577/1577 1547/1547/1547/1547
f 1547/1547/1547/1547 1577/1577/1577/1577 1578/1578/1578/1578
f 1575/1575/1575/1575 1576/1576/1576/1576 1599/1599/1599/1599
f 1596/1596/1596/1596 1541/1541/1541/1541 1573/1573/1573/1573
f 1596/1596/1596/1596 1574/1574/1574/1574 1575/1575/1575/1575
f 1572/1572/1572/1572 1541/1541/1541/1541 1545/1545/1545/1545
f 1573/1573/1573/1573 1574/1574/1574/1574 1596/1596/1596/1596
f 1541/1541/1541/1541 1572/1572/1572/1572 1573/1573/1573/1573
f 1545/1545/1545/1545 3901/3901/3901/3901 1572/1572/1572/1572
f 1540/1540/1540/1540 3900/3900/3900/3900 1545/1545/1545/1545
f 1544/1544/1544/1544 1545/1545/1545/1545 1542/1542/1542/1542
f 3902/3902/3902/3902 3903/3903/3903/3903 3904/3904/3904/3904
f 3902/3902/3902/3902 3905/3905/3905/3905 3903/3903/3903/3903
f 1541/1541/1541/1541 1596/1596/1596/1596 1597/1597/1597/1597
f 1579/1579/1579/1579 1580/1580/1580/1580 1555/1555/1555/1555
f 1556/1556/1556/1556 1579/1579/1579/1579 1555/1555/1555/1555
f 1580/1580/1580/1580 1554/1554/1554/1554 1555/1555/1555/1555
f 1632/1632/1632/1632 1593/1593/1593/1593 3906/3906/3906/3906
f 3906/3906/3906/3906 1631/1631/1631/1631 1632/1632/1632/1632
f 1641/1641/1641/1641 1586/1586/1586/1586 1561/1561/1561/1561
f 1563/1563/1563/1563 1564/1564/1564/1564 1642/1642/1642/1642
f 1597/1597/1597/1597 1592/1592/1592/1592 3907/3907/3907/3907
f 1584/1584/1584/1584 1641/1641/1641/1641 3907/3907/3907/3907
f 1641/1641/1641/1641 1562/1562/1562/1562 1642/1642/1642/1642
f 1642/1642/1642/1642 1562/1562/1562/1562 1563/1563/1563/1563
f 1561/1561/1561/1561 1562/1562/1562/1562 1641/1641/1641/1641
f 1587/1587/1587/1587 1561/1561/1561/1561 1586/1586/1586/1586
f 1584/1584/1584/1584 1585/1585/1585/1585 1641/1641/1641/1641
f 1641/1641/1641/1641 1585/1585/1585/1585 1586/1586/1586/1586
f 1582/1582/1582/1582 1583/1583/1583/1583 3907/3907/3907/3907
f 3907/3907/3907/3907 1594/1594/1594/1594 1582/1582/1582/1582
f 1581/1581/1581/1581 1554/1554/1554/1554 1580/1580/1580/1580
f 1594/1594/1594/1594 1588/1588/1588/1588 1582/1582/1582/1582
f 1581/1581/1581/1581 1582/1582/1582/1582 1588/1588/1588/1588
f 1588/1588/1588/1588 1554/1554/1554/1554 1581/1581/1581/1581
f 1589/1589/1589/1589 1588/1588/1588/1588 1594/1594/1594/1594
f 1592/1592/1592/1592 1597/1597/1597/1597 1595/1595/1595/1595
f 1583/1583/1583/1583 1584/1584/1584/1584 3907/3907/3907/3907
f 1597/1597/1597/1597 3907/3907/3907/3907 1641/1641/1641/1641
f 1640/1640/1640/1640 3908/3908/3908/3908 3909/3909/3909/3909
f 3909/3909/3909/3909 1639/1639/1639/1639 1640/1640/1640/1640
f 3910/3910/3910/3910 3911/3911/3911/3911 1630/1630/1630/1630
f 3911/3911/3911/3911 3912/3912/3912/3912 1630/1630/1630/1630
f 1605/1605/1605/1605 1608/1608/1608/1608 1627/1627/1627/1627
f 1621/1621/1621/1621 1620/1620/1620/1620 1619/1619/1619/1619
f 1625/1625/1625/1625 1623/1623/1623/1623 1627/1627/1627/1627
f 1610/1610/1610/1610 1608/1608/1608/1608 1609/1609/1609/1609
f 1605/1605/1605/1605 1607/1607/1607/1607 1608/1608/1608/1608
f 1605/1605/1605/1605 1606/1606/1606/1606 1607/1607/1607/1607
f 1622/1622/1622/1622 1605/1605/1605/1605 1627/1627/1627/1627
f 1619/1619/1619/1619 1605/1605/1605/1605 1622/1622/1622/1622
f 1622/1622/1622/1622 1621/1621/1621/1621 1619/1619/1619/1619
f 1623/1623/1623/1623 1622/1622/1622/1622 1627/1627/1627/1627
f 1625/1625/1625/1625 1624/1624/1624/1624 1623/1623/1623/1623
f 1610/1610/1610/1610 1627/1627/1627/1627 1608/1608/1608/1608
f 1627/1627/1627/1627 1626/1626/1626/1626 1625/1625/1625/1625
f 3913/3913/3913/3913 3914/3914/3914/3914 3915/3915/3915/3915
f 3913/3913/3913/3913 3916/3916/3916/3916 3914/3914/3914/3914
f 3917/3917/3917/3917 3918/3918/3918/3918 3919/3919/3919/3919
f 3917/3917/3917/3917 3920/3920/3920/3920 3918/3918/3918/3918
f 3066/3066/3066/3066 3067/3067/3067/3067 1557/1557/1557/1557
f 3066/3066/3066/3066 3068/3068/3068/3068 3067/3067/3067/3067
f 3921/3921/3921/3921 3922/3922/3922/3922 3923/3923/3923/3923
f 3921/3921/3921/3921 3924/3924/3924/3924 3922/3922/3922/3922
f 3925/3925/3925/3925 3926/3926/3926/3926 3927/3927/3927/3927
f 3927/3927/3927/3927 3928/3928/3928/3928 3925/3925/3925/3925
f 3929/3929/3929/3929 3930/3930/3930/3930 3931/3931/3931/3931
f 3929/3929/3929/3929 3932/3932/3932/3932 3930/3930/3930/3930
f 3069/3069/3069/3069 3933/3933/3933/3933 1558/1558/1558/1558
f 3069/3069/3069/3069 3934/3934/3934/3934 3933/3933/3933/3933
f 3935/3935/3935/3935 3936/3936/3936/3936 3937/3937/3937/3937
f 3937/3937/3937/3937 3938/3938/3938/3938 3935/3935/3935/3935
f 3939/3939/3939/3939 3940/3940/3940/3940 3941/3941/3941/3941
f 3939/3939/3939/3939 3942/3942/3942/3942 3940/3940/3940/3940
f 3943/3943/3943/3943 3944/3944/3944/3944 3945/3945/3945/3945
f 3943/3943/3943/3943 3946/3946/3946/3946 3944/3944/3944/3944
f 3070/3070/3070/3070 3947/3947/3947/3947 1559/1559/1559/1559
f 3070/3070/3070/3070 3948/3948/3948/3948 3947/3947/3947/3947
f 3949/3949/3949/3949 3950/3950/3950/3950 3951/3951/3951/3951
f 3949/3949/3949/3949 3952/3952/3952/3952 3950/3950/3950/3950
f 3953/3953/3953/3953 3954/3954/3954/3954 3955/3955/3955/3955
f 3953/3953/3953/3953 3956/3956/3956/3956 3954/3954/3954/3954
f 3957/3957/3957/3957 3958/3958/3958/3958 3959/3959/3959/3959
f 3959/3959/3959/3959 3960/3960/3960/3960 3957/3957/3957/3957
f 3961/3961/3961/3961 3962/3962/3962/3962 3963/3963/3963/3963
f 3961/3961/3961/3961 3964/3964/3964/3964 3962/3962/3962/3962
f 3071/3071/3071/3071 3965/3965/3965/3965 1560/1560/1560/1560
f 3071/3071/3071/3071 3966/3966/3966/3966 3965/3965/3965/3965
f 3967/3967/3967/3967 3968/3968/3968/3968 3969/3969/3969/3969
f 3969/3969/3969/3969 3970/3970/3970/3970 3967/3967/3967/3967
f 3971/3971/3971/3971 3972/3972/3972/3972 3973/3973/3973/3973
f 3973/3973/3973/3973 3974/3974/3974/3974 3971/3971/3971/3971
f 3072/3072/3072/3072 3975/3975/3975/3975 3073/3073/3073/3073
f 3072/3072/3072/3072 3976/3976/3976/3976 3975/3975/3975/3975
f 3977/3977/3977/3977 3978/3978/3978/3978 3979/3979/3979/3979
f 3977/3977/3977/3977 3980/3980/3980/3980 3978/3978/3978/3978
f 3981/3981/3981/3981 3982/3982/3982/3982 3983/3983/3983/3983
f 3983/3983/3983/3983 3984/3984/3984/3984 3981/3981/3981/3981
f 3985/3985/3985/3985 3986/3986/3986/3986 3987/3987/3987/3987
f 3987/3987/3987/3987 3988/3988/3988/3988 3985/3985/3985/3985
f 3074/3074/3074/3074 3075/3075/3075/3075 3076/3076/3076/3076
f 3074/3074/3074/3074 3077/3077/3077/3077 3075/3075/3075/3075
f 3989/3989/3989/3989 3990/3990/3990/3990 3991/3991/3991/3991
f 3989/3989/3989/3989 3992/3992/3992/3992 3990/3990/3990/3990
f 3993/3993/3993/3993 3994/3994/3994/3994 1629/1629/1629/1629
f 1629/1629/1629/1629 1633/1633/1633/1633 3993/3993/3993/3993
f 1633/1633/1633/1633 1629/1629/1629/1629 1628/1628/1628/1628
f 3993/3993/3993/3993 1633/1633/1633/1633 3995/3995/3995/3995
f 1634/1634/1634/1634 1636/1636/1636/1636 1635/1635/1635/1635
f 3996/3996/3996/3996 1634/1634/1634/1634 1635/1635/1635/1635
f 1635/1635/1635/1635 1638/1638/1638/1638 3996/3996/3996/3996
f 3996/3996/3996/3996 1638/1638/1638/1638 1637/1637/1637/1637
f 1637/1637/1637/1637 3997/3997/3997/3997 3996/3996/3996/3996
f 3998/3998/3998/3998 3999/3999/3999/3999 4000/4000/4000/4000
f 3998/3998/3998/3998 4001/4001/4001/4001 3999/3999/3999/3999
f 4002/4002/4002/4002 4003/4003/4003/4003 4004/4004/4004/4004
f 4003/4003/4003/4003 4005/4005/4005/4005 4004/4004/4004/4004
f 4006/4006/4006/4006 4007/4007/4007/4007 4008/4008/4008/4008
f 4008/4008/4008/4008 4009/4009/4009/4009 4006/4006/4006/4006
f 4010/4010/4010/4010 4011/4011/4011/4011 4003/4003/4003/4003
f 4003/4003/4003/4003 4002/4002/4002/4002 4010/4010/4010/4010
f 4012/4012/4012/4012 4013/4013/4013/4013 4014/4014/4014/4014
f 4013/4013/4013/4013 4015/4015/4015/4015 4014/4014/4014/4014
f 4001/4001/4001/4001 4016/4016/4016/4016 3999/3999/3999/3999
f 4001/4001/4001/4001 4017/4017/4017/4017 4016/4016/4016/4016
f 4018/4018/4018/4018 4019/4019/4019/4019 4020/4020/4020/4020
f 4018/4018/4018/4018 4021/4021/4021/4021 4019/4019/4019/4019
f 4009/4009/4009/4009 4008/4008/4008/4008 4022/4022/4022/4022
f 4008/4008/4008/4008 4023/4023/4023/4023 4022/4022/4022/4022
f 4019/4019/4019/4019 4021/4021/4021/4021 4024/4024/4024/4024
f 4024/4024/4024/4024 4025/4025/4025/4025 4019/4019/4019/4019
f 4026/4026/4026/4026 4027/4027/4027/4027 4012/4012/4012/4012
f 4027/4027/4027/4027 4013/4013/4013/4013 4012/4012/4012/4012
f 1658/1658/1658/1658 1652/1652/1652/1652 1655/1655/1655/1655
f 1658/1658/1658/1658 1656/1656/1656/1656 1654/1654/1654/1654
f 1654/1654/1654/1654 1647/1647/1647/1647 1649/1649/1649/1649
f 1650/1650/1650/1650 1651/1651/1651/1651 1652/1652/1652/1652
f 1655/1655/1655/1655 1657/1657/1657/1657 1658/1658/1658/1658
f 1652/1652/1652/1652 1658/1658/1658/1658 1650/1650/1650/1650
f 1649/1649/1649/1649 1658/1658/1658/1658 1654/1654/1654/1654
f 1658/1658/1658/1658 1649/1649/1649/1649 1650/1650/1650/1650
f 1647/1647/1647/1647 1648/1648/1648/1648 1649/1649/1649/1649
f 1653/1653/1653/1653 1654/1654/1654/1654 1656/1656/1656/1656
f 4028/4028/4028/4028 4029/4029/4029/4029 4030/4030/4030/4030
f 4028/4028/4028/4028 4031/4031/4031/4031 4029/4029/4029/4029
f 3078/3078/3078/3078 1567/1567/1567/1567 3079/3079/3079/3079
f 1567/1567/1567/1567 1568/1568/1568/1568 3079/3079/3079/3079
f 4032/4032/4032/4032 1645/1645/1645/1645 4033/4033/4033/4033
f 1645/1645/1645/1645 1646/1646/1646/1646 4033/4033/4033/4033
f 3080/3080/3080/3080 3081/3081/3081/3081 1565/1565/1565/1565
f 3080/3080/3080/3080 3082/3082/3082/3082 3081/3081/3081/3081
f 1643/1643/1643/1643 3083/3083/3083/3083 3084/3084/3084/3084
f 3084/3084/3084/3084 1569/1569/1569/1569 1643/1643/1643/1643
f 4034/4034/4034/4034 4035/4035/4035/4035 4036/4036/4036/4036
f 4034/4034/4034/4034 4037/4037/4037/4037 4035/4035/4035/4035
f 1644/1644/1644/1644 4038/4038/4038/4038 4039/4039/4039/4039
f 4039/4039/4039/4039 4040/4040/4040/4040 1644/1644/1644/1644
f 3085/3085/3085/3085 4041/4041/4041/4041 1566/1566/1566/1566
f 3085/3085/3085/3085 4042/4042/4042/4042 4041/4041/4041/4041
f 3086/3086/3086/3086 3087/3087/3087/3087 3088/3088/3088/3088
f 3087/3087/3087/3087 3089/3089/3089/3089 3088/3088/3088/3088
f 4043/4043/4043/4043 4044/4044/4044/4044 4045/4045/4045/4045
f 4045/4045/4045/4045 4046/4046/4046/4046 4043/4043/4043/4043
f 4047/4047/4047/4047 4048/4048/4048/4048 4049/4049/4049/4049
f 4049/4049/4049/4049 4050/4050/4050/4050 4047/4047/4047/4047
f 4051/4051/4051/4051 3090/3090/3090/3090 4052/4052/4052/4052
f 4051/4051/4051/4051 4053/4053/4053/4053 3090/3090/3090/3090
f 1670/1670/1670/1670 3091/3091/3091/3091 1669/1669/1669/1669
f 3091/3091/3091/3091 3092/3092/3092/3092 1669/1669/1669/1669
f 3093/3093/3093/3093 1662/1662/1662/1662 1663/1663/1663/1663
f 3093/3093/3093/3093 3094/3094/3094/3094 1662/1662/1662/1662
f 1558/1558/1558/1558 1677/1677/1677/1677 1678/1678/1678/1678
f 1558/1558/1558/1558 3933/3933/3933/3933 1677/1677/1677/1677
f 1671/1671/1671/1671 3095/3095/3095/3095 4054/4054/4054/4054
f 4054/4054/4054/4054 4055/4055/4055/4055 1671/1671/1671/1671
f 1664/1664/1664/1664 3096/3096/3096/3096 4056/4056/4056/4056
f 3096/3096/3096/3096 4057/4057/4057/4057 4056/4056/4056/4056
f 4058/4058/4058/4058 1679/1679/1679/1679 1559/1559/1559/1559
f 1559/1559/1559/1559 3947/3947/3947/3947 4058/4058/4058/4058
f 1672/1672/1672/1672 3097/3097/3097/3097 4059/4059/4059/4059
f 3097/3097/3097/3097 4060/4060/4060/4060 4059/4059/4059/4059
f 1665/1665/1665/1665 3098/3098/3098/3098 4061/4061/4061/4061
f 3098/3098/3098/3098 4062/4062/4062/4062 4061/4061/4061/4061
f 4063/4063/4063/4063 1680/1680/1680/1680 1560/1560/1560/1560
f 1560/1560/1560/1560 3965/3965/3965/3965 4063/4063/4063/4063
f 4064/4064/4064/4064 1673/1673/1673/1673 3099/3099/3099/3099
f 3099/3099/3099/3099 4065/4065/4065/4065 4064/4064/4064/4064
f 1666/1666/1666/1666 3100/3100/3100/3100 1659/1659/1659/1659
f 3100/3100/3100/3100 3101/3101/3101/3101 1659/1659/1659/1659
f 3073/3073/3073/3073 4066/4066/4066/4066 1681/1681/1681/1681
f 3073/3073/3073/3073 3975/3975/3975/3975 4066/4066/4066/4066
f 1674/1674/1674/1674 3102/3102/3102/3102 4067/4067/4067/4067
f 3102/3102/3102/3102 4068/4068/4068/4068 4067/4067/4067/4067
f 4069/4069/4069/4069 1667/1667/1667/1667 3103/3103/3103/3103
f 3103/3103/3103/3103 4070/4070/4070/4070 4069/4069/4069/4069
f 3104/3104/3104/3104 1682/1682/1682/1682 4071/4071/4071/4071
f 4071/4071/4071/4071 4072/4072/4072/4072 3104/3104/3104/3104
f 3076/3076/3076/3076 1660/1660/1660/1660 3105/3105/3105/3105
f 3076/3076/3076/3076 3075/3075/3075/3075 1660/1660/1660/1660
f 3106/3106/3106/3106 4073/4073/4073/4073 1675/1675/1675/1675
f 3106/3106/3106/3106 4074/4074/4074/4074 4073/4073/4073/4073
f 1668/1668/1668/1668 3107/3107/3107/3107 4075/4075/4075/4075
f 4075/4075/4075/4075 4076/4076/4076/4076 1668/1668/1668/1668
f 4077/4077/4077/4077 1683/1683/1683/1683 4078/4078/4078/4078
f 4078/4078/4078/4078 4079/4079/4079/4079 4077/4077/4077/4077
f 3108/3108/3108/3108 3109/3109/3109/3109 1661/1661/1661/1661
f 3109/3109/3109/3109 3110/3110/3110/3110 1661/1661/1661/1661
f 1676/1676/1676/1676 3111/3111/3111/3111 4080/4080/4080/4080
f 3111/3111/3111/3111 4081/4081/4081/4081 4080/4080/4080/4080
f 4082/4082/4082/4082 4083/4083/4083/4083 4084/4084/4084/4084
f 4082/4082/4082/4082 4085/4085/4085/4085 4083/4083/4083/4083
f 1684/1684/1684/1684 4086/4086/4086/4086 4087/4087/4087/4087
f 4086/4086/4086/4086 4088/4088/4088/4088 4087/4087/4087/4087
f 4089/4089/4089/4089 3112/3112/3112/3112 3113/3113/3113/3113
f 3113/3113/3113/3113 4090/4090/4090/4090 4089/4089/4089/4089
f 3114/3114/3114/3114 4091/4091/4091/4091 1557/1557/1557/1557
f 1557/1557/1557/1557 3067/3067/3067/3067 3114/3114/3114/3114
f 890/890/890/890 2574/2574/2574/2574 1686/1686/1686/1686
f 2574/2574/2574/2574 1687/1687/1687/1687 1686/1686/1686/1686
f 2099/2099/2099/2099 890/890/890/890 1685/1685/1685/1685
f 890/890/890/890 1686/1686/1686/1686 1685/1685/1685/1685
